dataset	offset_bp	p_in_nuc	denom
m6a_200 sperm	0	0.6000000000000001	184577
m6a_200 sperm	1	0.8	184577
m6a_200 sperm	2	1.0	184577
m6a_200 sperm	3	1.0	184577
m6a_200 sperm	4	1.0	184577
m6a_200 sperm	5	1.0	184577
m6a_200 sperm	6	1.0	184577
m6a_200 sperm	7	1.0	184577
m6a_200 sperm	8	1.0	184577
m6a_200 sperm	9	1.0	184577
m6a_200 sperm	10	1.0	184577
m6a_200 sperm	11	1.0	184577
m6a_200 sperm	12	1.0	184577
m6a_200 sperm	13	1.0	184577
m6a_200 sperm	14	1.0	184577
m6a_200 sperm	15	1.0	184577
m6a_200 sperm	16	1.0	184577
m6a_200 sperm	17	1.0	184577
m6a_200 sperm	18	1.0	184577
m6a_200 sperm	19	1.0	184577
m6a_200 sperm	20	1.0	184577
m6a_200 sperm	21	1.0	184577
m6a_200 sperm	22	1.0	184577
m6a_200 sperm	23	1.0	184577
m6a_200 sperm	24	1.0	184577
m6a_200 sperm	25	1.0	184577
m6a_200 sperm	26	1.0	184577
m6a_200 sperm	27	1.0	184577
m6a_200 sperm	28	1.0	184577
m6a_200 sperm	29	1.0	184577
m6a_200 sperm	30	1.0	184577
m6a_200 sperm	31	1.0	184577
m6a_200 sperm	32	1.0	184577
m6a_200 sperm	33	1.0	184577
m6a_200 sperm	34	1.0	184577
m6a_200 sperm	35	1.0	184577
m6a_200 sperm	36	1.0	184577
m6a_200 sperm	37	1.0	184577
m6a_200 sperm	38	1.0	184577
m6a_200 sperm	39	1.0	184577
m6a_200 sperm	40	1.0	184577
m6a_200 sperm	41	1.0	184577
m6a_200 sperm	42	1.0	184577
m6a_200 sperm	43	1.0	184577
m6a_200 sperm	44	1.0	184577
m6a_200 sperm	45	1.0	184577
m6a_200 sperm	46	1.0	184577
m6a_200 sperm	47	1.0	184577
m6a_200 sperm	48	1.0	184577
m6a_200 sperm	49	1.0	184577
m6a_200 sperm	50	1.0	184577
m6a_200 sperm	51	1.0	184577
m6a_200 sperm	52	1.0	184577
m6a_200 sperm	53	1.0	184577
m6a_200 sperm	54	1.0	184577
m6a_200 sperm	55	1.0	184577
m6a_200 sperm	56	1.0	184577
m6a_200 sperm	57	1.0	184577
m6a_200 sperm	58	1.0	184577
m6a_200 sperm	59	1.0	184577
m6a_200 sperm	60	1.0	184577
m6a_200 sperm	61	1.0	184577
m6a_200 sperm	62	1.0	184577
m6a_200 sperm	63	1.0	184577
m6a_200 sperm	64	1.0	184577
m6a_200 sperm	65	1.0	184577
m6a_200 sperm	66	1.0	184577
m6a_200 sperm	67	1.0	184577
m6a_200 sperm	68	1.0	184577
m6a_200 sperm	69	1.0	184577
m6a_200 sperm	70	1.0	184577
m6a_200 sperm	71	1.0	184577
m6a_200 sperm	72	1.0	184577
m6a_200 sperm	73	1.0	184577
m6a_200 sperm	74	1.0	184577
m6a_200 sperm	75	1.0	184577
m6a_200 sperm	76	1.0	184577
m6a_200 sperm	77	1.0	184577
m6a_200 sperm	78	1.0	184577
m6a_200 sperm	79	1.0	184577
m6a_200 sperm	80	1.0	184577
m6a_200 sperm	81	1.0	184577
m6a_200 sperm	82	1.0	184577
m6a_200 sperm	83	1.0	184577
m6a_200 sperm	84	1.0	184577
m6a_200 sperm	85	1.0	184577
m6a_200 sperm	86	1.0	184577
m6a_200 sperm	87	1.0	184577
m6a_200 sperm	88	0.9976183381461396	184577
m6a_200 sperm	89	0.9928593486729117	184577
m6a_200 sperm	90	0.9856406811249506	184577
m6a_200 sperm	91	0.9761107830336391	184577
m6a_200 sperm	92	0.9643281665646316	184577
m6a_200 sperm	93	0.9526029787026553	184577
m6a_200 sperm	94	0.9411064217101806	184577
m6a_200 sperm	95	0.9299544363598933	184577
m6a_200 sperm	96	0.9188891356994643	184577
m6a_200 sperm	97	0.9080134577981005	184577
m6a_200 sperm	98	0.8973674943248617	184577
m6a_200 sperm	99	0.886905735817572	184577
m6a_200 sperm	100	0.8764884032138348	184577
m6a_200 sperm	101	0.8662065154380015	184577
m6a_200 sperm	102	0.8558650319378905	184577
m6a_200 sperm	103	0.8456026482172753	184577
m6a_200 sperm	104	0.8351170514202745	184577
m6a_200 sperm	105	0.8245393521402992	184577
m6a_200 sperm	106	0.8139746555638027	184577
m6a_200 sperm	107	0.8034717218288302	184577
m6a_200 sperm	108	0.7929091923695801	184577
m6a_200 sperm	109	0.782529784317656	184577
m6a_200 sperm	110	0.7722804033005196	184577
m6a_200 sperm	111	0.762039690752369	184577
m6a_200 sperm	112	0.751792476852479	184577
m6a_200 sperm	113	0.7415756025940393	184577
m6a_200 sperm	114	0.7312417040042909	184577
m6a_200 sperm	115	0.720947897083602	184577
m6a_200 sperm	116	0.7106995996250887	184577
m6a_200 sperm	117	0.7005661593806378	184577
m6a_200 sperm	118	0.690474977922493	184577
m6a_200 sperm	119	0.680439057954133	184577
m6a_200 sperm	120	0.6704540652410647	184577
m6a_200 sperm	121	0.6605568407764781	184577
m6a_200 sperm	122	0.650623858877325	184577
m6a_200 sperm	123	0.6405673512951233	184577
m6a_200 sperm	124	0.6304729191611089	184577
m6a_200 sperm	125	0.6203383953580348	184577
m6a_200 sperm	126	0.6102808042172101	184577
m6a_200 sperm	127	0.6002838923592864	184577
m6a_200 sperm	128	0.5905470345709378	184577
m6a_200 sperm	129	0.5810084680106405	184577
m6a_200 sperm	130	0.5715858422230289	184577
m6a_200 sperm	131	0.5621372110284597	184577
m6a_200 sperm	132	0.5527048332132389	184577
m6a_200 sperm	133	0.5433071292739615	184577
m6a_200 sperm	134	0.5340210318728769	184577
m6a_200 sperm	135	0.524681840099254	184577
m6a_200 sperm	136	0.5153979098154159	184577
m6a_200 sperm	137	0.5062667612974532	184577
m6a_200 sperm	138	0.49721254544173976	184577
m6a_200 sperm	139	0.4882060061654486	184577
m6a_200 sperm	140	0.47952670159337296	184577
m6a_200 sperm	141	0.4710326855458698	184577
m6a_200 sperm	142	0.4627001197332279	184577
m6a_200 sperm	143	0.4544704919897929	184577
m6a_200 sperm	144	0.4462419478049811	184577
m6a_200 sperm	145	0.4379473065441523	184577
m6a_200 sperm	146	0.4296613337523093	184577
m6a_200 sperm	147	0.4214425415951067	184577
m6a_200 sperm	148	0.41335919426580775	184577
m6a_200 sperm	149	0.4054318793782541	184577
m6a_200 sperm	150	0.3977873732913635	184577
m6a_200 sperm	151	0.3903769158670907	184577
m6a_200 sperm	152	0.3830704800706481	184577
m6a_200 sperm	153	0.3758117208536275	184577
m6a_200 sperm	154	0.36879676232683384	184577
m6a_200 sperm	155	0.3617785531241704	184577
m6a_200 sperm	156	0.35479285068020394	184577
m6a_200 sperm	157	0.3479263396847928	184577
m6a_200 sperm	158	0.341235365186345	184577
m6a_200 sperm	159	0.33472426141935346	184577
m6a_200 sperm	160	0.32843312005287767	184577
m6a_200 sperm	161	0.3222969275695239	184577
m6a_200 sperm	162	0.3161899911689972	184577
m6a_200 sperm	163	0.3102293351826067	184577
m6a_200 sperm	164	0.30426759563759304	184577
m6a_200 sperm	165	0.2983426970857691	184577
m6a_200 sperm	166	0.2925705802998207	184577
m6a_200 sperm	167	0.28697508356945883	184577
m6a_200 sperm	168	0.28142509630127266	184577
m6a_200 sperm	169	0.27598563201265597	184577
m6a_200 sperm	170	0.27064693867599976	184577
m6a_200 sperm	171	0.2653320836290545	184577
m6a_200 sperm	172	0.26004540110631336	184577
m6a_200 sperm	173	0.254946174225391	184577
m6a_200 sperm	174	0.2499227964480948	184577
m6a_200 sperm	175	0.2449980225055126	184577
m6a_200 sperm	176	0.2401946071287322	184577
m6a_200 sperm	177	0.23553097081434848	184577
m6a_200 sperm	178	0.230938849369098	184577
m6a_200 sperm	179	0.2264919247793604	184577
m6a_200 sperm	180	0.22205908645172479	184577
m6a_200 sperm	181	0.21764466862068405	184577
m6a_200 sperm	182	0.21327576025181905	184577
m6a_200 sperm	183	0.20890035053121467	184577
m6a_200 sperm	184	0.20455202977619097	184577
m6a_200 sperm	185	0.2002741403316773	184577
m6a_200 sperm	186	0.19603092476310702	184577
m6a_200 sperm	187	0.19190473352584558	184577
m6a_200 sperm	188	0.18784030513010833	184577
m6a_200 sperm	189	0.18373470150668827	184577
m6a_200 sperm	190	0.17967352378682067	184577
m6a_200 sperm	191	0.17567410890847723	184577
m6a_200 sperm	192	0.17160642983687027	184577
m6a_200 sperm	193	0.1675105782410593	184577
m6a_200 sperm	194	0.16349165930749768	184577
m6a_200 sperm	195	0.15948140884292195	184577
m6a_200 sperm	196	0.15550258157841987	184577
m6a_200 sperm	197	0.15146632570688656	184577
m6a_200 sperm	198	0.14854120196009912	184577
m6a_200 sperm	199	0.14667972368398108	184577
m6a_200 sperm	200	0.14590885710078075	184567
m6a_200 sperm	201	0.14618902326042668	184556
m6a_200 sperm	202	0.14763029044465614	184546
m6a_200 sperm	203	0.14903237188943783	184533
m6a_200 sperm	204	0.15035782149088575	184523
m6a_200 sperm	205	0.1516429052321037	184515
m6a_200 sperm	206	0.15286237019805715	184503
m6a_200 sperm	207	0.15400050006889324	184489
m6a_200 sperm	208	0.15507204677171518	184474
m6a_200 sperm	209	0.1560781595767698	184465
m6a_200 sperm	210	0.15701515080131476	184454
m6a_200 sperm	211	0.15790097485731056	184445
m6a_200 sperm	212	0.15874460600423937	184424
m6a_200 sperm	213	0.15954913037036295	184411
m6a_200 sperm	214	0.16034884722261095	184402
m6a_200 sperm	215	0.16109776376295873	184392
m6a_200 sperm	216	0.16183359048398063	184380
m6a_200 sperm	217	0.16254417065847965	184365
m6a_200 sperm	218	0.16324037801415353	184353
m6a_200 sperm	219	0.16391154180023748	184340
m6a_200 sperm	220	0.16459619340710474	184332
m6a_200 sperm	221	0.16522106722469898	184321
m6a_200 sperm	222	0.16584295056623166	184310
m6a_200 sperm	223	0.1664350710463684	184293
m6a_200 sperm	224	0.1669923658321977	184273
m6a_200 sperm	225	0.16746093782468574	184256
m6a_200 sperm	226	0.16792127801644394	184240
m6a_200 sperm	227	0.16834712688531764	184222
m6a_200 sperm	228	0.16874771686704104	184203
m6a_200 sperm	229	0.1691447712180032	184194
m6a_200 sperm	230	0.169564889144748	184179
m6a_200 sperm	231	0.16999393625692452	184159
m6a_200 sperm	232	0.17044550733306202	184140
m6a_200 sperm	233	0.170868718969954	184126
m6a_200 sperm	234	0.17127493221218604	184113
m6a_200 sperm	235	0.17162120449868937	184099
m6a_200 sperm	236	0.17191556510778716	184089
m6a_200 sperm	237	0.1721496896057942	184083
m6a_200 sperm	238	0.17237785264909197	184068
m6a_200 sperm	239	0.1725979183295512	184052
m6a_200 sperm	240	0.17283217454049665	184041
m6a_200 sperm	241	0.17310814694216836	184028
m6a_200 sperm	242	0.17336964895948404	184016
m6a_200 sperm	243	0.17357796244915108	183999
m6a_200 sperm	244	0.1737458964343988	183985
m6a_200 sperm	245	0.17389594405722603	183968
m6a_200 sperm	246	0.1739762075197691	183956
m6a_200 sperm	247	0.17404490390817762	183941
m6a_200 sperm	248	0.17414221025454613	183931
m6a_200 sperm	249	0.17422595842032523	183915
m6a_200 sperm	250	0.17428645301572018	183902
m6a_200 sperm	251	0.1743549491652278	183887
m6a_200 sperm	252	0.1743984362881267	183880
m6a_200 sperm	253	0.17437684945059143	183868
m6a_200 sperm	254	0.17429684028121437	183852
m6a_200 sperm	255	0.17420164522752968	183838
m6a_200 sperm	256	0.17408199252236883	183827
m6a_200 sperm	257	0.17392262765572983	183814
m6a_200 sperm	258	0.17383610647294595	183799
m6a_200 sperm	259	0.1737791347625031	183780
m6a_200 sperm	260	0.17372797623281014	183772
m6a_200 sperm	261	0.17364302296918552	183760
m6a_200 sperm	262	0.17359605788727084	183745
m6a_200 sperm	263	0.17346261838710156	183736
m6a_200 sperm	264	0.1733066337952051	183729
m6a_200 sperm	265	0.17311504207385697	183712
m6a_200 sperm	266	0.17290567155072034	183704
m6a_200 sperm	267	0.17265370686275922	183693
m6a_200 sperm	268	0.17238701305381227	183680
m6a_200 sperm	269	0.17207818611619324	183662
m6a_200 sperm	270	0.17172105628954185	183642
m6a_200 sperm	271	0.17134570684791214	183632
m6a_200 sperm	272	0.1709726399334841	183617
m6a_200 sperm	273	0.17057533276037531	183608
m6a_200 sperm	274	0.1702263001965822	183595
m6a_200 sperm	275	0.16989174101101756	183582
m6a_200 sperm	276	0.16953225875962347	183564
m6a_200 sperm	277	0.16915621209802165	183547
m6a_200 sperm	278	0.16873251033103426	183537
m6a_200 sperm	279	0.1682595124918342	183519
m6a_200 sperm	280	0.1677353920681232	183504
m6a_200 sperm	281	0.16722338022189623	183493
m6a_200 sperm	282	0.16664751991788118	183481
m6a_200 sperm	283	0.16607083200921957	183470
m6a_200 sperm	284	0.1654906105780122	183455
m6a_200 sperm	285	0.16492666030183245	183438
m6a_200 sperm	286	0.16434717577754232	183422
m6a_200 sperm	287	0.16373834635349138	183410
m6a_200 sperm	288	0.1632103238746449	183394
m6a_200 sperm	289	0.1626558658378469	183384
m6a_200 sperm	290	0.16210696348964296	183372
m6a_200 sperm	291	0.1615371148293232	183357
m6a_200 sperm	292	0.16100789722184586	183344
m6a_200 sperm	293	0.16040805385330434	183335
m6a_200 sperm	294	0.1598263224190241	183323
m6a_200 sperm	295	0.1592545650008006	183309
m6a_200 sperm	296	0.158665626329178	183296
m6a_200 sperm	297	0.15807684598344873	183288
m6a_200 sperm	298	0.15746949794047155	183277
m6a_200 sperm	299	0.15684471413740372	183270
m6a_200 sperm	300	0.1561758006581473	183262
m6a_200 sperm	301	0.15552460522419365	183242
m6a_200 sperm	302	0.15485360967503897	183230
m6a_200 sperm	303	0.15422468397533046	183217
m6a_200 sperm	304	0.15356423956628357	183204
m6a_200 sperm	305	0.15289960083543083	183192
m6a_200 sperm	306	0.15226396554440294	183177
m6a_200 sperm	307	0.151625626658698	183170
m6a_200 sperm	308	0.15092621995950184	183166
m6a_200 sperm	309	0.15027023328293218	183149
m6a_200 sperm	310	0.14959937412114954	183136
m6a_200 sperm	311	0.1488762391564701	183122
m6a_200 sperm	312	0.14814640157080336	183112
m6a_200 sperm	313	0.14748434799719495	183100
m6a_200 sperm	314	0.14681736033778156	183090
m6a_200 sperm	315	0.1461777606968902	183076
m6a_200 sperm	316	0.14554244394241897	183065
m6a_200 sperm	317	0.14491141569296567	183054
m6a_200 sperm	318	0.14429904045349567	183042
m6a_200 sperm	319	0.1436909627262139	183032
m6a_200 sperm	320	0.1430966919346701	183017
m6a_200 sperm	321	0.14250794761088367	183006
m6a_200 sperm	322	0.14193067691046923	182983
m6a_200 sperm	323	0.14130708455774793	182970
m6a_200 sperm	324	0.14069869057570641	182963
m6a_200 sperm	325	0.14007847566497178	182943
m6a_200 sperm	326	0.1394557869643136	182925
m6a_200 sperm	327	0.13887392951620636	182907
m6a_200 sperm	328	0.13831028489108693	182888
m6a_200 sperm	329	0.13769548405325316	182878
m6a_200 sperm	330	0.13708370711598925	182867
m6a_200 sperm	331	0.13643905484967808	182854
m6a_200 sperm	332	0.13576304996891014	182837
m6a_200 sperm	333	0.1350850685285231	182825
m6a_200 sperm	334	0.13445731633822755	182812
m6a_200 sperm	335	0.13386914514614076	182799
m6a_200 sperm	336	0.13331165702294773	182786
m6a_200 sperm	337	0.13274123519904896	182767
m6a_200 sperm	338	0.1321470770184001	182754
m6a_200 sperm	339	0.13150690662872333	182739
m6a_200 sperm	340	0.13085963707831186	182723
m6a_200 sperm	341	0.13024577599789397	182702
m6a_200 sperm	342	0.12967108204679098	182686
m6a_200 sperm	343	0.12918056625944632	182676
m6a_200 sperm	344	0.12873234363349612	182662
m6a_200 sperm	345	0.12827158794115157	182654
m6a_200 sperm	346	0.12779531867948377	182643
m6a_200 sperm	347	0.12733883255791925	182630
m6a_200 sperm	348	0.12682877329408965	182613
m6a_200 sperm	349	0.12633275073248784	182598
m6a_200 sperm	350	0.12582761956281774	182589
m6a_200 sperm	351	0.12534171203530198	182579
m6a_200 sperm	352	0.1248340972482853	182568
m6a_200 sperm	353	0.12433778425886265	182554
m6a_200 sperm	354	0.12383262867683859	182537
m6a_200 sperm	355	0.12335027876885986	182525
m6a_200 sperm	356	0.12287482900349474	182507
m6a_200 sperm	357	0.12241191474452506	182497
m6a_200 sperm	358	0.12194095965704575	182480
m6a_200 sperm	359	0.12147829245245569	182467
m6a_200 sperm	360	0.12098740983976909	182449
m6a_200 sperm	361	0.12051051346322078	182434
m6a_200 sperm	362	0.12002695929975402	182413
m6a_200 sperm	363	0.11958639367175007	182389
m6a_200 sperm	364	0.11914627054881079	182376
m6a_200 sperm	365	0.11874107469618078	182364
m6a_200 sperm	366	0.1183654741221376	182345
m6a_200 sperm	367	0.11800394255607674	182333
m6a_200 sperm	368	0.11764777889491707	182317
m6a_200 sperm	369	0.11728819507514103	182305
m6a_200 sperm	370	0.11692391206739997	182285
m6a_200 sperm	371	0.11652944009419465	182275
m6a_200 sperm	372	0.11613466071896343	182265
m6a_200 sperm	373	0.11572162747722176	182253
m6a_200 sperm	374	0.11531001806000868	182243
m6a_200 sperm	375	0.11488628325426892	182228
m6a_200 sperm	376	0.11449323021398912	182215
m6a_200 sperm	377	0.11411821462751004	182205
m6a_200 sperm	378	0.11373166262946371	182193
m6a_200 sperm	379	0.11336286527104597	182170
m6a_200 sperm	380	0.11305918074249213	182159
m6a_200 sperm	381	0.11275093669980121	182144
m6a_200 sperm	382	0.1124610430906425	182122
m6a_200 sperm	383	0.11219123724546676	182111
m6a_200 sperm	384	0.1119609257038493	182099
m6a_200 sperm	385	0.11172349196872683	182085
m6a_200 sperm	386	0.11150006086117699	182070
m6a_200 sperm	387	0.11129014854669546	182052
m6a_200 sperm	388	0.11108312643154308	182043
m6a_200 sperm	389	0.11085446164336543	182028
m6a_200 sperm	390	0.11062832901254029	182017
m6a_200 sperm	391	0.11037847438661573	181999
m6a_200 sperm	392	0.11008352226140944	181987
m6a_200 sperm	393	0.109840793040786	181974
m6a_200 sperm	394	0.10960987114611084	181959
m6a_200 sperm	395	0.109365464935799	181943
m6a_200 sperm	396	0.10915495576291592	181927
m6a_200 sperm	397	0.10901173555418149	181908
m6a_200 sperm	398	0.10885506262297422	181887
m6a_200 sperm	399	0.10874615264914939	181879
m6a_200 sperm	400	0.10864139836299005	181865
m6a_200 sperm	401	0.10851563231680103	181854
m6a_200 sperm	402	0.10835183486448326	181846
m6a_200 sperm	403	0.10817544284586102	181835
m6a_200 sperm	404	0.10795916685655997	181823
m6a_200 sperm	405	0.10776216013245239	181813
m6a_200 sperm	406	0.10761585430061008	181795
m6a_200 sperm	407	0.10748036932039809	181782
m6a_200 sperm	408	0.1073569675443961	181770
m6a_200 sperm	409	0.10722131621078211	181750
m6a_200 sperm	410	0.1070616643352754	181740
m6a_200 sperm	411	0.10684939979320834	181723
m6a_200 sperm	412	0.1066324595401533	181708
m6a_200 sperm	413	0.10639359570245421	181694
m6a_200 sperm	414	0.10618847305411014	181676
m6a_200 sperm	415	0.1059911368372068	181665
m6a_200 sperm	416	0.10584123115573382	181651
m6a_200 sperm	417	0.1056955831091952	181635
m6a_200 sperm	418	0.10557831131355558	181620
m6a_200 sperm	419	0.10544804041368921	181603
m6a_200 sperm	420	0.10532951009747166	181594
m6a_200 sperm	421	0.1052019229839822	181578
m6a_200 sperm	422	0.10508121383039791	181565
m6a_200 sperm	423	0.10496106971963631	181552
m6a_200 sperm	424	0.10484705599350863	181542
m6a_200 sperm	425	0.10474374647349984	181528
m6a_200 sperm	426	0.10461831568896902	181516
m6a_200 sperm	427	0.10450951236709313	181496
m6a_200 sperm	428	0.10441235817258321	181474
m6a_200 sperm	429	0.10429929900422599	181463
m6a_200 sperm	430	0.10417602499463259	181453
m6a_200 sperm	431	0.10409080769053418	181445
m6a_200 sperm	432	0.10399535876074759	181437
m6a_200 sperm	433	0.10387222549594191	181429
m6a_200 sperm	434	0.10375128228663193	181411
m6a_200 sperm	435	0.10360485064429008	181402
m6a_200 sperm	436	0.10347034989995332	181394
m6a_200 sperm	437	0.10334507103788493	181387
m6a_200 sperm	438	0.10324879158182393	181371
m6a_200 sperm	439	0.1031452319912512	181359
m6a_200 sperm	440	0.10308048063828623	181347
m6a_200 sperm	441	0.10299708853973842	181335
m6a_200 sperm	442	0.10290022158994391	181326
m6a_200 sperm	443	0.10277918908387954	181309
m6a_200 sperm	444	0.10270523772714454	181299
m6a_200 sperm	445	0.10264352655278909	181286
m6a_200 sperm	446	0.10260319684088254	181277
m6a_200 sperm	447	0.10257369334437383	181267
m6a_200 sperm	448	0.10252917951129369	181256
m6a_200 sperm	449	0.10245885491802058	181238
m6a_200 sperm	450	0.10238124850312964	181221
m6a_200 sperm	451	0.10228841476540347	181206
m6a_200 sperm	452	0.10218475006521852	181192
m6a_200 sperm	453	0.10204594977354059	181179
m6a_200 sperm	454	0.1019219155579256	181159
m6a_200 sperm	455	0.10180593235790597	181140
m6a_200 sperm	456	0.10168939706736628	181131
m6a_200 sperm	457	0.10160453036469627	181114
m6a_200 sperm	458	0.10158279008463861	181096
m6a_200 sperm	459	0.10156690690995934	181079
m6a_200 sperm	460	0.10155643133363332	181068
m6a_200 sperm	461	0.1015092705888464	181056
m6a_200 sperm	462	0.10144630229136002	181040
m6a_200 sperm	463	0.10135824490705514	181024
m6a_200 sperm	464	0.10125317129189006	181010
m6a_200 sperm	465	0.10116167388142716	180996
m6a_200 sperm	466	0.10106639175409385	180978
m6a_200 sperm	467	0.10098833695900702	180969
m6a_200 sperm	468	0.10093789658796554	180957
m6a_200 sperm	469	0.10088478964440117	180947
m6a_200 sperm	470	0.10083113606650405	180933
m6a_200 sperm	471	0.10078199790934231	180919
m6a_200 sperm	472	0.10071859622375881	180905
m6a_200 sperm	473	0.10061648248463545	180892
m6a_200 sperm	474	0.1005070566896476	180881
m6a_200 sperm	475	0.10038535069901988	180867
m6a_200 sperm	476	0.10032389993796065	180849
m6a_200 sperm	477	0.10026675903221387	180836
m6a_200 sperm	478	0.10029443931843673	180828
m6a_200 sperm	479	0.10032122484623535	180808
m6a_200 sperm	480	0.10032090564254376	180797
m6a_200 sperm	481	0.1002980250277452	180787
m6a_200 sperm	482	0.10027569259689216	180779
m6a_200 sperm	483	0.10023599724566355	180765
m6a_200 sperm	484	0.10020326355561594	180750
m6a_200 sperm	485	0.10017228997753572	180736
m6a_200 sperm	486	0.10016145894170433	180723
m6a_200 sperm	487	0.10015870669922038	180709
m6a_200 sperm	488	0.1001420128745883	180693
m6a_200 sperm	489	0.10011501315731161	180675
m6a_200 sperm	490	0.10008667237832078	180657
m6a_200 sperm	491	0.10003663392705854	180647
m6a_200 sperm	492	0.099972971314495	180635
m6a_200 sperm	493	0.0999086396165283	180615
m6a_200 sperm	494	0.09986888070737071	180600
m6a_200 sperm	495	0.09984317657774505	180588
m6a_200 sperm	496	0.0997963116302921	180576
m6a_200 sperm	497	0.0997600759350001	180567
m6a_200 sperm	498	0.0996821855522977	180548
m6a_200 sperm	499	0.09954046879843907	180537
m6a_200 sperm	500	0.09939707360786125	180531
m6a_200 sperm	501	0.09924756639470379	180515
m6a_200 sperm	502	0.09907986854401479	180501
m6a_200 sperm	503	0.09894316779088293	180487
m6a_200 sperm	504	0.09886373510621416	180470
m6a_200 sperm	505	0.09879359603812424	180454
m6a_200 sperm	506	0.09874628211134755	180441
m6a_200 sperm	507	0.09870628006937707	180423
m6a_200 sperm	508	0.09865385618291425	180413
m6a_200 sperm	509	0.09857746676341232	180400
m6a_200 sperm	510	0.09850528552432301	180386
m6a_200 sperm	511	0.09846325947168472	180369
m6a_200 sperm	512	0.0983779720166791	180353
m6a_200 sperm	513	0.09831163416001037	180341
m6a_200 sperm	514	0.09824538471388028	180328
m6a_200 sperm	515	0.09817923793125125	180313
m6a_200 sperm	516	0.09811353251569746	180295
m6a_200 sperm	517	0.09804855939838703	180278
m6a_200 sperm	518	0.09798003323555357	180262
m6a_200 sperm	519	0.09793557430142509	180242
m6a_200 sperm	520	0.09788501899332644	180229
m6a_200 sperm	521	0.0978006031883713	180214
m6a_200 sperm	522	0.09778024043591262	180202
m6a_200 sperm	523	0.09772578511270635	180181
m6a_200 sperm	524	0.09765810653554097	180174
m6a_200 sperm	525	0.09757319629359111	180158
m6a_200 sperm	526	0.09753182489132063	180142
m6a_200 sperm	527	0.09748333303715503	180125
m6a_200 sperm	528	0.09747547889751064	180112
m6a_200 sperm	529	0.09746729008476643	180099
m6a_200 sperm	530	0.0974732069651216	180087
m6a_200 sperm	531	0.09745770651080216	180074
m6a_200 sperm	532	0.09740088783781495	180060
m6a_200 sperm	533	0.09735005246257271	180050
m6a_200 sperm	534	0.09731085540691327	180039
m6a_200 sperm	535	0.09728021689442289	180023
m6a_200 sperm	536	0.09720767918119846	180005
m6a_200 sperm	537	0.09716064966457258	179994
m6a_200 sperm	538	0.09711673728538692	179981
m6a_200 sperm	539	0.09706327611188917	179960
m6a_200 sperm	540	0.09699313746253678	179946
m6a_200 sperm	541	0.09697634247213578	179934
m6a_200 sperm	542	0.09694153706691305	179923
m6a_200 sperm	543	0.09686882138933234	179910
m6a_200 sperm	544	0.09680678207406243	179891
m6a_200 sperm	545	0.09677798457653725	179878
m6a_200 sperm	546	0.09672060280928371	179870
m6a_200 sperm	547	0.09666944777037995	179860
m6a_200 sperm	548	0.09662150862257361	179844
m6a_200 sperm	549	0.09657345625747064	179829
m6a_200 sperm	550	0.09649346976077033	179817
m6a_200 sperm	551	0.0964155925866062	179810
m6a_200 sperm	552	0.09634262148112852	179797
m6a_200 sperm	553	0.09628431522922529	179782
m6a_200 sperm	554	0.09623888413476342	179773
m6a_200 sperm	555	0.09617559525202665	179759
m6a_200 sperm	556	0.09614812776922513	179746
m6a_200 sperm	557	0.09615500503915267	179723
m6a_200 sperm	558	0.0961943729821392	179706
m6a_200 sperm	559	0.09623464309214055	179688
m6a_200 sperm	560	0.09632191723532743	179672
m6a_200 sperm	561	0.0963661535382201	179661
m6a_200 sperm	562	0.09637513236758792	179646
m6a_200 sperm	563	0.09634328265624621	179636
m6a_200 sperm	564	0.09627341967144894	179625
m6a_200 sperm	565	0.09618764283076134	179616
m6a_200 sperm	566	0.09611331643126284	179596
m6a_200 sperm	567	0.0960371783386511	179584
m6a_200 sperm	568	0.0959842692147348	179571
m6a_200 sperm	569	0.09592570907650287	179556
m6a_200 sperm	570	0.09588428228893138	179538
m6a_200 sperm	571	0.09582513285366799	179529
m6a_200 sperm	572	0.09578570768702425	179513
m6a_200 sperm	573	0.09573651183711088	179499
m6a_200 sperm	574	0.09571691344532933	179487
m6a_200 sperm	575	0.09567370007658142	179477
m6a_200 sperm	576	0.09559714561723981	179462
m6a_200 sperm	577	0.09553831446236533	179448
m6a_200 sperm	578	0.0954589350933598	179433
m6a_200 sperm	579	0.09536340561194923	179422
m6a_200 sperm	580	0.09524742277522982	179406
m6a_200 sperm	581	0.0951922606240202	179396
m6a_200 sperm	582	0.09510253185142745	179375
m6a_200 sperm	583	0.09503965622300783	179354
m6a_200 sperm	584	0.09499705271429752	179343
m6a_200 sperm	585	0.09499474996204924	179326
m6a_200 sperm	586	0.09499760548137605	179314
m6a_200 sperm	587	0.09501346839065461	179302
m6a_200 sperm	588	0.09500579619674644	179285
m6a_200 sperm	589	0.0949957827436303	179267
m6a_200 sperm	590	0.09500607110305644	179251
m6a_200 sperm	591	0.09502375508112582	179240
m6a_200 sperm	592	0.0950554168833239	179226
m6a_200 sperm	593	0.095087233767317	179213
m6a_200 sperm	594	0.09514908006012801	179200
m6a_200 sperm	595	0.09517134051629257	179193
m6a_200 sperm	596	0.09514986128605162	179183
m6a_200 sperm	597	0.09507803993318448	179174
m6a_200 sperm	598	0.09499748965712769	179163
m6a_200 sperm	599	0.0948603159271172	179151
m6a_200 sperm	600	0.09472913749074933	179142
m6a_200 sperm	601	0.09460921698868782	179129
m6a_200 sperm	602	0.0945171935070166	179116
m6a_200 sperm	603	0.09442355288499764	179104
m6a_200 sperm	604	0.09434765774349348	179092
m6a_200 sperm	605	0.0942676033463663	179077
m6a_200 sperm	606	0.0941877508729745	179065
m6a_200 sperm	607	0.09411155456586068	179049
m6a_200 sperm	608	0.09405949892404628	179035
m6a_200 sperm	609	0.09401078464613852	179020
m6a_200 sperm	610	0.09395717409198692	179009
m6a_200 sperm	611	0.09394623176880196	178997
m6a_200 sperm	612	0.09391363091334948	178985
m6a_200 sperm	613	0.09388186378042873	178969
m6a_200 sperm	614	0.09384683988833643	178958
m6a_200 sperm	615	0.09382005278970168	178939
m6a_200 sperm	616	0.09376906674404747	178926
m6a_200 sperm	617	0.09376697926316026	178910
m6a_200 sperm	618	0.09374699734523805	178901
m6a_200 sperm	619	0.09374846248222414	178882
m6a_200 sperm	620	0.09373241760697963	178863
m6a_200 sperm	621	0.0937224921917317	178848
m6a_200 sperm	622	0.09368824586995	178839
m6a_200 sperm	623	0.09369963883080477	178825
m6a_200 sperm	624	0.09372008815318338	178814
m6a_200 sperm	625	0.09374979513407045	178797
m6a_200 sperm	626	0.09377209906989077	178781
m6a_200 sperm	627	0.09381059197574518	178769
m6a_200 sperm	628	0.09381590910840884	178751
m6a_200 sperm	629	0.09378674786818053	178735
m6a_200 sperm	630	0.09375880364962132	178725
m6a_200 sperm	631	0.0937028770834035	178707
m6a_200 sperm	632	0.09361469477071482	178694
m6a_200 sperm	633	0.09353342793124678	178676
m6a_200 sperm	634	0.09347229646465584	178658
m6a_200 sperm	635	0.09342141198474027	178646
m6a_200 sperm	636	0.09337559170667079	178628
m6a_200 sperm	637	0.09338596113024644	178624
m6a_200 sperm	638	0.09341781742370289	178611
m6a_200 sperm	639	0.09344435769540006	178591
m6a_200 sperm	640	0.09346340358003899	178577
m6a_200 sperm	641	0.09350117487083537	178567
m6a_200 sperm	642	0.09351939416055091	178549
m6a_200 sperm	643	0.09353884578071894	178539
m6a_200 sperm	644	0.09357167006377047	178524
m6a_200 sperm	645	0.09361132282451246	178509
m6a_200 sperm	646	0.0936361298390487	178489
m6a_200 sperm	647	0.09364178646333919	178470
m6a_200 sperm	648	0.09362359716241167	178452
m6a_200 sperm	649	0.09358663329526765	178438
m6a_200 sperm	650	0.09352408876390297	178426
m6a_200 sperm	651	0.09343827330523771	178414
m6a_200 sperm	652	0.09334684272244166	178393
m6a_200 sperm	653	0.09325908029881524	178383
m6a_200 sperm	654	0.09319629176864143	178369
m6a_200 sperm	655	0.09315315083636656	178354
m6a_200 sperm	656	0.0931401740637647	178339
m6a_200 sperm	657	0.0931519741150458	178323
m6a_200 sperm	658	0.0931553985346626	178314
m6a_200 sperm	659	0.09314841719850289	178299
m6a_200 sperm	660	0.09315325152322113	178289
m6a_200 sperm	661	0.09317961212273718	178277
m6a_200 sperm	662	0.09315702570367629	178266
m6a_200 sperm	663	0.09313811336350075	178255
m6a_200 sperm	664	0.09313694741106934	178236
m6a_200 sperm	665	0.09311508551782494	178223
m6a_200 sperm	666	0.09309487502754353	178213
m6a_200 sperm	667	0.09312586764218499	178196
m6a_200 sperm	668	0.09315563177961358	178180
m6a_200 sperm	669	0.09316621464089686	178165
m6a_200 sperm	670	0.09320086566549649	178153
m6a_200 sperm	671	0.09321184247123973	178144
m6a_200 sperm	672	0.09321015934474351	178133
m6a_200 sperm	673	0.09319235963008445	178118
m6a_200 sperm	674	0.0931961072756212	178106
m6a_200 sperm	675	0.0931991538975545	178087
m6a_200 sperm	676	0.09319198518100869	178076
m6a_200 sperm	677	0.0931691947385129	178061
m6a_200 sperm	678	0.09316394904934279	178047
m6a_200 sperm	679	0.09313574413838682	178034
m6a_200 sperm	680	0.09311498694602402	178019
m6a_200 sperm	681	0.09309696653870729	178002
m6a_200 sperm	682	0.09307883591499747	177991
m6a_200 sperm	683	0.09306449045153435	177983
m6a_200 sperm	684	0.09307301455736934	177971
m6a_200 sperm	685	0.0930657301646933	177952
m6a_200 sperm	686	0.09306968280215633	177942
m6a_200 sperm	687	0.09309070360634264	177921
m6a_200 sperm	688	0.09308186443079353	177913
m6a_200 sperm	689	0.09302397744390396	177899
m6a_200 sperm	690	0.09293376260334553	177886
m6a_200 sperm	691	0.09283823380891618	177872
m6a_200 sperm	692	0.09273574306940961	177859
m6a_200 sperm	693	0.09264468779106999	177848
m6a_200 sperm	694	0.09258694332407275	177836
m6a_200 sperm	695	0.09256742879041142	177821
m6a_200 sperm	696	0.09252091291392811	177811
m6a_200 sperm	697	0.0924839132590813	177798
m6a_200 sperm	698	0.09248709477273023	177787
m6a_200 sperm	699	0.09249723790299988	177770
m6a_200 sperm	700	0.0925059456237313	177758
m6a_200 sperm	701	0.09257551531174167	177746
m6a_200 sperm	702	0.09262258531435422	177736
m6a_200 sperm	703	0.09262576908395137	177724
m6a_200 sperm	704	0.09262997886765166	177707
m6a_200 sperm	705	0.09262253715109961	177695
m6a_200 sperm	706	0.0925710969016999	177684
m6a_200 sperm	707	0.09253151005589837	177667
m6a_200 sperm	708	0.09251493082489004	177656
m6a_200 sperm	709	0.09250828004476165	177644
m6a_200 sperm	710	0.09251430454390774	177638
m6a_200 sperm	711	0.0925563597587532	177629
m6a_200 sperm	712	0.09260035609234557	177620
m6a_200 sperm	713	0.09264641849566582	177609
m6a_200 sperm	714	0.09264733483718125	177600
m6a_200 sperm	715	0.09264570773137672	177585
m6a_200 sperm	716	0.09263098771372574	177577
m6a_200 sperm	717	0.09262037659367475	177560
m6a_200 sperm	718	0.0926074061589754	177545
m6a_200 sperm	719	0.09261040925483047	177529
m6a_200 sperm	720	0.09262405530942214	177515
m6a_200 sperm	721	0.09263278032884933	177505
m6a_200 sperm	722	0.09261087036502522	177494
m6a_200 sperm	723	0.09260473591011188	177483
m6a_200 sperm	724	0.0925987035003494	177469
m6a_200 sperm	725	0.09259628683415622	177455
m6a_200 sperm	726	0.09258689857544934	177444
m6a_200 sperm	727	0.09259134028452819	177420
m6a_200 sperm	728	0.09257641074293926	177411
m6a_200 sperm	729	0.09255943134793009	177394
m6a_200 sperm	730	0.09251670794701063	177382
m6a_200 sperm	731	0.0924603439701264	177369
m6a_200 sperm	732	0.09243738785222239	177354
m6a_200 sperm	733	0.09242879665153826	177346
m6a_200 sperm	734	0.09238092881956207	177333
m6a_200 sperm	735	0.09235858369145139	177313
m6a_200 sperm	736	0.09236414065810129	177298
m6a_200 sperm	737	0.09234078712571754	177287
m6a_200 sperm	738	0.09231896123435959	177271
m6a_200 sperm	739	0.09233845223353823	177254
m6a_200 sperm	740	0.09234586705213083	177241
m6a_200 sperm	741	0.09234722673360692	177230
m6a_200 sperm	742	0.09237166149981876	177205
m6a_200 sperm	743	0.09238953689294269	177193
m6a_200 sperm	744	0.09241541807027062	177182
m6a_200 sperm	745	0.09243440633058189	177167
m6a_200 sperm	746	0.09246510656442683	177155
m6a_200 sperm	747	0.0924744632878592	177142
m6a_200 sperm	748	0.09248545323032469	177126
m6a_200 sperm	749	0.09248722048165596	177114
m6a_200 sperm	750	0.092483652332738	177105
m6a_200 sperm	751	0.09245214527899918	177084
m6a_200 sperm	752	0.09242330972598807	177068
m6a_200 sperm	753	0.09240445131115033	177060
m6a_200 sperm	754	0.09236420663874147	177044
m6a_200 sperm	755	0.09232056516730101	177026
m6a_200 sperm	756	0.0923135989287764	177015
m6a_200 sperm	757	0.0922994319882314	176999
m6a_200 sperm	758	0.09229111059069049	176986
m6a_200 sperm	759	0.09229387271459503	176974
m6a_200 sperm	760	0.09232633284758177	176965
m6a_200 sperm	761	0.09230031843446848	176956
m6a_200 sperm	762	0.09230821213312324	176937
m6a_200 sperm	763	0.09224654067404296	176932
m6a_200 sperm	764	0.09221632407626487	176920
m6a_200 sperm	765	0.09216554870080734	176906
m6a_200 sperm	766	0.0921503351138172	176888
m6a_200 sperm	767	0.09210687121872989	176871
m6a_200 sperm	768	0.0920971043464516	176861
m6a_200 sperm	769	0.09203550546608491	176838
m6a_200 sperm	770	0.09194931415461767	176826
m6a_200 sperm	771	0.09186405237586473	176817
m6a_200 sperm	772	0.09179450269821124	176808
m6a_200 sperm	773	0.09175086182631996	176789
m6a_200 sperm	774	0.09174115092355885	176778
m6a_200 sperm	775	0.09174634807959761	176767
m6a_200 sperm	776	0.09176008104642443	176758
m6a_200 sperm	777	0.0917442892494381	176747
m6a_200 sperm	778	0.09170154374508846	176733
m6a_200 sperm	779	0.09163430806697663	176723
m6a_200 sperm	780	0.09157920486845714	176710
m6a_200 sperm	781	0.0915276007851969	176697
m6a_200 sperm	782	0.09150871396008789	176689
m6a_200 sperm	783	0.09153376682924369	176674
m6a_200 sperm	784	0.0915980360617535	176665
m6a_200 sperm	785	0.09166190305774675	176654
m6a_200 sperm	786	0.0917269139553176	176634
m6a_200 sperm	787	0.09174921788801763	176619
m6a_200 sperm	788	0.09170862288589966	176604
m6a_200 sperm	789	0.09165844771797205	176581
m6a_200 sperm	790	0.09160795694933618	176565
m6a_200 sperm	791	0.09152738986718194	176550
m6a_200 sperm	792	0.09146389373986333	176538
m6a_200 sperm	793	0.0914317958222319	176529
m6a_200 sperm	794	0.0913981484617499	176516
m6a_200 sperm	795	0.09133729992816231	176503
m6a_200 sperm	796	0.09126542010801869	176492
m6a_200 sperm	797	0.09118786319861787	176480
m6a_200 sperm	798	0.09111926367743506	176468
m6a_200 sperm	799	0.09105323654900094	176455
m6a_200 sperm	800	0.09102336931145323	176443
m6a_200 sperm	801	0.09101018799320353	176429
m6a_200 sperm	802	0.09102627196250913	176418
m6a_200 sperm	803	0.09105709855746019	176409
m6a_200 sperm	804	0.09108349591832707	176398
m6a_200 sperm	805	0.0911078362351693	176386
m6a_200 sperm	806	0.0911422820545399	176371
m6a_200 sperm	807	0.09116590867640506	176358
m6a_200 sperm	808	0.09113777710631815	176339
m6a_200 sperm	809	0.09112098712723662	176323
m6a_200 sperm	810	0.0911237965228593	176307
m6a_200 sperm	811	0.09111061526324674	176292
m6a_200 sperm	812	0.09109547323284259	176276
m6a_200 sperm	813	0.09111023344445952	176269
m6a_200 sperm	814	0.09112871353102989	176250
m6a_200 sperm	815	0.09112883781383113	176241
m6a_200 sperm	816	0.09115485602818792	176223
m6a_200 sperm	817	0.09121895298348158	176209
m6a_200 sperm	818	0.09130575590789941	176204
m6a_200 sperm	819	0.09138007609823674	176190
m6a_200 sperm	820	0.09142561206016502	176181
m6a_200 sperm	821	0.09143740677973183	176174
m6a_200 sperm	822	0.09142919103361542	176153
m6a_200 sperm	823	0.09138660657871511	176134
m6a_200 sperm	824	0.09131284039342573	176116
m6a_200 sperm	825	0.09128490250758002	176099
m6a_200 sperm	826	0.09126706827402928	176086
m6a_200 sperm	827	0.09124076753213176	176072
m6a_200 sperm	828	0.09122003576755965	176065
m6a_200 sperm	829	0.09124804509354227	176052
m6a_200 sperm	830	0.09124404140016876	176036
m6a_200 sperm	831	0.0912505715846734	176024
m6a_200 sperm	832	0.09124708421816144	176012
m6a_200 sperm	833	0.0912530960722276	176002
m6a_200 sperm	834	0.09122212505619999	175987
m6a_200 sperm	835	0.09122700914340659	175978
m6a_200 sperm	836	0.09119995914680495	175961
m6a_200 sperm	837	0.09115078861007218	175943
m6a_200 sperm	838	0.0910495205262784	175934
m6a_200 sperm	839	0.090918355813627	175913
m6a_200 sperm	840	0.0907639309005218	175902
m6a_200 sperm	841	0.09063036605094693	175877
m6a_200 sperm	842	0.09048261057154378	175864
m6a_200 sperm	843	0.09038920923371872	175851
m6a_200 sperm	844	0.09034687328392631	175835
m6a_200 sperm	845	0.09028830012417469	175815
m6a_200 sperm	846	0.09025909470631886	175802
m6a_200 sperm	847	0.09027435119352682	175792
m6a_200 sperm	848	0.0902740969900995	175781
m6a_200 sperm	849	0.09023214551425293	175764
m6a_200 sperm	850	0.09019752849929039	175751
m6a_200 sperm	851	0.09014212046032091	175734
m6a_200 sperm	852	0.09011806929117061	175719
m6a_200 sperm	853	0.09010383720098043	175711
m6a_200 sperm	854	0.09012095387168458	175699
m6a_200 sperm	855	0.09014096346886129	175679
m6a_200 sperm	856	0.09015672540063906	175667
m6a_200 sperm	857	0.0901590440548237	175646
m6a_200 sperm	858	0.09015080283165598	175635
m6a_200 sperm	859	0.09015622572989722	175621
m6a_200 sperm	860	0.09018205843202065	175604
m6a_200 sperm	861	0.09021368837591608	175592
m6a_200 sperm	862	0.09023973602463209	175583
m6a_200 sperm	863	0.09028215051268627	175571
m6a_200 sperm	864	0.09034466097753382	175556
m6a_200 sperm	865	0.0903943330884879	175546
m6a_200 sperm	866	0.09043468459213119	175527
m6a_200 sperm	867	0.09046603218080385	175510
m6a_200 sperm	868	0.09053292205283568	175500
m6a_200 sperm	869	0.09055434104169854	175484
m6a_200 sperm	870	0.09055452295520056	175472
m6a_200 sperm	871	0.09058921024693299	175463
m6a_200 sperm	872	0.09059094404766814	175453
m6a_200 sperm	873	0.09054987483243956	175440
m6a_200 sperm	874	0.09051148795403882	175423
m6a_200 sperm	875	0.09050284643109771	175395
m6a_200 sperm	876	0.09046352402357291	175382
m6a_200 sperm	877	0.09040334598592778	175371
m6a_200 sperm	878	0.0903479425937516	175357
m6a_200 sperm	879	0.09030155251049961	175343
m6a_200 sperm	880	0.09019148358391522	175335
m6a_200 sperm	881	0.09006740463885242	175323
m6a_200 sperm	882	0.0899792863273704	175310
m6a_200 sperm	883	0.08987331576987712	175299
m6a_200 sperm	884	0.08974928017555783	175279
m6a_200 sperm	885	0.08966671101715279	175267
m6a_200 sperm	886	0.08960705748522999	175253
m6a_200 sperm	887	0.0895478196967445	175236
m6a_200 sperm	888	0.08950755076177465	175224
m6a_200 sperm	889	0.0894912431091737	175211
m6a_200 sperm	890	0.0895188469801639	175192
m6a_200 sperm	891	0.0895060800433035	175178
m6a_200 sperm	892	0.0894464907560033	175167
m6a_200 sperm	893	0.08938816081251945	175159
m6a_200 sperm	894	0.08932858168670166	175146
m6a_200 sperm	895	0.08920390925900046	175137
m6a_200 sperm	896	0.08908335597776894	175124
m6a_200 sperm	897	0.08901209623565272	175113
m6a_200 sperm	898	0.08892577992346536	175098
m6a_200 sperm	899	0.08884298480893496	175083
m6a_200 sperm	900	0.08877045708856116	175076
m6a_200 sperm	901	0.08872647629851024	175062
m6a_200 sperm	902	0.08867916251269897	175051
m6a_200 sperm	903	0.08864283564599212	175036
m6a_200 sperm	904	0.08861430379298137	175020
m6a_200 sperm	905	0.08860745078966879	175006
m6a_200 sperm	906	0.0886076557438936	174994
m6a_200 sperm	907	0.08859810281255603	174972
m6a_200 sperm	908	0.08855031412117423	174955
m6a_200 sperm	909	0.08848712416871125	174945
m6a_200 sperm	910	0.08840472320670241	174936
m6a_200 sperm	911	0.08832285268791265	174918
m6a_200 sperm	912	0.08826370848602773	174905
m6a_200 sperm	913	0.08822160019897383	174894
m6a_200 sperm	914	0.08819132645810704	174874
m6a_200 sperm	915	0.08817174264884027	174866
m6a_200 sperm	916	0.08815589281419224	174844
m6a_200 sperm	917	0.08813923566618795	174827
m6a_200 sperm	918	0.08813710515649	174813
m6a_200 sperm	919	0.08812178325858319	174801
m6a_200 sperm	920	0.08812042827938396	174785
m6a_200 sperm	921	0.08810429715928611	174769
m6a_200 sperm	922	0.08809388881878805	174761
m6a_200 sperm	923	0.08809317334991598	174746
m6a_200 sperm	924	0.08809413936252561	174734
m6a_200 sperm	925	0.0880774971456351	174724
m6a_200 sperm	926	0.0880432735788714	174714
m6a_200 sperm	927	0.08801736737272711	174699
m6a_200 sperm	928	0.0879527289642083	174688
m6a_200 sperm	929	0.08791138963369077	174673
m6a_200 sperm	930	0.08787452383321334	174661
m6a_200 sperm	931	0.08786449097615691	174647
m6a_200 sperm	932	0.08782647005370393	174633
m6a_200 sperm	933	0.08780402689099152	174617
m6a_200 sperm	934	0.08778168928064566	174607
m6a_200 sperm	935	0.08778714795929009	174588
m6a_200 sperm	936	0.0877820927588863	174573
m6a_200 sperm	937	0.08781440724502959	174556
m6a_200 sperm	938	0.08786444769925349	174542
m6a_200 sperm	939	0.08789137509348456	174525
m6a_200 sperm	940	0.08789758180660259	174512
m6a_200 sperm	941	0.08791848511630619	174499
m6a_200 sperm	942	0.08789469002679232	174483
m6a_200 sperm	943	0.08788579611788547	174471
m6a_200 sperm	944	0.08787804541857348	174454
m6a_200 sperm	945	0.08785414052483184	174441
m6a_200 sperm	946	0.08782719774046661	174428
m6a_200 sperm	947	0.08782463178265475	174413
m6a_200 sperm	948	0.08780860808158546	174397
m6a_200 sperm	949	0.08780020762497133	174377
m6a_200 sperm	950	0.0877858633367472	174361
m6a_200 sperm	951	0.08777320864143073	174352
m6a_200 sperm	952	0.0877627486990028	174339
m6a_200 sperm	953	0.08771955401908801	174329
m6a_200 sperm	954	0.0876589014681376	174310
m6a_200 sperm	955	0.08760657127650381	174300
m6a_200 sperm	956	0.08756112540396448	174282
m6a_200 sperm	957	0.08748877533483851	174266
m6a_200 sperm	958	0.0874455057030264	174256
m6a_200 sperm	959	0.08739957421598309	174242
m6a_200 sperm	960	0.08740779397568518	174228
m6a_200 sperm	961	0.08740663136184472	174225
m6a_200 sperm	962	0.08744679771545852	174207
m6a_200 sperm	963	0.08747423338073068	174199
m6a_200 sperm	964	0.08750161957295549	174185
m6a_200 sperm	965	0.08751314728013074	174172
m6a_200 sperm	966	0.08751733901097707	174158
m6a_200 sperm	967	0.08752579225364067	174138
m6a_200 sperm	968	0.08752434237855769	174123
m6a_200 sperm	969	0.0875526549330862	174101
m6a_200 sperm	970	0.08758696959079999	174095
m6a_200 sperm	971	0.08767424185968924	174082
m6a_200 sperm	972	0.08773943437035764	174071
m6a_200 sperm	973	0.08782101126469702	174055
m6a_200 sperm	974	0.08787616508399701	174047
m6a_200 sperm	975	0.08786592208363855	174038
m6a_200 sperm	976	0.08779656806265854	174025
m6a_200 sperm	977	0.08770847614714178	174013
m6a_200 sperm	978	0.0876382227232893	174002
m6a_200 sperm	979	0.08758770468695035	173986
m6a_200 sperm	980	0.08758681322239627	173971
m6a_200 sperm	981	0.08758767035964973	173956
m6a_200 sperm	982	0.08763222217973805	173942
m6a_200 sperm	983	0.08765692537399017	173925
m6a_200 sperm	984	0.08768623363099176	173909
m6a_200 sperm	985	0.08770019413152011	173897
m6a_200 sperm	986	0.08771540238398444	173882
m6a_200 sperm	987	0.08769540316465244	173872
m6a_200 sperm	988	0.08768855709306966	173854
m6a_200 sperm	989	0.08768276397953464	173845
m6a_200 sperm	990	0.08767622434872493	173828
m6a_200 sperm	991	0.08767398032422648	173814
m6a_200 sperm	992	0.0876728847100988	173800
m6a_200 sperm	993	0.08766752844635034	173785
m6a_200 sperm	994	0.08765967156098825	173776
m6a_200 sperm	995	0.0876664763294234	173767
m6a_200 sperm	996	0.08768289341722382	173755
m6a_200 sperm	997	0.08773500011892671	173744
m6a_200 sperm	998	0.08777183644109475	173725
m6a_200 sperm	999	0.08781223340676399	173716
m6a_200 sperm	1000	0.08782605261263633	173710
m6a_200 sperm	1001	0.08782639800065449	173697
m6a_200 sperm	1002	0.08779626450116715	173687
m6a_200 sperm	1003	0.08781039417637089	173676
m6a_200 sperm	1004	0.0877741514742723	173661
m6a_200 sperm	1005	0.08773725562955421	173650
m6a_200 sperm	1006	0.08772620298797615	173634
m6a_200 sperm	1007	0.08773032980541214	173619
m6a_200 sperm	1008	0.08771402997389285	173603
m6a_200 sperm	1009	0.08771950513005954	173586
m6a_200 sperm	1010	0.08771891058049917	173572
m6a_200 sperm	1011	0.08768449523219586	173557
m6a_200 sperm	1012	0.08764893015131897	173545
m6a_200 sperm	1013	0.08760234064177236	173533
m6a_200 sperm	1014	0.08759859769310878	173516
m6a_200 sperm	1015	0.08760261435814144	173497
m6a_200 sperm	1016	0.08762236146437447	173480
m6a_200 sperm	1017	0.08764256151789798	173471
m6a_200 sperm	1018	0.08765855225371695	173463
m6a_200 sperm	1019	0.08762726861509607	173453
m6a_200 sperm	1020	0.08761358334295749	173430
m6a_200 sperm	1021	0.0876047122094407	173413
m6a_200 sperm	1022	0.08759540098433508	173401
m6a_200 sperm	1023	0.08759921956989786	173391
m6a_200 sperm	1024	0.08766041538135579	173374
m6a_200 sperm	1025	0.08768961436588753	173358
m6a_200 sperm	1026	0.08773211715244908	173344
m6a_200 sperm	1027	0.08774496833931662	173329
m6a_200 sperm	1028	0.08775405479237891	173313
m6a_200 sperm	1029	0.08774132701629847	173304
m6a_200 sperm	1030	0.08776708720559408	173291
m6a_200 sperm	1031	0.08775014114067532	173276
m6a_200 sperm	1032	0.08773223567756074	173257
m6a_200 sperm	1033	0.0877179936850648	173241
m6a_200 sperm	1034	0.08768517978071068	173230
m6a_200 sperm	1035	0.08766657097807726	173215
m6a_200 sperm	1036	0.08764730093927547	173201
m6a_200 sperm	1037	0.08765288571422016	173190
m6a_200 sperm	1038	0.08767257607673508	173169
m6a_200 sperm	1039	0.08769121241982321	173152
m6a_200 sperm	1040	0.08768957362490262	173146
m6a_200 sperm	1041	0.08769811895220492	173131
m6a_200 sperm	1042	0.087679686568934	173115
m6a_200 sperm	1043	0.08764619455369393	173096
m6a_200 sperm	1044	0.08759892947704359	173083
m6a_200 sperm	1045	0.08754075603715895	173066
m6a_200 sperm	1046	0.08750633744539131	173050
m6a_200 sperm	1047	0.08752865356937867	173039
m6a_200 sperm	1048	0.0875456378967381	173025
m6a_200 sperm	1049	0.08757955384407203	173011
m6a_200 sperm	1050	0.08761136128466353	173001
m6a_200 sperm	1051	0.08761712722362458	172989
m6a_200 sperm	1052	0.0875725313524479	172976
m6a_200 sperm	1053	0.08752999729745134	172968
m6a_200 sperm	1054	0.08747177184058094	172949
m6a_200 sperm	1055	0.08742742089968944	172930
m6a_200 sperm	1056	0.08737944151902995	172913
m6a_200 sperm	1057	0.08734261689570047	172900
m6a_200 sperm	1058	0.08728193894787768	172882
m6a_200 sperm	1059	0.08725072787973318	172867
m6a_200 sperm	1060	0.08718339448624551	172855
m6a_200 sperm	1061	0.08715499097671608	172844
m6a_200 sperm	1062	0.08711279597379167	172822
m6a_200 sperm	1063	0.08706937759615359	172808
m6a_200 sperm	1064	0.08698619894886503	172792
m6a_200 sperm	1065	0.08695504890975597	172769
m6a_200 sperm	1066	0.08692022771493232	172762
m6a_200 sperm	1067	0.08687150255009929	172752
m6a_200 sperm	1068	0.08686294101351502	172740
m6a_200 sperm	1069	0.08684173263628187	172724
m6a_200 sperm	1070	0.08680190108467872	172716
m6a_200 sperm	1071	0.08676564532908641	172708
m6a_200 sperm	1072	0.08676392457499305	172699
m6a_200 sperm	1073	0.08678819396513184	172686
m6a_200 sperm	1074	0.08687858105776003	172672
m6a_200 sperm	1075	0.08695935611089453	172659
m6a_200 sperm	1076	0.08700064939487913	172650
m6a_200 sperm	1077	0.08703257792280172	172633
m6a_200 sperm	1078	0.08701963234332165	172621
m6a_200 sperm	1079	0.08696034137723307	172608
m6a_200 sperm	1080	0.08690527681553396	172592
m6a_200 sperm	1081	0.08688738925110753	172583
m6a_200 sperm	1082	0.086881544084143	172570
m6a_200 sperm	1083	0.08687075699699799	172557
m6a_200 sperm	1084	0.08686817794850649	172551
m6a_200 sperm	1085	0.08685219013562714	172538
m6a_200 sperm	1086	0.0867864500310749	172528
m6a_200 sperm	1087	0.08671657475687194	172510
m6a_200 sperm	1088	0.08665914386871255	172496
m6a_200 sperm	1089	0.08661214183717245	172485
m6a_200 sperm	1090	0.0865969005801183	172475
m6a_200 sperm	1091	0.08661790221577845	172465
m6a_200 sperm	1092	0.0865918515413549	172454
m6a_200 sperm	1093	0.08656514071442849	172437
m6a_200 sperm	1094	0.08653368661482085	172421
m6a_200 sperm	1095	0.08646753282507341	172406
m6a_200 sperm	1096	0.08637776593338566	172397
m6a_200 sperm	1097	0.08632606748031028	172385
m6a_200 sperm	1098	0.08625009410886395	172372
m6a_200 sperm	1099	0.08616745025896999	172358
m6a_200 sperm	1100	0.0860985229205743	172342
m6a_200 sperm	1101	0.08604951305259588	172330
m6a_200 sperm	1102	0.08600630162435735	172320
m6a_200 sperm	1103	0.08597418707656362	172305
m6a_200 sperm	1104	0.08593908057203177	172291
m6a_200 sperm	1105	0.08591644427125959	172280
m6a_200 sperm	1106	0.08590057190249172	172263
m6a_200 sperm	1107	0.08589564903838257	172256
m6a_200 sperm	1108	0.08588501336587323	172243
m6a_200 sperm	1109	0.08586866219974734	172224
m6a_200 sperm	1110	0.0858136183821689	172212
m6a_200 sperm	1111	0.08577841946823854	172194
m6a_200 sperm	1112	0.08570873424171573	172179
m6a_200 sperm	1113	0.08565898620971771	172165
m6a_200 sperm	1114	0.08563060460070435	172154
m6a_200 sperm	1115	0.08562631418438234	172140
m6a_200 sperm	1116	0.08557398832367658	172129
m6a_200 sperm	1117	0.08552145328688282	172117
m6a_200 sperm	1118	0.08546330125689021	172107
m6a_200 sperm	1119	0.08543187824578236	172098
m6a_200 sperm	1120	0.08543329733597482	172082
m6a_200 sperm	1121	0.08547406502529596	172071
m6a_200 sperm	1122	0.08552499053483696	172056
m6a_200 sperm	1123	0.08559664794589242	172036
m6a_200 sperm	1124	0.08562629298645567	172030
m6a_200 sperm	1125	0.08561126515261512	172016
m6a_200 sperm	1126	0.08556666866719763	171995
m6a_200 sperm	1127	0.08552100220447754	171985
m6a_200 sperm	1128	0.08545838742467131	171970
m6a_200 sperm	1129	0.08541686767187555	171963
m6a_200 sperm	1130	0.0853754392362081	171944
m6a_200 sperm	1131	0.08534467056264161	171933
m6a_200 sperm	1132	0.08527958490904107	171922
m6a_200 sperm	1133	0.08523261448835767	171905
m6a_200 sperm	1134	0.0851672217418018	171892
m6a_200 sperm	1135	0.08509629651938119	171878
m6a_200 sperm	1136	0.08501052750835392	171865
m6a_200 sperm	1137	0.08499553906269854	171851
m6a_200 sperm	1138	0.08497386861606392	171831
m6a_200 sperm	1139	0.08494636942655934	171820
m6a_200 sperm	1140	0.08491962821053305	171803
m6a_200 sperm	1141	0.08491411046426697	171790
m6a_200 sperm	1142	0.08488241143300546	171780
m6a_200 sperm	1143	0.08484875801818603	171769
m6a_200 sperm	1144	0.08483305852707927	171752
m6a_200 sperm	1145	0.08481910757101213	171743
m6a_200 sperm	1146	0.08482166152705888	171725
m6a_200 sperm	1147	0.08482255545106254	171709
m6a_200 sperm	1148	0.08481705551957226	171696
m6a_200 sperm	1149	0.0848193148733829	171684
m6a_200 sperm	1150	0.08481662950915574	171669
m6a_200 sperm	1151	0.08479074304760788	171655
m6a_200 sperm	1152	0.08475007798998768	171630
m6a_200 sperm	1153	0.08468183135800772	171616
m6a_200 sperm	1154	0.08459415949461192	171612
m6a_200 sperm	1155	0.08455511671543162	171593
m6a_200 sperm	1156	0.08449255515137992	171575
m6a_200 sperm	1157	0.08442513831501341	171565
m6a_200 sperm	1158	0.08436984206041775	171553
m6a_200 sperm	1159	0.08434446078829154	171539
m6a_200 sperm	1160	0.08429421811664156	171527
m6a_200 sperm	1161	0.08429848058869378	171513
m6a_200 sperm	1162	0.08433519529028245	171495
m6a_200 sperm	1163	0.08438123877584633	171486
m6a_200 sperm	1164	0.08441970176675312	171474
m6a_200 sperm	1165	0.0844458134051898	171462
m6a_200 sperm	1166	0.08443363216461182	171454
m6a_200 sperm	1167	0.08439442134311083	171443
m6a_200 sperm	1168	0.08434169592257547	171432
m6a_200 sperm	1169	0.08426641852975193	171422
m6a_200 sperm	1170	0.08420640116572008	171405
m6a_200 sperm	1171	0.0841535738257931	171389
m6a_200 sperm	1172	0.0841105638266727	171377
m6a_200 sperm	1173	0.08407405553447903	171364
m6a_200 sperm	1174	0.08406448674754566	171349
m6a_200 sperm	1175	0.08405219115916576	171337
m6a_200 sperm	1176	0.08403065013197648	171320
m6a_200 sperm	1177	0.0840158155195178	171312
m6a_200 sperm	1178	0.08397849532119034	171298
m6a_200 sperm	1179	0.08391363183990026	171286
m6a_200 sperm	1180	0.08384030267874709	171277
m6a_200 sperm	1181	0.08376550114419042	171267
m6a_200 sperm	1182	0.08369088887020572	171250
m6a_200 sperm	1183	0.08362901452667018	171239
m6a_200 sperm	1184	0.08356430794152839	171225
m6a_200 sperm	1185	0.08351293000420731	171205
m6a_200 sperm	1186	0.08346290511082018	171188
m6a_200 sperm	1187	0.08339213298999307	171178
m6a_200 sperm	1188	0.08335572284306215	171165
m6a_200 sperm	1189	0.08337189739562692	171148
m6a_200 sperm	1190	0.08337404897503581	171135
m6a_200 sperm	1191	0.08338087030866265	171118
m6a_200 sperm	1192	0.08341106410442926	171108
m6a_200 sperm	1193	0.08341447255777532	171095
m6a_200 sperm	1194	0.08341049008499557	171078
m6a_200 sperm	1195	0.08341800412260314	171064
m6a_200 sperm	1196	0.08341820463634103	171051
m6a_200 sperm	1197	0.08340895138696439	171031
m6a_200 sperm	1198	0.08340290813039648	171021
m6a_200 sperm	1199	0.08335593572136485	171005
m6a_200 sperm	1200	0.08332533709970663	170994
m6a_200 sperm	1201	0.08331003594398359	170981
m6a_200 sperm	1202	0.08330038490015917	170961
m6a_200 sperm	1203	0.08325572304084432	170950
m6a_200 sperm	1204	0.08326263878554319	170936
m6a_200 sperm	1205	0.08323767374479737	170924
m6a_200 sperm	1206	0.08321182806998483	170910
m6a_200 sperm	1207	0.08322460340654549	170905
m6a_200 sperm	1208	0.08327803939290036	170891
m6a_200 sperm	1209	0.08330232602307322	170877
m6a_200 sperm	1210	0.08333597469961347	170856
m6a_200 sperm	1211	0.08336786808611496	170841
m6a_200 sperm	1212	0.08338299549799025	170824
m6a_200 sperm	1213	0.08342203020980607	170816
m6a_200 sperm	1214	0.08346302259167342	170806
m6a_200 sperm	1215	0.0834981619569144	170792
m6a_200 sperm	1216	0.08352275982855639	170781
m6a_200 sperm	1217	0.08351837554272774	170764
m6a_200 sperm	1218	0.08350696920097836	170756
m6a_200 sperm	1219	0.08347955620099107	170743
m6a_200 sperm	1220	0.08348240449441156	170729
m6a_200 sperm	1221	0.08350233636881618	170714
m6a_200 sperm	1222	0.08354814397955451	170699
m6a_200 sperm	1223	0.0835959118683221	170684
m6a_200 sperm	1224	0.08365530425193896	170670
m6a_200 sperm	1225	0.08370845672562391	170660
m6a_200 sperm	1226	0.08376366394302198	170646
m6a_200 sperm	1227	0.0837956322887184	170635
m6a_200 sperm	1228	0.08382154925569227	170623
m6a_200 sperm	1229	0.0838754123673932	170607
m6a_200 sperm	1230	0.08391589405220308	170599
m6a_200 sperm	1231	0.08392237586630247	170587
m6a_200 sperm	1232	0.08392494465590139	170581
m6a_200 sperm	1233	0.08393406797039038	170569
m6a_200 sperm	1234	0.08387088191994252	170557
m6a_200 sperm	1235	0.08377710460056373	170542
m6a_200 sperm	1236	0.08371468582279991	170526
m6a_200 sperm	1237	0.08364668620419081	170509
m6a_200 sperm	1238	0.08354495659275271	170500
m6a_200 sperm	1239	0.08347097052230479	170485
m6a_200 sperm	1240	0.08344439105787306	170467
m6a_200 sperm	1241	0.08339932855681163	170455
m6a_200 sperm	1242	0.08334868040323738	170445
m6a_200 sperm	1243	0.0833220809521942	170433
m6a_200 sperm	1244	0.08327933602904974	170415
m6a_200 sperm	1245	0.08322241197100744	170403
m6a_200 sperm	1246	0.08319218462077574	170388
m6a_200 sperm	1247	0.08319256836378913	170379
m6a_200 sperm	1248	0.08316379583409575	170370
m6a_200 sperm	1249	0.08316064911004936	170351
m6a_200 sperm	1250	0.08315143722275692	170337
m6a_200 sperm	1251	0.08310748508061358	170324
m6a_200 sperm	1252	0.08303368173426824	170317
m6a_200 sperm	1253	0.08297199815117223	170303
m6a_200 sperm	1254	0.08290228152287211	170289
m6a_200 sperm	1255	0.08284851428499376	170271
m6a_200 sperm	1256	0.08281519099848514	170256
m6a_200 sperm	1257	0.08273857244692179	170242
m6a_200 sperm	1258	0.08267291611208423	170223
m6a_200 sperm	1259	0.08260763806326181	170207
m6a_200 sperm	1260	0.08253374613494188	170197
m6a_200 sperm	1261	0.0824722769277029	170178
m6a_200 sperm	1262	0.08245006332071489	170168
m6a_200 sperm	1263	0.08242098766407387	170142
m6a_200 sperm	1264	0.0824111184388319	170133
m6a_200 sperm	1265	0.08240133486999819	170121
m6a_200 sperm	1266	0.08235050359530864	170110
m6a_200 sperm	1267	0.08234542737544055	170087
m6a_200 sperm	1268	0.08234524555145174	170072
m6a_200 sperm	1269	0.08232241549714833	170064
m6a_200 sperm	1270	0.08229871370653749	170050
m6a_200 sperm	1271	0.08230263506768311	170030
m6a_200 sperm	1272	0.08228342136168333	170016
m6a_200 sperm	1273	0.08226597721344198	169995
m6a_200 sperm	1274	0.08227098186463773	169983
m6a_200 sperm	1275	0.08224647025207626	169975
m6a_200 sperm	1276	0.08221940548137177	169954
m6a_200 sperm	1277	0.08221626633844406	169941
m6a_200 sperm	1278	0.08222509183048887	169922
m6a_200 sperm	1279	0.08224688751298034	169906
m6a_200 sperm	1280	0.08227544845652104	169896
m6a_200 sperm	1281	0.08233255932250741	169887
m6a_200 sperm	1282	0.08235848443781542	169877
m6a_200 sperm	1283	0.08236252477440523	169855
m6a_200 sperm	1284	0.08232535494192599	169845
m6a_200 sperm	1285	0.08232173540610273	169830
m6a_200 sperm	1286	0.08228210660362756	169821
m6a_200 sperm	1287	0.08226995302462678	169805
m6a_200 sperm	1288	0.08228125920244844	169790
m6a_200 sperm	1289	0.08230639244298242	169776
m6a_200 sperm	1290	0.08231051876725107	169762
m6a_200 sperm	1291	0.08234301836887434	169744
m6a_200 sperm	1292	0.08234577300782928	169726
m6a_200 sperm	1293	0.08232967482848813	169710
m6a_200 sperm	1294	0.0823349993979377	169699
m6a_200 sperm	1295	0.08232343083883678	169685
m6a_200 sperm	1296	0.0822759971200185	169677
m6a_200 sperm	1297	0.0822485986723003	169663
m6a_200 sperm	1298	0.08221883683669233	169640
m6a_200 sperm	1299	0.08215880922832332	169629
m6a_200 sperm	1300	0.08209267711206743	169615
m6a_200 sperm	1301	0.08204323169973506	169603
m6a_200 sperm	1302	0.08201236878963669	169591
m6a_200 sperm	1303	0.0819675370828295	169566
m6a_200 sperm	1304	0.0819308586339724	169558
m6a_200 sperm	1305	0.08194971334699666	169542
m6a_200 sperm	1306	0.08200290103989813	169531
m6a_200 sperm	1307	0.0820259060100682	169518
m6a_200 sperm	1308	0.08205087696360724	169504
m6a_200 sperm	1309	0.08206178292190126	169491
m6a_200 sperm	1310	0.08204565070197367	169479
m6a_200 sperm	1311	0.08200984849397903	169467
m6a_200 sperm	1312	0.0820069982596131	169453
m6a_200 sperm	1313	0.08198248224270009	169435
m6a_200 sperm	1314	0.0819734023408461	169423
m6a_200 sperm	1315	0.08196559928851119	169403
m6a_200 sperm	1316	0.08194176999912722	169390
m6a_200 sperm	1317	0.08191204603017005	169375
m6a_200 sperm	1318	0.0819385093996946	169364
m6a_200 sperm	1319	0.08196634888132244	169352
m6a_200 sperm	1320	0.08198454739732647	169337
m6a_200 sperm	1321	0.0819926157244551	169322
m6a_200 sperm	1322	0.08194880813876533	169309
m6a_200 sperm	1323	0.0819035298772416	169305
m6a_200 sperm	1324	0.0818282253645446	169292
m6a_200 sperm	1325	0.0817447375049632	169280
m6a_200 sperm	1326	0.08169056660474552	169270
m6a_200 sperm	1327	0.08167075016931416	169256
m6a_200 sperm	1328	0.08165112995953427	169242
m6a_200 sperm	1329	0.08165779033135616	169228
m6a_200 sperm	1330	0.08168060801868338	169214
m6a_200 sperm	1331	0.08169959530336335	169201
m6a_200 sperm	1332	0.0817125779806872	169191
m6a_200 sperm	1333	0.08169591049473016	169180
m6a_200 sperm	1334	0.08167096295874482	169167
m6a_200 sperm	1335	0.08163940087181706	169154
m6a_200 sperm	1336	0.081605377703349	169141
m6a_200 sperm	1337	0.08157598586228622	169126
m6a_200 sperm	1338	0.08154846879365985	169116
m6a_200 sperm	1339	0.08150911666225075	169104
m6a_200 sperm	1340	0.08149530186348898	169096
m6a_200 sperm	1341	0.08146393539477738	169083
m6a_200 sperm	1342	0.08142566188505346	169073
m6a_200 sperm	1343	0.08142444483902116	169061
m6a_200 sperm	1344	0.0814781325740978	169047
m6a_200 sperm	1345	0.08152412718871185	169035
m6a_200 sperm	1346	0.08156400881548119	169017
m6a_200 sperm	1347	0.08162481026997553	169001
m6a_200 sperm	1348	0.08170120560860557	168991
m6a_200 sperm	1349	0.0817442813128628	168981
m6a_200 sperm	1350	0.08177700115772216	168967
m6a_200 sperm	1351	0.08182844398750985	168951
m6a_200 sperm	1352	0.08185935923635856	168932
m6a_200 sperm	1353	0.08186463000516012	168912
m6a_200 sperm	1354	0.08187296778101963	168894
m6a_200 sperm	1355	0.08186305462515235	168876
m6a_200 sperm	1356	0.0818775317493017	168865
m6a_200 sperm	1357	0.08190484660926016	168851
m6a_200 sperm	1358	0.08192012684397612	168836
m6a_200 sperm	1359	0.08194123527402723	168820
m6a_200 sperm	1360	0.08200598745431496	168804
m6a_200 sperm	1361	0.08205109587542211	168794
m6a_200 sperm	1362	0.08207833736591517	168782
m6a_200 sperm	1363	0.08211170241256477	168762
m6a_200 sperm	1364	0.0821151452125404	168747
m6a_200 sperm	1365	0.08207256042657615	168729
m6a_200 sperm	1366	0.08204964168226173	168722
m6a_200 sperm	1367	0.08205488201521838	168708
m6a_200 sperm	1368	0.08204877123058912	168693
m6a_200 sperm	1369	0.08205410224052385	168681
m6a_200 sperm	1370	0.08209708396197068	168670
m6a_200 sperm	1371	0.08211369361392808	168655
m6a_200 sperm	1372	0.08212230148370753	168644
m6a_200 sperm	1373	0.0821279336428064	168632
m6a_200 sperm	1374	0.0821552240545286	168617
m6a_200 sperm	1375	0.08215760909779855	168600
m6a_200 sperm	1376	0.08214229413744198	168594
m6a_200 sperm	1377	0.08213291505986907	168583
m6a_200 sperm	1378	0.08214084424857859	168570
m6a_200 sperm	1379	0.08218060812686392	168555
m6a_200 sperm	1380	0.08221572210758471	168543
m6a_200 sperm	1381	0.08225657008036566	168527
m6a_200 sperm	1382	0.08224846854408557	168515
m6a_200 sperm	1383	0.0822330520952257	168504
m6a_200 sperm	1384	0.08220824912054606	168492
m6a_200 sperm	1385	0.08220965780192872	168482
m6a_200 sperm	1386	0.08221312772842737	168465
m6a_200 sperm	1387	0.0822582452226473	168452
m6a_200 sperm	1388	0.08233374111711068	168432
m6a_200 sperm	1389	0.08236244772767316	168419
m6a_200 sperm	1390	0.08240056740169807	168402
m6a_200 sperm	1391	0.08243414304285832	168390
m6a_200 sperm	1392	0.08244040215510692	168378
m6a_200 sperm	1393	0.08241806189641254	168368
m6a_200 sperm	1394	0.08241334095175874	168355
m6a_200 sperm	1395	0.08236425749615915	168339
m6a_200 sperm	1396	0.08230248264624986	168329
m6a_200 sperm	1397	0.08226099765922563	168309
m6a_200 sperm	1398	0.08223347993132954	168295
m6a_200 sperm	1399	0.0821915023292337	168281
m6a_200 sperm	1400	0.08217131654591936	168268
m6a_200 sperm	1401	0.08217559528896538	168260
m6a_200 sperm	1402	0.08218700893787785	168248
m6a_200 sperm	1403	0.08220823453582975	168239
m6a_200 sperm	1404	0.08221715930699507	168225
m6a_200 sperm	1405	0.08221676706476509	168209
m6a_200 sperm	1406	0.08221467799054105	168193
m6a_200 sperm	1407	0.08219674050187108	168179
m6a_200 sperm	1408	0.08215125868392524	168163
m6a_200 sperm	1409	0.0821340197202687	168153
m6a_200 sperm	1410	0.08211508025017107	168139
m6a_200 sperm	1411	0.08212875091821176	168126
m6a_200 sperm	1412	0.0821331936677224	168105
m6a_200 sperm	1413	0.08209965149448994	168084
m6a_200 sperm	1414	0.08207443972964532	168071
m6a_200 sperm	1415	0.08205628348324648	168056
m6a_200 sperm	1416	0.0820120642597233	168043
m6a_200 sperm	1417	0.0819895565966484	168035
m6a_200 sperm	1418	0.08202089909719446	168025
m6a_200 sperm	1419	0.08203208740430025	168009
m6a_200 sperm	1420	0.082053894216831	167991
m6a_200 sperm	1421	0.08205842552806114	167965
m6a_200 sperm	1422	0.08208549214647329	167958
m6a_200 sperm	1423	0.0820973947101641	167942
m6a_200 sperm	1424	0.08208548979366034	167927
m6a_200 sperm	1425	0.08205640248359918	167918
m6a_200 sperm	1426	0.08204626958775571	167904
m6a_200 sperm	1427	0.08203524979001674	167890
m6a_200 sperm	1428	0.08202680807408165	167875
m6a_200 sperm	1429	0.08202282552860367	167857
m6a_200 sperm	1430	0.08199899067360433	167846
m6a_200 sperm	1431	0.08196304133349276	167835
m6a_200 sperm	1432	0.08191697758876078	167829
m6a_200 sperm	1433	0.08187696890513886	167816
m6a_200 sperm	1434	0.0818560003536729	167804
m6a_200 sperm	1435	0.08185129785753346	167792
m6a_200 sperm	1436	0.08185642136900122	167769
m6a_200 sperm	1437	0.0818400905418789	167755
m6a_200 sperm	1438	0.08179643231176648	167739
m6a_200 sperm	1439	0.08175317768741241	167727
m6a_200 sperm	1440	0.08172958205938664	167714
m6a_200 sperm	1441	0.08171701215282229	167699
m6a_200 sperm	1442	0.08170891952683006	167679
m6a_200 sperm	1443	0.08174018820583238	167660
m6a_200 sperm	1444	0.081781901364007	167651
m6a_200 sperm	1445	0.08181587667707149	167638
m6a_200 sperm	1446	0.08182202212980472	167626
m6a_200 sperm	1447	0.08181742806512893	167612
m6a_200 sperm	1448	0.08181293896390646	167597
m6a_200 sperm	1449	0.08180246074831488	167588
m6a_200 sperm	1450	0.08178581707865251	167574
m6a_200 sperm	1451	0.08179730691454642	167550
m6a_200 sperm	1452	0.08183286836790578	167538
m6a_200 sperm	1453	0.08185530789936654	167516
m6a_200 sperm	1454	0.08187119070740126	167505
m6a_200 sperm	1455	0.08187790772184458	167491
m6a_200 sperm	1456	0.08186234859093713	167473
m6a_200 sperm	1457	0.0818200044251551	167457
m6a_200 sperm	1458	0.08176790773818035	167443
m6a_200 sperm	1459	0.08172416415710432	167425
m6a_200 sperm	1460	0.08164307527484146	167413
m6a_200 sperm	1461	0.08157611940835949	167395
m6a_200 sperm	1462	0.08150369062306145	167382
m6a_200 sperm	1463	0.08142867110093295	167370
m6a_200 sperm	1464	0.08134818188695207	167359
m6a_200 sperm	1465	0.08131935650376472	167349
m6a_200 sperm	1466	0.08125176062533761	167338
m6a_200 sperm	1467	0.08116631756071772	167322
m6a_200 sperm	1468	0.08109679725209572	167303
m6a_200 sperm	1469	0.08099876560739452	167291
m6a_200 sperm	1470	0.08089894838133621	167277
m6a_200 sperm	1471	0.08085295712810521	167264
m6a_200 sperm	1472	0.08083096601934989	167254
m6a_200 sperm	1473	0.08076462727608126	167247
m6a_200 sperm	1474	0.08074061781573913	167234
m6a_200 sperm	1475	0.08072914700415396	167221
m6a_200 sperm	1476	0.08069414243888498	167203
m6a_200 sperm	1477	0.08066003764935174	167187
m6a_200 sperm	1478	0.0806502324425177	167176
m6a_200 sperm	1479	0.08065579252937238	167166
m6a_200 sperm	1480	0.08063713205114796	167149
m6a_200 sperm	1481	0.08062277284516885	167133
m6a_200 sperm	1482	0.08061435395832214	167120
m6a_200 sperm	1483	0.08059807322615972	167114
m6a_200 sperm	1484	0.08057471337885996	167092
m6a_200 sperm	1485	0.08057108005901875	167082
m6a_200 sperm	1486	0.0805880900410022	167065
m6a_200 sperm	1487	0.080601353383261	167046
m6a_200 sperm	1488	0.08061169390691852	167037
m6a_200 sperm	1489	0.0805809366525005	167029
m6a_200 sperm	1490	0.08056229217605824	167012
m6a_200 sperm	1491	0.08055371772877655	166999
m6a_200 sperm	1492	0.08057048791840456	166991
m6a_200 sperm	1493	0.08061111494907297	166977
m6a_200 sperm	1494	0.08069246922220086	166967
m6a_200 sperm	1495	0.0807500648139484	166951
m6a_200 sperm	1496	0.08078682211368317	166938
m6a_200 sperm	1497	0.0808105038263245	166928
m6a_200 sperm	1498	0.08085206787697986	166919
m6a_200 sperm	1499	0.08085917540083325	166908
m6a_200 sperm	1500	0.08086417410232659	166893
m6a_200 sperm	1501	0.08086736030503258	166877
m6a_200 sperm	1502	0.08085376592575151	166864
m6a_200 sperm	1503	0.08084137835778689	166849
m6a_200 sperm	1504	0.0808383792543221	166838
m6a_200 sperm	1505	0.08086755675626588	166823
m6a_200 sperm	1506	0.08090234654732599	166809
m6a_200 sperm	1507	0.08095320981714577	166798
m6a_200 sperm	1508	0.08097381153268046	166787
m6a_200 sperm	1509	0.08097742480466176	166771
m6a_200 sperm	1510	0.0809403605923628	166759
m6a_200 sperm	1511	0.08090560060944835	166747
m6a_200 sperm	1512	0.08085952042995416	166735
m6a_200 sperm	1513	0.08080143562051696	166725
m6a_200 sperm	1514	0.0807693081911962	166702
m6a_200 sperm	1515	0.08073438309298278	166690
m6a_200 sperm	1516	0.08065414771623797	166670
m6a_200 sperm	1517	0.08058743207329479	166662
m6a_200 sperm	1518	0.08054500005914948	166649
m6a_200 sperm	1519	0.08051677458555617	166635
m6a_200 sperm	1520	0.08048359883567505	166620
m6a_200 sperm	1521	0.08049194690111929	166602
m6a_200 sperm	1522	0.0804843021622142	166583
m6a_200 sperm	1523	0.08046575473502425	166575
m6a_200 sperm	1524	0.08042592549736967	166565
m6a_200 sperm	1525	0.08041163653582588	166551
m6a_200 sperm	1526	0.08038932899884485	166542
m6a_200 sperm	1527	0.08039012818430061	166532
m6a_200 sperm	1528	0.08041605493814384	166520
m6a_200 sperm	1529	0.08042766100060829	166507
m6a_200 sperm	1530	0.08042965656763797	166494
m6a_200 sperm	1531	0.08044597413922619	166484
m6a_200 sperm	1532	0.08041865533200558	166474
m6a_200 sperm	1533	0.08037172852062938	166463
m6a_200 sperm	1534	0.08034180840776245	166454
m6a_200 sperm	1535	0.08031688338542455	166445
m6a_200 sperm	1536	0.08026340673334467	166433
m6a_200 sperm	1537	0.08024775559272147	166421
m6a_200 sperm	1538	0.08024292189428966	166407
m6a_200 sperm	1539	0.08025871503206733	166392
m6a_200 sperm	1540	0.08030384479513861	166383
m6a_200 sperm	1541	0.08039596287518717	166369
m6a_200 sperm	1542	0.08050752647225487	166352
m6a_200 sperm	1543	0.08060125635931262	166337
m6a_200 sperm	1544	0.08065892016348794	166320
m6a_200 sperm	1545	0.08071640647970732	166309
m6a_200 sperm	1546	0.08070957771057037	166295
m6a_200 sperm	1547	0.08068904086850807	166280
m6a_200 sperm	1548	0.08066527889627281	166271
m6a_200 sperm	1549	0.08069093293807023	166259
m6a_200 sperm	1550	0.08069224202929592	166244
m6a_200 sperm	1551	0.08072397474217288	166229
m6a_200 sperm	1552	0.0807508046987055	166217
m6a_200 sperm	1553	0.08081354573670263	166192
m6a_200 sperm	1554	0.08085724082318152	166181
m6a_200 sperm	1555	0.08089260981165408	166168
m6a_200 sperm	1556	0.08095912556513318	166151
m6a_200 sperm	1557	0.08104100730144762	166138
m6a_200 sperm	1558	0.08111708048385861	166127
m6a_200 sperm	1559	0.08117331069368372	166119
m6a_200 sperm	1560	0.08122111271185878	166104
m6a_200 sperm	1561	0.08122065877981208	166093
m6a_200 sperm	1562	0.0812204085924066	166080
m6a_200 sperm	1563	0.08120229361645412	166070
m6a_200 sperm	1564	0.08120865688292457	166060
m6a_200 sperm	1565	0.08122654184173846	166043
m6a_200 sperm	1566	0.08125686092661204	166028
m6a_200 sperm	1567	0.08127009822191451	166008
m6a_200 sperm	1568	0.08129750513142603	165994
m6a_200 sperm	1569	0.08131286909154106	165974
m6a_200 sperm	1570	0.08134191152357569	165960
m6a_200 sperm	1571	0.08137075860655822	165945
m6a_200 sperm	1572	0.08140332695882194	165933
m6a_200 sperm	1573	0.08141801679551268	165921
m6a_200 sperm	1574	0.08143231580486786	165900
m6a_200 sperm	1575	0.08145124623331418	165884
m6a_200 sperm	1576	0.08148324470490156	165873
m6a_200 sperm	1577	0.08151850052888691	165863
m6a_200 sperm	1578	0.08152872712973111	165853
m6a_200 sperm	1579	0.08149974046909826	165848
m6a_200 sperm	1580	0.08145246690549471	165829
m6a_200 sperm	1581	0.08138498040859264	165812
m6a_200 sperm	1582	0.08129656581474076	165804
m6a_200 sperm	1583	0.08122655363964398	165791
m6a_200 sperm	1584	0.08118590312272868	165778
m6a_200 sperm	1585	0.08113376921172097	165768
m6a_200 sperm	1586	0.08111401429893908	165759
m6a_200 sperm	1587	0.08111235808475245	165745
m6a_200 sperm	1588	0.08111953913936015	165734
m6a_200 sperm	1589	0.08113816849721611	165721
m6a_200 sperm	1590	0.08117972872035381	165707
m6a_200 sperm	1591	0.08116544075563112	165692
m6a_200 sperm	1592	0.08116313269573999	165678
m6a_200 sperm	1593	0.08116957117647809	165658
m6a_200 sperm	1594	0.08120460150935654	165646
m6a_200 sperm	1595	0.08120562576574616	165629
m6a_200 sperm	1596	0.08123856002558108	165618
m6a_200 sperm	1597	0.08126847137906494	165606
m6a_200 sperm	1598	0.08127465179326207	165593
m6a_200 sperm	1599	0.08124590896603227	165575
m6a_200 sperm	1600	0.08124996974905113	165566
m6a_200 sperm	1601	0.08124305746602792	165554
m6a_200 sperm	1602	0.08124725323006096	165540
m6a_200 sperm	1603	0.08127420682749306	165528
m6a_200 sperm	1604	0.08130155449231777	165520
m6a_200 sperm	1605	0.081330929863168	165513
m6a_200 sperm	1606	0.08134972002443822	165497
m6a_200 sperm	1607	0.08137002561736911	165487
m6a_200 sperm	1608	0.08140614782442197	165472
m6a_200 sperm	1609	0.08144501175653679	165461
m6a_200 sperm	1610	0.08144297347474797	165453
m6a_200 sperm	1611	0.08147357172440717	165446
m6a_200 sperm	1612	0.08151022808192986	165434
m6a_200 sperm	1613	0.08155101572178643	165419
m6a_200 sperm	1614	0.08159743324571012	165408
m6a_200 sperm	1615	0.08167227349365773	165395
m6a_200 sperm	1616	0.0817076304128208	165380
m6a_200 sperm	1617	0.0817095304262439	165374
m6a_200 sperm	1618	0.08167776764705467	165367
m6a_200 sperm	1619	0.08164185581923103	165352
m6a_200 sperm	1620	0.08160038460160851	165337
m6a_200 sperm	1621	0.08154254973322472	165315
m6a_200 sperm	1622	0.08147967477288748	165304
m6a_200 sperm	1623	0.08142879499400577	165291
m6a_200 sperm	1624	0.08138700050965714	165278
m6a_200 sperm	1625	0.08132874520782149	165264
m6a_200 sperm	1626	0.08131162228349857	165248
m6a_200 sperm	1627	0.08127653535799023	165232
m6a_200 sperm	1628	0.08124445947946161	165219
m6a_200 sperm	1629	0.08122148191176892	165204
m6a_200 sperm	1630	0.08122545606814871	165184
m6a_200 sperm	1631	0.08122347158601859	165174
m6a_200 sperm	1632	0.08122917107856412	165167
m6a_200 sperm	1633	0.08122168135522152	165153
m6a_200 sperm	1634	0.08116885835968277	165146
m6a_200 sperm	1635	0.0810987458564063	165137
m6a_200 sperm	1636	0.08103032422215102	165120
m6a_200 sperm	1637	0.08094391789056943	165104
m6a_200 sperm	1638	0.08086850769942934	165085
m6a_200 sperm	1639	0.08084803507658206	165076
m6a_200 sperm	1640	0.08084369952041667	165066
m6a_200 sperm	1641	0.08088249960514161	165057
m6a_200 sperm	1642	0.08096541566925496	165037
m6a_200 sperm	1643	0.08100257313074177	165023
m6a_200 sperm	1644	0.08097588904218815	165009
m6a_200 sperm	1645	0.08093609851196315	164996
m6a_200 sperm	1646	0.08087613514795716	164983
m6a_200 sperm	1647	0.0807921185401826	164973
m6a_200 sperm	1648	0.08074019582107221	164967
m6a_200 sperm	1649	0.08072444114217578	164951
m6a_200 sperm	1650	0.08073585077171835	164932
m6a_200 sperm	1651	0.08071903821496058	164921
m6a_200 sperm	1652	0.08074720086776954	164906
m6a_200 sperm	1653	0.08081257927539263	164891
m6a_200 sperm	1654	0.08083375898746811	164874
m6a_200 sperm	1655	0.0808498968324304	164859
m6a_200 sperm	1656	0.0808815099344096	164841
m6a_200 sperm	1657	0.08090435300587741	164828
m6a_200 sperm	1658	0.08090900620159504	164816
m6a_200 sperm	1659	0.08095543617730358	164802
m6a_200 sperm	1660	0.08099196507433137	164787
m6a_200 sperm	1661	0.0810310228762721	164776
m6a_200 sperm	1662	0.08103377177440951	164765
m6a_200 sperm	1663	0.08104351541397331	164752
m6a_200 sperm	1664	0.08103543923339492	164737
m6a_200 sperm	1665	0.08102673722447477	164725
m6a_200 sperm	1666	0.08100316705455379	164710
m6a_200 sperm	1667	0.08097371486720482	164693
m6a_200 sperm	1668	0.0808849460851376	164683
m6a_200 sperm	1669	0.08082613838264537	164666
m6a_200 sperm	1670	0.08078242996444351	164652
m6a_200 sperm	1671	0.08073546162133403	164641
m6a_200 sperm	1672	0.08069061898594657	164631
m6a_200 sperm	1673	0.08069061972395196	164617
m6a_200 sperm	1674	0.08065679406414585	164603
m6a_200 sperm	1675	0.08057421747987109	164590
m6a_200 sperm	1676	0.0805103476224821	164577
m6a_200 sperm	1677	0.08043085830494198	164556
m6a_200 sperm	1678	0.08033026127937731	164537
m6a_200 sperm	1679	0.08027127706468726	164521
m6a_200 sperm	1680	0.08024047506893142	164500
m6a_200 sperm	1681	0.0802290317201634	164484
m6a_200 sperm	1682	0.0802125134959827	164473
m6a_200 sperm	1683	0.08021325622942291	164455
m6a_200 sperm	1684	0.08019687925312002	164441
m6a_200 sperm	1685	0.08019022967201625	164430
m6a_200 sperm	1686	0.08016120141727383	164415
m6a_200 sperm	1687	0.08015415631493011	164404
m6a_200 sperm	1688	0.08016030086758255	164391
m6a_200 sperm	1689	0.08016980441798205	164376
m6a_200 sperm	1690	0.08019542262286239	164367
m6a_200 sperm	1691	0.08022284638224156	164355
m6a_200 sperm	1692	0.08024924627541494	164341
m6a_200 sperm	1693	0.08027361018955387	164322
m6a_200 sperm	1694	0.08028273768643446	164305
m6a_200 sperm	1695	0.08028296028806395	164292
m6a_200 sperm	1696	0.08029589334444276	164274
m6a_200 sperm	1697	0.08033604765274022	164264
m6a_200 sperm	1698	0.08033124876654614	164252
m6a_200 sperm	1699	0.08030310924726464	164243
m6a_200 sperm	1700	0.08024724937450581	164229
m6a_200 sperm	1701	0.08015577370871824	164213
m6a_200 sperm	1702	0.08004339543130405	164200
m6a_200 sperm	1703	0.07995414254709621	164191
m6a_200 sperm	1704	0.07989138124632775	164184
m6a_200 sperm	1705	0.07982241905420749	164170
m6a_200 sperm	1706	0.07978337002294966	164157
m6a_200 sperm	1707	0.07975118753847024	164145
m6a_200 sperm	1708	0.07971656067448281	164129
m6a_200 sperm	1709	0.07966515471252499	164114
m6a_200 sperm	1710	0.0796380161694128	164100
m6a_200 sperm	1711	0.07958508429101227	164084
m6a_200 sperm	1712	0.0795084032845218	164073
m6a_200 sperm	1713	0.07947194610398196	164059
m6a_200 sperm	1714	0.0794581593431658	164050
m6a_200 sperm	1715	0.0794438300677128	164036
m6a_200 sperm	1716	0.07946627375352833	164025
m6a_200 sperm	1717	0.07953471100617085	164007
m6a_200 sperm	1718	0.0795743777045302	163991
m6a_200 sperm	1719	0.07959452739869692	163973
m6a_200 sperm	1720	0.07963278502511342	163954
m6a_200 sperm	1721	0.0796212229486491	163943
m6a_200 sperm	1722	0.07958853780307469	163927
m6a_200 sperm	1723	0.07957122854170266	163909
m6a_200 sperm	1724	0.07956723699169926	163895
m6a_200 sperm	1725	0.07952361146635732	163881
m6a_200 sperm	1726	0.07949862785834795	163871
m6a_200 sperm	1727	0.07948672318704762	163861
m6a_200 sperm	1728	0.07946232347933188	163852
m6a_200 sperm	1729	0.07944450920324092	163829
m6a_200 sperm	1730	0.07945364433850871	163818
m6a_200 sperm	1731	0.07950316966235438	163803
m6a_200 sperm	1732	0.0795395228843663	163792
m6a_200 sperm	1733	0.07955428433122003	163782
m6a_200 sperm	1734	0.0795576652935101	163769
m6a_200 sperm	1735	0.07959486072709307	163754
m6a_200 sperm	1736	0.07958452501011794	163743
m6a_200 sperm	1737	0.07959280624089321	163736
m6a_200 sperm	1738	0.07962981967035992	163725
m6a_200 sperm	1739	0.07969473855327876	163709
m6a_200 sperm	1740	0.07972887909837363	163700
m6a_200 sperm	1741	0.07977591791241193	163691
m6a_200 sperm	1742	0.07982419241873838	163674
m6a_200 sperm	1743	0.07985379605983772	163656
m6a_200 sperm	1744	0.07988389744777055	163640
m6a_200 sperm	1745	0.07992002025840522	163622
m6a_200 sperm	1746	0.0799726744281471	163608
m6a_200 sperm	1747	0.07999276946927258	163592
m6a_200 sperm	1748	0.08003682988995522	163580
m6a_200 sperm	1749	0.0800641713894172	163572
m6a_200 sperm	1750	0.08004636545638283	163559
m6a_200 sperm	1751	0.0800407942907242	163541
m6a_200 sperm	1752	0.08004285157528244	163524
m6a_200 sperm	1753	0.07999798720452128	163512
m6a_200 sperm	1754	0.07997259613445577	163501
m6a_200 sperm	1755	0.07996412239942285	163480
m6a_200 sperm	1756	0.07992873697267895	163463
m6a_200 sperm	1757	0.07989550232887774	163448
m6a_200 sperm	1758	0.07991899085675594	163436
m6a_200 sperm	1759	0.07988946627224339	163428
m6a_200 sperm	1760	0.07990635056133218	163415
m6a_200 sperm	1761	0.07991383265567933	163402
m6a_200 sperm	1762	0.07994149080822252	163388
m6a_200 sperm	1763	0.07989466844213981	163372
m6a_200 sperm	1764	0.07992394302370144	163358
m6a_200 sperm	1765	0.07992026682587107	163343
m6a_200 sperm	1766	0.0799468111647752	163328
m6a_200 sperm	1767	0.07998693781301164	163313
m6a_200 sperm	1768	0.08008461911003681	163301
m6a_200 sperm	1769	0.08014116703885026	163286
m6a_200 sperm	1770	0.080176301305	163271
m6a_200 sperm	1771	0.08020399575801627	163251
m6a_200 sperm	1772	0.0802113674080749	163242
m6a_200 sperm	1773	0.08022844894070438	163231
m6a_200 sperm	1774	0.08021194870824064	163211
m6a_200 sperm	1775	0.08022657144030862	163197
m6a_200 sperm	1776	0.080226784644148	163182
m6a_200 sperm	1777	0.0802102799566448	163168
m6a_200 sperm	1778	0.08016955527293802	163154
m6a_200 sperm	1779	0.08016755823580313	163142
m6a_200 sperm	1780	0.08015884315470007	163125
m6a_200 sperm	1781	0.08012947483956709	163115
m6a_200 sperm	1782	0.08010805040663163	163107
m6a_200 sperm	1783	0.0800967760364577	163091
m6a_200 sperm	1784	0.08009261899017367	163073
m6a_200 sperm	1785	0.08007536112895688	163065
m6a_200 sperm	1786	0.08009121542066984	163045
m6a_200 sperm	1787	0.08009931825556414	163033
m6a_200 sperm	1788	0.08011650388325124	163017
m6a_200 sperm	1789	0.08010345820201911	163003
m6a_200 sperm	1790	0.08010012624358528	162990
m6a_200 sperm	1791	0.08009895683831247	162978
m6a_200 sperm	1792	0.08011099270499006	162967
m6a_200 sperm	1793	0.08012013912333815	162954
m6a_200 sperm	1794	0.08012569434598577	162943
m6a_200 sperm	1795	0.08010821592003256	162922
m6a_200 sperm	1796	0.0801256135320459	162909
m6a_200 sperm	1797	0.08013859744213239	162895
m6a_200 sperm	1798	0.08014731181746232	162877
m6a_200 sperm	1799	0.08015827677591567	162861
m6a_200 sperm	1800	0.08019522314437663	162846
m6a_200 sperm	1801	0.08017303002248735	162835
m6a_200 sperm	1802	0.08016253212801648	162819
m6a_200 sperm	1803	0.08012859235559437	162803
m6a_200 sperm	1804	0.08012197033372465	162793
m6a_200 sperm	1805	0.08012670338273825	162779
m6a_200 sperm	1806	0.08015645119057203	162765
m6a_200 sperm	1807	0.08017667120844624	162746
m6a_200 sperm	1808	0.08021143811853175	162738
m6a_200 sperm	1809	0.08023780402822726	162725
m6a_200 sperm	1810	0.08027558286651702	162713
m6a_200 sperm	1811	0.08029419054633732	162697
m6a_200 sperm	1812	0.0803332669463156	162687
m6a_200 sperm	1813	0.08036117839962031	162674
m6a_200 sperm	1814	0.08034339239713031	162653
m6a_200 sperm	1815	0.08025713529849517	162642
m6a_200 sperm	1816	0.08017775592526176	162628
m6a_200 sperm	1817	0.08006285340524866	162614
m6a_200 sperm	1818	0.07994715245029156	162606
m6a_200 sperm	1819	0.07984550398238786	162596
m6a_200 sperm	1820	0.07979417620770962	162593
m6a_200 sperm	1821	0.0797615940465595	162586
m6a_200 sperm	1822	0.0797132089320162	162573
m6a_200 sperm	1823	0.07968587758028342	162562
m6a_200 sperm	1824	0.07969717170205612	162550
m6a_200 sperm	1825	0.07970079020163767	162533
m6a_200 sperm	1826	0.07969181341087875	162521
m6a_200 sperm	1827	0.0796938069387356	162511
m6a_200 sperm	1828	0.07965990904934735	162503
m6a_200 sperm	1829	0.0796023282052497	162492
m6a_200 sperm	1830	0.07955611621588674	162477
m6a_200 sperm	1831	0.07949788516358962	162468
m6a_200 sperm	1832	0.07947062339420392	162455
m6a_200 sperm	1833	0.07951127126715249	162444
m6a_200 sperm	1834	0.07956870972459507	162431
m6a_200 sperm	1835	0.07961354562267575	162414
m6a_200 sperm	1836	0.07963196943971083	162397
m6a_200 sperm	1837	0.079638280674179	162387
m6a_200 sperm	1838	0.07959976828817951	162369
m6a_200 sperm	1839	0.07954572421338994	162354
m6a_200 sperm	1840	0.0794984234250077	162342
m6a_200 sperm	1841	0.07948408087008045	162320
m6a_200 sperm	1842	0.07948374556223527	162304
m6a_200 sperm	1843	0.07950046589854814	162289
m6a_200 sperm	1844	0.07953365427050256	162282
m6a_200 sperm	1845	0.07955402935620502	162272
m6a_200 sperm	1846	0.07956272274944905	162258
m6a_200 sperm	1847	0.07954439907270455	162247
m6a_200 sperm	1848	0.07949979512262934	162238
m6a_200 sperm	1849	0.07946238970023899	162230
m6a_200 sperm	1850	0.07941826545236755	162224
m6a_200 sperm	1851	0.07939548988238074	162212
m6a_200 sperm	1852	0.07941922442651463	162194
m6a_200 sperm	1853	0.07946100544951175	162181
m6a_200 sperm	1854	0.07950708353482695	162164
m6a_200 sperm	1855	0.07955770051610171	162150
m6a_200 sperm	1856	0.07957920553284409	162132
m6a_200 sperm	1857	0.07956085446794674	162118
m6a_200 sperm	1858	0.0795496121166713	162100
m6a_200 sperm	1859	0.0795143375067572	162087
m6a_200 sperm	1860	0.07948438365736153	162076
m6a_200 sperm	1861	0.07949397299113506	162064
m6a_200 sperm	1862	0.07949235574274599	162046
m6a_200 sperm	1863	0.07948200229344289	162040
m6a_200 sperm	1864	0.07945900494471148	162028
m6a_200 sperm	1865	0.07945650120423706	162018
m6a_200 sperm	1866	0.07947568043572711	162009
m6a_200 sperm	1867	0.07951821974503023	161996
m6a_200 sperm	1868	0.07955932993798717	161983
m6a_200 sperm	1869	0.07962201829953214	161972
m6a_200 sperm	1870	0.07965631045597232	161964
m6a_200 sperm	1871	0.07965272401589521	161949
m6a_200 sperm	1872	0.07963253660239553	161936
m6a_200 sperm	1873	0.079574933318494	161919
m6a_200 sperm	1874	0.07950704696995542	161901
m6a_200 sperm	1875	0.07944893531994929	161884
m6a_200 sperm	1876	0.07939176058014324	161873
m6a_200 sperm	1877	0.07934719121757808	161861
m6a_200 sperm	1878	0.07934042546452018	161847
m6a_200 sperm	1879	0.07934819219788375	161839
m6a_200 sperm	1880	0.07936574802435828	161827
m6a_200 sperm	1881	0.07937840173336344	161819
m6a_200 sperm	1882	0.07939822337884735	161808
m6a_200 sperm	1883	0.07942328661276744	161781
m6a_200 sperm	1884	0.07941545565610425	161763
m6a_200 sperm	1885	0.07938927258257618	161748
m6a_200 sperm	1886	0.07933935208364117	161735
m6a_200 sperm	1887	0.07926257707651911	161722
m6a_200 sperm	1888	0.07915962481131379	161710
m6a_200 sperm	1889	0.07907094349280841	161701
m6a_200 sperm	1890	0.07897274163991763	161688
m6a_200 sperm	1891	0.07885957647923415	161668
m6a_200 sperm	1892	0.07874506550648694	161651
m6a_200 sperm	1893	0.07866290470528589	161640
m6a_200 sperm	1894	0.07857118927937672	161632
m6a_200 sperm	1895	0.07852639102860945	161617
m6a_200 sperm	1896	0.07849805425632607	161606
m6a_200 sperm	1897	0.07849143484684548	161590
m6a_200 sperm	1898	0.07848938250982965	161575
m6a_200 sperm	1899	0.07851113462059883	161560
m6a_200 sperm	1900	0.0784858460741801	161549
m6a_200 sperm	1901	0.07847710536428011	161535
m6a_200 sperm	1902	0.07846960572128972	161519
m6a_200 sperm	1903	0.07843792388980698	161512
m6a_200 sperm	1904	0.0784223407671136	161497
m6a_200 sperm	1905	0.07839778377265728	161480
m6a_200 sperm	1906	0.07839666313233551	161466
m6a_200 sperm	1907	0.07841527175569993	161453
m6a_200 sperm	1908	0.07843045314977694	161447
m6a_200 sperm	1909	0.07844192407177891	161433
m6a_200 sperm	1910	0.07844108693934704	161413
m6a_200 sperm	1911	0.07842616139402377	161399
m6a_200 sperm	1912	0.07836137828965566	161385
m6a_200 sperm	1913	0.0783172668217485	161371
m6a_200 sperm	1914	0.07826019807978453	161360
m6a_200 sperm	1915	0.07825403457573399	161344
m6a_200 sperm	1916	0.07823756400168261	161323
m6a_200 sperm	1917	0.07822718646007941	161308
m6a_200 sperm	1918	0.07822588046120144	161298
m6a_200 sperm	1919	0.07821482393406089	161288
m6a_200 sperm	1920	0.07818956305235211	161268
m6a_200 sperm	1921	0.0781857736422255	161258
m6a_200 sperm	1922	0.07819496558630865	161236
m6a_200 sperm	1923	0.07817781944342224	161222
m6a_200 sperm	1924	0.07815579947216911	161206
m6a_200 sperm	1925	0.0781606873462532	161189
m6a_200 sperm	1926	0.07811622808387741	161178
m6a_200 sperm	1927	0.07809916856873525	161160
m6a_200 sperm	1928	0.07808697116217449	161143
m6a_200 sperm	1929	0.07806846014969013	161126
m6a_200 sperm	1930	0.07803323449427355	161110
m6a_200 sperm	1931	0.07805299257457948	161100
m6a_200 sperm	1932	0.0780597633154354	161088
m6a_200 sperm	1933	0.07806633903690355	161080
m6a_200 sperm	1934	0.0780927772407213	161069
m6a_200 sperm	1935	0.0781105243653202	161055
m6a_200 sperm	1936	0.07811921600726522	161045
m6a_200 sperm	1937	0.07808855084768282	161033
m6a_200 sperm	1938	0.07805320215447413	161016
m6a_200 sperm	1939	0.07804126185731157	161001
m6a_200 sperm	1940	0.0780414520737464	160984
m6a_200 sperm	1941	0.07804585997780521	160976
m6a_200 sperm	1942	0.07808590865308895	160967
m6a_200 sperm	1943	0.07811304355628561	160945
m6a_200 sperm	1944	0.07812909829494201	160934
m6a_200 sperm	1945	0.07813272644746722	160922
m6a_200 sperm	1946	0.07811788906846173	160913
m6a_200 sperm	1947	0.07810305383203152	160904
m6a_200 sperm	1948	0.0780949115868915	160893
m6a_200 sperm	1949	0.07807338603315432	160882
m6a_200 sperm	1950	0.078034836120687	160865
m6a_200 sperm	1951	0.07801159249305128	160853
m6a_200 sperm	1952	0.0779598437727464	160840
m6a_200 sperm	1953	0.07793391213066256	160825
m6a_200 sperm	1954	0.077920318330871	160813
m6a_200 sperm	1955	0.07794776504575625	160799
m6a_200 sperm	1956	0.0779951243808468	160788
m6a_200 sperm	1957	0.07806192079649446	160775
m6a_200 sperm	1958	0.0781692055302527	160760
m6a_200 sperm	1959	0.0782620558471608	160740
m6a_200 sperm	1960	0.07834735663936473	160732
m6a_200 sperm	1961	0.07840022092699123	160716
m6a_200 sperm	1962	0.07847415568393298	160704
m6a_200 sperm	1963	0.07849336912077254	160690
m6a_200 sperm	1964	0.07848096637041448	160671
m6a_200 sperm	1965	0.0784535284524345	160650
m6a_200 sperm	1966	0.07842752791382941	160639
m6a_200 sperm	1967	0.0783452979037033	160628
m6a_200 sperm	1968	0.07826227661322413	160612
m6a_200 sperm	1969	0.07820548711498114	160595
m6a_200 sperm	1970	0.07816019421272472	160582
m6a_200 sperm	1971	0.07809955856261339	160570
m6a_200 sperm	1972	0.0780747412168473	160556
m6a_200 sperm	1973	0.07805106861973059	160544
m6a_200 sperm	1974	0.07805768397292213	160530
m6a_200 sperm	1975	0.07804206547822692	160518
m6a_200 sperm	1976	0.0780534687583215	160502
m6a_200 sperm	1977	0.07807408524394426	160486
m6a_200 sperm	1978	0.0781301896627566	160478
m6a_200 sperm	1979	0.07816482172945846	160459
m6a_200 sperm	1980	0.07821891045986862	160441
m6a_200 sperm	1981	0.07825048826125196	160428
m6a_200 sperm	1982	0.07830364214595052	160417
m6a_200 sperm	1983	0.07833522374041092	160397
m6a_200 sperm	1984	0.07838196848332944	160387
m6a_200 sperm	1985	0.07838247041655347	160373
m6a_200 sperm	1986	0.07839686256668868	160358
m6a_200 sperm	1987	0.07838230593832146	160348
m6a_200 sperm	1988	0.07837829592131107	160339
m6a_200 sperm	1989	0.07835921983775027	160319
m6a_200 sperm	1990	0.07838360228225763	160312
m6a_200 sperm	1991	0.07842479670489708	160298
m6a_200 sperm	1992	0.07845743189929465	160290
m6a_200 sperm	1993	0.07849595039197807	160275
m6a_200 sperm	1994	0.07854465248112175	160266
m6a_200 sperm	1995	0.07859079070574004	160250
m6a_200 sperm	1996	0.07859035817075652	160234
m6a_200 sperm	1997	0.07859136770083763	160214
m6a_200 sperm	1998	0.07856308318181034	160203
m6a_200 sperm	1999	0.07853411232848091	160192
m6a_200 sperm	2000	0.07849610159038115	160182
m6a_200 sperm	2001	0.07849133350118807	160173
m6a_200 sperm	2002	0.07849714410278541	160156
m6a_200 sperm	2003	0.07846846717281045	160137
m6a_200 sperm	2004	0.07843854220669855	160120
m6a_200 sperm	2005	0.0784133127793286	160105
m6a_200 sperm	2006	0.07838749601232416	160096
m6a_200 sperm	2007	0.07833610060993243	160082
m6a_200 sperm	2008	0.07834582153993704	160069
m6a_200 sperm	2009	0.078340450159551	160058
m6a_200 sperm	2010	0.07834132515324344	160044
m6a_200 sperm	2011	0.07834335453399449	160036
m6a_200 sperm	2012	0.07836451908597641	160022
m6a_200 sperm	2013	0.07837829208300029	160010
m6a_200 sperm	2014	0.07839169358151946	159995
m6a_200 sperm	2015	0.07840480219658513	159980
m6a_200 sperm	2016	0.07839790754184395	159963
m6a_200 sperm	2017	0.07842553779783618	159952
m6a_200 sperm	2018	0.07846999780813321	159940
m6a_200 sperm	2019	0.0784913560546925	159930
m6a_200 sperm	2020	0.07850886519265035	159922
m6a_200 sperm	2021	0.07853782579550717	159911
m6a_200 sperm	2022	0.0785184046164873	159901
m6a_200 sperm	2023	0.07846587825146037	159887
m6a_200 sperm	2024	0.07846617810797825	159873
m6a_200 sperm	2025	0.07847631600008376	159871
m6a_200 sperm	2026	0.07850242727708742	159857
m6a_200 sperm	2027	0.07853930700652223	159836
m6a_200 sperm	2028	0.07859633802376237	159825
m6a_200 sperm	2029	0.07865568848888543	159816
m6a_200 sperm	2030	0.0787231208200633	159800
m6a_200 sperm	2031	0.07876167224778646	159788
m6a_200 sperm	2032	0.07879735664994103	159774
m6a_200 sperm	2033	0.07881888557381703	159764
m6a_200 sperm	2034	0.07880131170932621	159746
m6a_200 sperm	2035	0.07878143457145101	159734
m6a_200 sperm	2036	0.07878719000171622	159725
m6a_200 sperm	2037	0.0787962074952186	159709
m6a_200 sperm	2038	0.07881805078836755	159693
m6a_200 sperm	2039	0.07884750253912695	159680
m6a_200 sperm	2040	0.07886914886331575	159665
m6a_200 sperm	2041	0.07888048224434449	159655
m6a_200 sperm	2042	0.07887793372304255	159642
m6a_200 sperm	2043	0.07885890438919665	159629
m6a_200 sperm	2044	0.07883584415071884	159617
m6a_200 sperm	2045	0.07878029487331106	159604
m6a_200 sperm	2046	0.07873641735718626	159584
m6a_200 sperm	2047	0.07872079878534143	159570
m6a_200 sperm	2048	0.07869505156590681	159553
m6a_200 sperm	2049	0.07868421293384731	159534
m6a_200 sperm	2050	0.07870441259204716	159522
m6a_200 sperm	2051	0.07873927232059066	159516
m6a_200 sperm	2052	0.07875424156937674	159505
m6a_200 sperm	2053	0.0787604305937263	159492
m6a_200 sperm	2054	0.07877599215383721	159484
m6a_200 sperm	2055	0.07881076619625232	159472
m6a_200 sperm	2056	0.07881178214840907	159460
m6a_200 sperm	2057	0.07880259130929787	159445
m6a_200 sperm	2058	0.07883575539057841	159431
m6a_200 sperm	2059	0.07888002101235665	159412
m6a_200 sperm	2060	0.07891928034693371	159403
m6a_200 sperm	2061	0.07899648854727571	159393
m6a_200 sperm	2062	0.0790931837369246	159378
m6a_200 sperm	2063	0.07919531423866646	159361
m6a_200 sperm	2064	0.07927149751490682	159348
m6a_200 sperm	2065	0.07934072018743485	159335
m6a_200 sperm	2066	0.07935607526708097	159321
m6a_200 sperm	2067	0.07937027609664324	159313
m6a_200 sperm	2068	0.07934390927348546	159295
m6a_200 sperm	2069	0.07929453585944979	159281
m6a_200 sperm	2070	0.07923115040099332	159272
m6a_200 sperm	2071	0.07919548087477674	159262
m6a_200 sperm	2072	0.07912272031796055	159256
m6a_200 sperm	2073	0.07905441471272567	159237
m6a_200 sperm	2074	0.07902050992880952	159217
m6a_200 sperm	2075	0.079011929228316	159201
m6a_200 sperm	2076	0.07901009441693845	159186
m6a_200 sperm	2077	0.0790406190718664	159178
m6a_200 sperm	2078	0.07907431874707706	159167
m6a_200 sperm	2079	0.07908037287818391	159150
m6a_200 sperm	2080	0.07906748197072097	159140
m6a_200 sperm	2081	0.0790574070959636	159125
m6a_200 sperm	2082	0.07905679002584556	159118
m6a_200 sperm	2083	0.07905309671001692	159104
m6a_200 sperm	2084	0.07906881663679938	159093
m6a_200 sperm	2085	0.07909876723302628	159076
m6a_200 sperm	2086	0.0790937145259224	159068
m6a_200 sperm	2087	0.0790629483187998	159057
m6a_200 sperm	2088	0.07903197824859241	159041
m6a_200 sperm	2089	0.07901951040923365	159023
m6a_200 sperm	2090	0.07899360898402676	159008
m6a_200 sperm	2091	0.07897736284232758	158991
m6a_200 sperm	2092	0.0789783234105339	158976
m6a_200 sperm	2093	0.07898789173772998	158964
m6a_200 sperm	2094	0.07896136930716434	158950
m6a_200 sperm	2095	0.07895041290061536	158937
m6a_200 sperm	2096	0.07896104784324337	158916
m6a_200 sperm	2097	0.07899841589488417	158909
m6a_200 sperm	2098	0.07906484397453736	158895
m6a_200 sperm	2099	0.0791383277000655	158878
m6a_200 sperm	2100	0.07918240128563732	158864
m6a_200 sperm	2101	0.07919954091083306	158848
m6a_200 sperm	2102	0.07918169356664191	158833
m6a_200 sperm	2103	0.07912014148629669	158824
m6a_200 sperm	2104	0.07905847977224995	158817
m6a_200 sperm	2105	0.078984113504623	158812
m6a_200 sperm	2106	0.07892409070429109	158797
m6a_200 sperm	2107	0.07888209488895964	158783
m6a_200 sperm	2108	0.07886035021057428	158769
m6a_200 sperm	2109	0.07882056274109017	158758
m6a_200 sperm	2110	0.0788017870130885	158752
m6a_200 sperm	2111	0.07877263103792861	158741
m6a_200 sperm	2112	0.07873388914941676	158731
m6a_200 sperm	2113	0.07870476469465677	158720
m6a_200 sperm	2114	0.07872720361279709	158704
m6a_200 sperm	2115	0.07874343981738799	158690
m6a_200 sperm	2116	0.07875094785117746	158680
m6a_200 sperm	2117	0.07871675296307691	158669
m6a_200 sperm	2118	0.07866703688296704	158657
m6a_200 sperm	2119	0.07857010441578502	158642
m6a_200 sperm	2120	0.07850441519334755	158632
m6a_200 sperm	2121	0.07847150203562914	158615
m6a_200 sperm	2122	0.07847116014894451	158594
m6a_200 sperm	2123	0.07845306191764408	158582
m6a_200 sperm	2124	0.07846416197785264	158569
m6a_200 sperm	2125	0.07841800512072516	158560
m6a_200 sperm	2126	0.0783696231464045	158541
m6a_200 sperm	2127	0.07831754462336656	158525
m6a_200 sperm	2128	0.07825031338359625	158510
m6a_200 sperm	2129	0.0781804339776435	158496
m6a_200 sperm	2130	0.07813557954773083	158487
m6a_200 sperm	2131	0.07808528172391348	158482
m6a_200 sperm	2132	0.07803497400909212	158468
m6a_200 sperm	2133	0.07807012036688774	158457
m6a_200 sperm	2134	0.07810682687850003	158443
m6a_200 sperm	2135	0.07818559444928684	158425
m6a_200 sperm	2136	0.07828224604111284	158417
m6a_200 sperm	2137	0.07837773508410642	158399
m6a_200 sperm	2138	0.0783957227199341	158386
m6a_200 sperm	2139	0.07839166937533282	158371
m6a_200 sperm	2140	0.07834195700123933	158358
m6a_200 sperm	2141	0.07826512900488984	158343
m6a_200 sperm	2142	0.07822987924234637	158327
m6a_200 sperm	2143	0.07819588125848195	158320
m6a_200 sperm	2144	0.07818588023437209	158306
m6a_200 sperm	2145	0.07817899250934758	158293
m6a_200 sperm	2146	0.07816969288522368	158278
m6a_200 sperm	2147	0.07813492687756525	158256
m6a_200 sperm	2148	0.07815683593522373	158235
m6a_200 sperm	2149	0.07819828331476228	158223
m6a_200 sperm	2150	0.07824962416321969	158212
m6a_200 sperm	2151	0.07829831808362753	158204
m6a_200 sperm	2152	0.0783884425323735	158197
m6a_200 sperm	2153	0.07844483978224996	158190
m6a_200 sperm	2154	0.07849348865950054	158181
m6a_200 sperm	2155	0.07855158944108921	158166
m6a_200 sperm	2156	0.07861621206555616	158147
m6a_200 sperm	2157	0.078666274108924	158134
m6a_200 sperm	2158	0.07871963874220951	158125
m6a_200 sperm	2159	0.07872647480394995	158110
m6a_200 sperm	2160	0.07871736443913299	158100
m6a_200 sperm	2161	0.07872986232666414	158091
m6a_200 sperm	2162	0.07871802918605425	158073
m6a_200 sperm	2163	0.078674858630648	158063
m6a_200 sperm	2164	0.07867879917486272	158051
m6a_200 sperm	2165	0.07869889314604839	158038
m6a_200 sperm	2166	0.07868841699828556	158026
m6a_200 sperm	2167	0.07870608953924928	158011
m6a_200 sperm	2168	0.07872082295688257	158003
m6a_200 sperm	2169	0.07871073968786158	157988
m6a_200 sperm	2170	0.07869239290233326	157979
m6a_200 sperm	2171	0.0786692729474904	157962
m6a_200 sperm	2172	0.07860017264735242	157941
m6a_200 sperm	2173	0.07856994756304059	157930
m6a_200 sperm	2174	0.0785568523954929	157919
m6a_200 sperm	2175	0.07851245675749839	157901
m6a_200 sperm	2176	0.07849212228311056	157890
m6a_200 sperm	2177	0.07849565342297464	157878
m6a_200 sperm	2178	0.07849128801261303	157867
m6a_200 sperm	2179	0.07846051366227741	157858
m6a_200 sperm	2180	0.07845586585701896	157843
m6a_200 sperm	2181	0.078418763643743	157830
m6a_200 sperm	2182	0.07837415658616341	157810
m6a_200 sperm	2183	0.07831334309012143	157794
m6a_200 sperm	2184	0.07828010919619593	157784
m6a_200 sperm	2185	0.07825778366673036	157779
m6a_200 sperm	2186	0.07824158833093635	157769
m6a_200 sperm	2187	0.0782208154948053	157754
m6a_200 sperm	2188	0.07821341152096521	157740
m6a_200 sperm	2189	0.07816699364119764	157725
m6a_200 sperm	2190	0.07811452934484289	157713
m6a_200 sperm	2191	0.07808448856826744	157700
m6a_200 sperm	2192	0.0780454638891456	157682
m6a_200 sperm	2193	0.07801170877505195	157672
m6a_200 sperm	2194	0.0779818432788833	157658
m6a_200 sperm	2195	0.07794787140608153	157644
m6a_200 sperm	2196	0.0779119537267851	157630
m6a_200 sperm	2197	0.07791029366760283	157615
m6a_200 sperm	2198	0.07790189372910337	157599
m6a_200 sperm	2199	0.07792267702451096	157585
m6a_200 sperm	2200	0.07795859530925076	157575
m6a_200 sperm	2201	0.07799138437402783	157561
m6a_200 sperm	2202	0.07803725709383359	157547
m6a_200 sperm	2203	0.07806702324390193	157537
m6a_200 sperm	2204	0.07807433314242146	157532
m6a_200 sperm	2205	0.07809377230859131	157518
m6a_200 sperm	2206	0.07812367064109421	157500
m6a_200 sperm	2207	0.0781252654013359	157479
m6a_200 sperm	2208	0.0781101386457874	157466
m6a_200 sperm	2209	0.07813369072524837	157452
m6a_200 sperm	2210	0.07813516029822903	157440
m6a_200 sperm	2211	0.07811747478721012	157429
m6a_200 sperm	2212	0.0781292160686709	157413
m6a_200 sperm	2213	0.07820996908930176	157401
m6a_200 sperm	2214	0.07824390935658503	157385
m6a_200 sperm	2215	0.078291262514563	157369
m6a_200 sperm	2216	0.07834175419985716	157356
m6a_200 sperm	2217	0.0783251805657127	157333
m6a_200 sperm	2218	0.07827027754272471	157315
m6a_200 sperm	2219	0.07821750168582893	157296
m6a_200 sperm	2220	0.07814505279711981	157282
m6a_200 sperm	2221	0.07808451762923678	157273
m6a_200 sperm	2222	0.0781014340310515	157256
m6a_200 sperm	2223	0.0781116137489442	157246
m6a_200 sperm	2224	0.07813530140006864	157241
m6a_200 sperm	2225	0.07815594771214844	157218
m6a_200 sperm	2226	0.07814146524202745	157201
m6a_200 sperm	2227	0.07807934170127424	157189
m6a_200 sperm	2228	0.07803050954638834	157174
m6a_200 sperm	2229	0.07800732250560566	157162
m6a_200 sperm	2230	0.078005969120005	157146
m6a_200 sperm	2231	0.07805248062260892	157127
m6a_200 sperm	2232	0.07813072343436686	157113
m6a_200 sperm	2233	0.07819359659113137	157103
m6a_200 sperm	2234	0.07825079167515644	157092
m6a_200 sperm	2235	0.0782976101461858	157077
m6a_200 sperm	2236	0.07832171409129596	157064
m6a_200 sperm	2237	0.07831379068797084	157052
m6a_200 sperm	2238	0.07830830950408858	157040
m6a_200 sperm	2239	0.07830283128131722	157031
m6a_200 sperm	2240	0.0782694267577384	157017
m6a_200 sperm	2241	0.07822122637209676	157004
m6a_200 sperm	2242	0.07814508955306265	156991
m6a_200 sperm	2243	0.07806589700200432	156974
m6a_200 sperm	2244	0.07799082239204032	156964
m6a_200 sperm	2245	0.07795239347230012	156955
m6a_200 sperm	2246	0.07793787162394286	156939
m6a_200 sperm	2247	0.07791676558353663	156929
m6a_200 sperm	2248	0.07789202759903838	156915
m6a_200 sperm	2249	0.07784924583149933	156907
m6a_200 sperm	2250	0.07776929521779113	156896
m6a_200 sperm	2251	0.07770208907322936	156882
m6a_200 sperm	2252	0.07761476097316407	156874
m6a_200 sperm	2253	0.07752428478712813	156860
m6a_200 sperm	2254	0.07742967683068458	156849
m6a_200 sperm	2255	0.07735094993243444	156831
m6a_200 sperm	2256	0.07726437275085417	156820
m6a_200 sperm	2257	0.07725665814798771	156806
m6a_200 sperm	2258	0.07726482914121512	156794
m6a_200 sperm	2259	0.07724257471281322	156785
m6a_200 sperm	2260	0.07722630113345477	156774
m6a_200 sperm	2261	0.07718509901392052	156761
m6a_200 sperm	2262	0.07714154739984282	156751
m6a_200 sperm	2263	0.07709190503141995	156733
m6a_200 sperm	2264	0.07707199152548606	156722
m6a_200 sperm	2265	0.07702448356854819	156708
m6a_200 sperm	2266	0.07700082635138714	156691
m6a_200 sperm	2267	0.07693180216864916	156676
m6a_200 sperm	2268	0.07685264966409434	156662
m6a_200 sperm	2269	0.07677525005382017	156645
m6a_200 sperm	2270	0.07670244710264397	156630
m6a_200 sperm	2271	0.0766282664745162	156608
m6a_200 sperm	2272	0.07659917018557692	156598
m6a_200 sperm	2273	0.07656288622379911	156585
m6a_200 sperm	2274	0.07653652845017027	156577
m6a_200 sperm	2275	0.07652951929856125	156557
m6a_200 sperm	2276	0.07654757726090317	156551
m6a_200 sperm	2277	0.07653821671826416	156539
m6a_200 sperm	2278	0.0765749498512443	156531
m6a_200 sperm	2279	0.0766107011034935	156516
m6a_200 sperm	2280	0.07662422803683411	156495
m6a_200 sperm	2281	0.07661298744271434	156486
m6a_200 sperm	2282	0.07664383317329092	156466
m6a_200 sperm	2283	0.07666161418221129	156450
m6a_200 sperm	2284	0.07670939432277929	156436
m6a_200 sperm	2285	0.0767970066353062	156431
m6a_200 sperm	2286	0.0769064694387053	156416
m6a_200 sperm	2287	0.0769507274308217	156407
m6a_200 sperm	2288	0.07698544578155266	156390
m6a_200 sperm	2289	0.07700148536290974	156376
m6a_200 sperm	2290	0.07700001460860081	156364
m6a_200 sperm	2291	0.0769781844857669	156344
m6a_200 sperm	2292	0.0769929521942431	156331
m6a_200 sperm	2293	0.07700998283008151	156313
m6a_200 sperm	2294	0.07701491139633623	156304
m6a_200 sperm	2295	0.07706197411572512	156295
m6a_200 sperm	2296	0.07706404860891514	156281
m6a_200 sperm	2297	0.07703766831314147	156269
m6a_200 sperm	2298	0.07697809865232547	156253
m6a_200 sperm	2299	0.0768820864828268	156234
m6a_200 sperm	2300	0.07673201229911404	156224
m6a_200 sperm	2301	0.07663381996659215	156216
m6a_200 sperm	2302	0.07655393429380628	156207
m6a_200 sperm	2303	0.07651540421236813	156197
m6a_200 sperm	2304	0.07651744431509723	156187
m6a_200 sperm	2305	0.07653504370915654	156173
m6a_200 sperm	2306	0.07654624549823562	156156
m6a_200 sperm	2307	0.07655764200558168	156145
m6a_200 sperm	2308	0.07658480898983294	156135
m6a_200 sperm	2309	0.07661168597021781	156123
m6a_200 sperm	2310	0.07664073340429356	156105
m6a_200 sperm	2311	0.07665006861147908	156091
m6a_200 sperm	2312	0.07666719010230472	156084
m6a_200 sperm	2313	0.07664833601723418	156066
m6a_200 sperm	2314	0.07661103849015541	156053
m6a_200 sperm	2315	0.07655371683651205	156036
m6a_200 sperm	2316	0.07650210817746951	156014
m6a_200 sperm	2317	0.07647396902080252	156002
m6a_200 sperm	2318	0.07644976511527929	155991
m6a_200 sperm	2319	0.07641332176129971	155974
m6a_200 sperm	2320	0.07643379253372364	155956
m6a_200 sperm	2321	0.07642258451943025	155941
m6a_200 sperm	2322	0.07639037221033082	155924
m6a_200 sperm	2323	0.0763528234515688	155909
m6a_200 sperm	2324	0.07633973597724758	155897
m6a_200 sperm	2325	0.07626941767701334	155881
m6a_200 sperm	2326	0.07624764849987212	155865
m6a_200 sperm	2327	0.07622193162933405	155856
m6a_200 sperm	2328	0.07621111945782193	155843
m6a_200 sperm	2329	0.07621471924849021	155832
m6a_200 sperm	2330	0.0762563239057529	155821
m6a_200 sperm	2331	0.07626673136020119	155802
m6a_200 sperm	2332	0.07628266780814137	155785
m6a_200 sperm	2333	0.0763016634612743	155776
m6a_200 sperm	2334	0.07632492157545567	155761
m6a_200 sperm	2335	0.07631658043458563	155745
m6a_200 sperm	2336	0.07636128394836789	155735
m6a_200 sperm	2337	0.076389000896401	155726
m6a_200 sperm	2338	0.07643964869215347	155713
m6a_200 sperm	2339	0.07647281166708604	155701
m6a_200 sperm	2340	0.07650962857100271	155687
m6a_200 sperm	2341	0.07652550942570062	155672
m6a_200 sperm	2342	0.07656491129241201	155665
m6a_200 sperm	2343	0.0765961230394257	155656
m6a_200 sperm	2344	0.07663732314411359	155640
m6a_200 sperm	2345	0.0766729821608777	155631
m6a_200 sperm	2346	0.07671398715028371	155619
m6a_200 sperm	2347	0.07670298928977351	155603
m6a_200 sperm	2348	0.07670633592381373	155592
m6a_200 sperm	2349	0.0767158184081047	155582
m6a_200 sperm	2350	0.07674725313749904	155571
m6a_200 sperm	2351	0.07678571998996923	155562
m6a_200 sperm	2352	0.07685365286796159	155545
m6a_200 sperm	2353	0.07688668053196487	155528
m6a_200 sperm	2354	0.07690853657089892	155506
m6a_200 sperm	2355	0.07691802846990214	155497
m6a_200 sperm	2356	0.0769251576660942	155484
m6a_200 sperm	2357	0.07695227616668092	155475
m6a_200 sperm	2358	0.07696771522342172	155456
m6a_200 sperm	2359	0.07698474131425326	155440
m6a_200 sperm	2360	0.07699968674356591	155432
m6a_200 sperm	2361	0.07699058454253946	155416
m6a_200 sperm	2362	0.07695158337322722	155402
m6a_200 sperm	2363	0.07690950327826504	155392
m6a_200 sperm	2364	0.0768476159496442	155379
m6a_200 sperm	2365	0.07680869696491499	155363
m6a_200 sperm	2366	0.07679750713472736	155352
m6a_200 sperm	2367	0.07682583132976754	155340
m6a_200 sperm	2368	0.07685821258829008	155323
m6a_200 sperm	2369	0.07689069012945197	155314
m6a_200 sperm	2370	0.07689909973320379	155309
m6a_200 sperm	2371	0.07688928841031896	155297
m6a_200 sperm	2372	0.07685916993509265	155281
m6a_200 sperm	2373	0.0768529272223227	155266
m6a_200 sperm	2374	0.07683359595901101	155254
m6a_200 sperm	2375	0.07680920321760193	155242
m6a_200 sperm	2376	0.07680007745996631	155232
m6a_200 sperm	2377	0.07679739466950267	155215
m6a_200 sperm	2378	0.0767828192470679	155202
m6a_200 sperm	2379	0.07683783276623664	155190
m6a_200 sperm	2380	0.07690543894088485	155181
m6a_200 sperm	2381	0.07695064960358429	155171
m6a_200 sperm	2382	0.07699447782610729	155157
m6a_200 sperm	2383	0.07705169858942174	155136
m6a_200 sperm	2384	0.07705647080515543	155125
m6a_200 sperm	2385	0.07705598441080269	155111
m6a_200 sperm	2386	0.07704121128678312	155097
m6a_200 sperm	2387	0.07701254833825542	155084
m6a_200 sperm	2388	0.07694379871905124	155064
m6a_200 sperm	2389	0.0768829768566478	155050
m6a_200 sperm	2390	0.07686105225557538	155037
m6a_200 sperm	2391	0.0768637357028925	155021
m6a_200 sperm	2392	0.07687405890007667	155006
m6a_200 sperm	2393	0.07692805239085274	154985
m6a_200 sperm	2394	0.07698085897307164	154972
m6a_200 sperm	2395	0.07701998069024787	154961
m6a_200 sperm	2396	0.07707152437934137	154944
m6a_200 sperm	2397	0.07712962704590585	154937
m6a_200 sperm	2398	0.07715824222208856	154921
m6a_200 sperm	2399	0.07719947332749887	154907
m6a_200 sperm	2400	0.07723326461947594	154894
m6a_200 sperm	2401	0.07726299510422063	154880
m6a_200 sperm	2402	0.07729372218459685	154870
m6a_200 sperm	2403	0.0773564389179775	154856
m6a_200 sperm	2404	0.07740713811281624	154845
m6a_200 sperm	2405	0.07745039329661865	154835
m6a_200 sperm	2406	0.0774710949654496	154825
m6a_200 sperm	2407	0.07747082740749739	154812
m6a_200 sperm	2408	0.07745913661945042	154804
m6a_200 sperm	2409	0.07744346748858082	154796
m6a_200 sperm	2410	0.07739926726713639	154784
m6a_200 sperm	2411	0.07736987945073279	154775
m6a_200 sperm	2412	0.07736783500708852	154763
m6a_200 sperm	2413	0.07733208301040133	154749
m6a_200 sperm	2414	0.07729205302810342	154726
m6a_200 sperm	2415	0.07726026308538728	154715
m6a_200 sperm	2416	0.07724260087907489	154697
m6a_200 sperm	2417	0.07719340483598251	154680
m6a_200 sperm	2418	0.07716538387166197	154667
m6a_200 sperm	2419	0.07714541416060332	154649
m6a_200 sperm	2420	0.07711498333382773	154633
m6a_200 sperm	2421	0.07705152227962289	154612
m6a_200 sperm	2422	0.07701680886603784	154596
m6a_200 sperm	2423	0.07699413375158856	154577
m6a_200 sperm	2424	0.07694308081146281	154569
m6a_200 sperm	2425	0.0769020658047072	154549
m6a_200 sperm	2426	0.07685457434336974	154540
m6a_200 sperm	2427	0.07680817668794025	154527
m6a_200 sperm	2428	0.07675600083861162	154521
m6a_200 sperm	2429	0.07676286616848188	154502
m6a_200 sperm	2430	0.07677081995127691	154488
m6a_200 sperm	2431	0.07680267309045197	154471
m6a_200 sperm	2432	0.07684559315907578	154460
m6a_200 sperm	2433	0.07689230294451356	154448
m6a_200 sperm	2434	0.07692209105302175	154435
m6a_200 sperm	2435	0.07695486364226997	154422
m6a_200 sperm	2436	0.07698953591567553	154406
m6a_200 sperm	2437	0.07701455450539026	154391
m6a_200 sperm	2438	0.07701894501041555	154386
m6a_200 sperm	2439	0.07702912096031439	154366
m6a_200 sperm	2440	0.07704796431908707	154352
m6a_200 sperm	2441	0.0770417919267669	154343
m6a_200 sperm	2442	0.07700621077898848	154332
m6a_200 sperm	2443	0.07697839741123584	154318
m6a_200 sperm	2444	0.07696285443262653	154307
m6a_200 sperm	2445	0.07695359067084276	154293
m6a_200 sperm	2446	0.07697374175682345	154278
m6a_200 sperm	2447	0.07698102138993251	154269
m6a_200 sperm	2448	0.07698131511356696	154259
m6a_200 sperm	2449	0.07694989715267046	154247
m6a_200 sperm	2450	0.07693483944669303	154225
m6a_200 sperm	2451	0.07687558695002202	154216
m6a_200 sperm	2452	0.07684994405956556	154199
m6a_200 sperm	2453	0.0768379637882108	154190
m6a_200 sperm	2454	0.07683306665001424	154179
m6a_200 sperm	2455	0.07681839527280222	154163
m6a_200 sperm	2456	0.07683595293082733	154148
m6a_200 sperm	2457	0.07683135287273643	154138
m6a_200 sperm	2458	0.07682345847536119	154131
m6a_200 sperm	2459	0.07680597833623008	154121
m6a_200 sperm	2460	0.07675884403523307	154112
m6a_200 sperm	2461	0.0767099090648603	154089
m6a_200 sperm	2462	0.07667324374873108	154077
m6a_200 sperm	2463	0.0766406676475958	154062
m6a_200 sperm	2464	0.07661238315578248	154046
m6a_200 sperm	2465	0.07662624413849156	154035
m6a_200 sperm	2466	0.07661793032258671	154021
m6a_200 sperm	2467	0.07661441060221695	154016
m6a_200 sperm	2468	0.07660599288643602	154002
m6a_200 sperm	2469	0.0765701952210092	153990
m6a_200 sperm	2470	0.07647534045096757	153976
m6a_200 sperm	2471	0.07636588089177049	153963
m6a_200 sperm	2472	0.07624711958901635	153951
m6a_200 sperm	2473	0.07610664928478571	153940
m6a_200 sperm	2474	0.07600504319145569	153930
m6a_200 sperm	2475	0.07592170674280133	153912
m6a_200 sperm	2476	0.07586674767759727	153900
m6a_200 sperm	2477	0.07581497102007782	153887
m6a_200 sperm	2478	0.07579638540046238	153878
m6a_200 sperm	2479	0.07575150592039162	153862
m6a_200 sperm	2480	0.07572381178383009	153850
m6a_200 sperm	2481	0.07568519767016914	153841
m6a_200 sperm	2482	0.07567398414745002	153825
m6a_200 sperm	2483	0.07567857603535803	153808
m6a_200 sperm	2484	0.07571185560801993	153791
m6a_200 sperm	2485	0.0757252287968874	153777
m6a_200 sperm	2486	0.07575391127442158	153754
m6a_200 sperm	2487	0.07577340067003026	153742
m6a_200 sperm	2488	0.07575597497871471	153728
m6a_200 sperm	2489	0.07569462329640037	153712
m6a_200 sperm	2490	0.0756670940069286	153703
m6a_200 sperm	2491	0.0756584727929443	153690
m6a_200 sperm	2492	0.07564174960080786	153678
m6a_200 sperm	2493	0.07565995006039423	153657
m6a_200 sperm	2494	0.07572139792422111	153644
m6a_200 sperm	2495	0.0757335726476554	153624
m6a_200 sperm	2496	0.07569408379646839	153608
m6a_200 sperm	2497	0.07562112428426102	153594
m6a_200 sperm	2498	0.07551090958925043	153582
m6a_200 sperm	2499	0.07537834857878953	153565
m6a_200 sperm	2500	0.07529034436802738	153553
m6a_200 sperm	2501	0.07529241048035973	153539
m6a_200 sperm	2502	0.07532674199326883	153522
m6a_200 sperm	2503	0.07537830292612055	153508
m6a_200 sperm	2504	0.07543819917262437	153494
m6a_200 sperm	2505	0.07546151372775063	153479
m6a_200 sperm	2506	0.07540635511179436	153473
m6a_200 sperm	2507	0.075338058957348	153457
m6a_200 sperm	2508	0.07524860412246127	153446
m6a_200 sperm	2509	0.07516123138061735	153433
m6a_200 sperm	2510	0.07510072806040821	153421
m6a_200 sperm	2511	0.07505445671702815	153407
m6a_200 sperm	2512	0.07502913886285277	153396
m6a_200 sperm	2513	0.07500201756423783	153386
m6a_200 sperm	2514	0.07496204707358217	153372
m6a_200 sperm	2515	0.07492970270132862	153365
m6a_200 sperm	2516	0.07489291631237782	153349
m6a_200 sperm	2517	0.07482955177303226	153340
m6a_200 sperm	2518	0.07482716290769037	153322
m6a_200 sperm	2519	0.07486241150122015	153313
m6a_200 sperm	2520	0.07492725365537532	153296
m6a_200 sperm	2521	0.07500113471226688	153282
m6a_200 sperm	2522	0.07505925179186707	153264
m6a_200 sperm	2523	0.07505797051566394	153247
m6a_200 sperm	2524	0.07502556691163582	153239
m6a_200 sperm	2525	0.07494066054782098	153229
m6a_200 sperm	2526	0.07484229675389797	153213
m6a_200 sperm	2527	0.07481683689440174	153198
m6a_200 sperm	2528	0.07481193037337844	153185
m6a_200 sperm	2529	0.07479298433372536	153179
m6a_200 sperm	2530	0.07477059828929639	153159
m6a_200 sperm	2531	0.07479372350880077	153153
m6a_200 sperm	2532	0.07479292843025301	153133
m6a_200 sperm	2533	0.07478351162893614	153122
m6a_200 sperm	2534	0.07479969041344864	153107
m6a_200 sperm	2535	0.07485306866863961	153095
m6a_200 sperm	2536	0.07485759029167972	153081
m6a_200 sperm	2537	0.0748592125161544	153068
m6a_200 sperm	2538	0.0748996470825182	153049
m6a_200 sperm	2539	0.07491685435924654	153037
m6a_200 sperm	2540	0.0749030881961198	153029
m6a_200 sperm	2541	0.07493065724578996	153012
m6a_200 sperm	2542	0.07494607508619777	152995
m6a_200 sperm	2543	0.07489671774163925	152981
m6a_200 sperm	2544	0.07488245840533977	152973
m6a_200 sperm	2545	0.07488460422265811	152959
m6a_200 sperm	2546	0.07487861746369287	152944
m6a_200 sperm	2547	0.07487524654344796	152933
m6a_200 sperm	2548	0.07493203125803767	152922
m6a_200 sperm	2549	0.07496197779301733	152914
m6a_200 sperm	2550	0.0749773400535981	152900
m6a_200 sperm	2551	0.07499823524570588	152892
m6a_200 sperm	2552	0.07502243696129474	152883
m6a_200 sperm	2553	0.07505289768442948	152869
m6a_200 sperm	2554	0.07507266020077852	152854
m6a_200 sperm	2555	0.07511375103259202	152843
m6a_200 sperm	2556	0.07514127307382071	152824
m6a_200 sperm	2557	0.0751605531374006	152811
m6a_200 sperm	2558	0.07514882271795487	152802
m6a_200 sperm	2559	0.07514968285066008	152791
m6a_200 sperm	2560	0.07514370395901877	152776
m6a_200 sperm	2561	0.07513520616586523	152762
m6a_200 sperm	2562	0.07514906703301899	152752
m6a_200 sperm	2563	0.07513732632029513	152742
m6a_200 sperm	2564	0.0751300335939668	152730
m6a_200 sperm	2565	0.0751134732611804	152709
m6a_200 sperm	2566	0.07505709028174425	152703
m6a_200 sperm	2567	0.0749797508078194	152694
m6a_200 sperm	2568	0.07492993965757778	152676
m6a_200 sperm	2569	0.07488415401964915	152664
m6a_200 sperm	2570	0.0748439955776447	152656
m6a_200 sperm	2571	0.07481522071889962	152649
m6a_200 sperm	2572	0.07479935288846451	152636
m6a_200 sperm	2573	0.07479003740166787	152622
m6a_200 sperm	2574	0.0747878634654375	152612
m6a_200 sperm	2575	0.07478903166725351	152604
m6a_200 sperm	2576	0.07480995223098028	152591
m6a_200 sperm	2577	0.07482107746798233	152584
m6a_200 sperm	2578	0.07480667007428914	152569
m6a_200 sperm	2579	0.0747733196196935	152552
m6a_200 sperm	2580	0.07476274942180736	152537
m6a_200 sperm	2581	0.07479958429351724	152530
m6a_200 sperm	2582	0.0748494422678368	152518
m6a_200 sperm	2583	0.07493714022109298	152501
m6a_200 sperm	2584	0.0750493376600452	152485
m6a_200 sperm	2585	0.07513479298356207	152472
m6a_200 sperm	2586	0.07517113769747005	152456
m6a_200 sperm	2587	0.07517721371075507	152436
m6a_200 sperm	2588	0.07518047784854685	152425
m6a_200 sperm	2589	0.07519234318405527	152410
m6a_200 sperm	2590	0.07521644415630563	152399
m6a_200 sperm	2591	0.07525669097021405	152389
m6a_200 sperm	2592	0.07532470247531334	152378
m6a_200 sperm	2593	0.0753744444558613	152363
m6a_200 sperm	2594	0.07541146559064127	152346
m6a_200 sperm	2595	0.07544799706301042	152334
m6a_200 sperm	2596	0.0754753430709417	152320
m6a_200 sperm	2597	0.07551796124173504	152314
m6a_200 sperm	2598	0.07557329787533476	152299
m6a_200 sperm	2599	0.07560217282217005	152287
m6a_200 sperm	2600	0.07563648433072417	152266
m6a_200 sperm	2601	0.07565099073109496	152254
m6a_200 sperm	2602	0.07564337411273067	152233
m6a_200 sperm	2603	0.07565165248133533	152219
m6a_200 sperm	2604	0.07568347957388266	152205
m6a_200 sperm	2605	0.07569359000220621	152196
m6a_200 sperm	2606	0.07573109670705151	152185
m6a_200 sperm	2607	0.07573492868165652	152171
m6a_200 sperm	2608	0.07568244075016935	152159
m6a_200 sperm	2609	0.07561546414999432	152140
m6a_200 sperm	2610	0.07554272099739116	152129
m6a_200 sperm	2611	0.07546188669055749	152105
m6a_200 sperm	2612	0.07538063354644799	152096
m6a_200 sperm	2613	0.07535308916836128	152086
m6a_200 sperm	2614	0.07534914148955939	152071
m6a_200 sperm	2615	0.07535449549202031	152062
m6a_200 sperm	2616	0.07533150194516934	152052
m6a_200 sperm	2617	0.07532217660683868	152042
m6a_200 sperm	2618	0.07529240153373087	152026
m6a_200 sperm	2619	0.07526009775715857	152019
m6a_200 sperm	2620	0.07525147654673803	152004
m6a_200 sperm	2621	0.07525419219889935	151993
m6a_200 sperm	2622	0.07524311817173368	151983
m6a_200 sperm	2623	0.07520147405364622	151972
m6a_200 sperm	2624	0.07516812540287118	151958
m6a_200 sperm	2625	0.07511187609946937	151946
m6a_200 sperm	2626	0.07506907695280074	151931
m6a_200 sperm	2627	0.07502981630258224	151913
m6a_200 sperm	2628	0.075016384295969	151899
m6a_200 sperm	2629	0.07498188883925423	151889
m6a_200 sperm	2630	0.07490250758083458	151882
m6a_200 sperm	2631	0.07485999874462412	151867
m6a_200 sperm	2632	0.07482778163717432	151850
m6a_200 sperm	2633	0.07480030335021143	151836
m6a_200 sperm	2634	0.07476886947610507	151815
m6a_200 sperm	2635	0.07478903327495005	151800
m6a_200 sperm	2636	0.07476724024856966	151785
m6a_200 sperm	2637	0.0747352280495491	151779
m6a_200 sperm	2638	0.0746871027718091	151763
m6a_200 sperm	2639	0.07463765306220654	151752
m6a_200 sperm	2640	0.07458595864283285	151740
m6a_200 sperm	2641	0.07450534761745049	151725
m6a_200 sperm	2642	0.07445616849441385	151715
m6a_200 sperm	2643	0.07439750880031529	151698
m6a_200 sperm	2644	0.07432076846635795	151689
m6a_200 sperm	2645	0.07423894264054169	151666
m6a_200 sperm	2646	0.07417262339508776	151647
m6a_200 sperm	2647	0.07412565227994997	151635
m6a_200 sperm	2648	0.07410500024826602	151621
m6a_200 sperm	2649	0.07413501009656785	151603
m6a_200 sperm	2650	0.07417132350495365	151594
m6a_200 sperm	2651	0.07423250721692859	151583
m6a_200 sperm	2652	0.07428368505536712	151574
m6a_200 sperm	2653	0.07436013968691704	151562
m6a_200 sperm	2654	0.07440004635903205	151552
m6a_200 sperm	2655	0.07440510096751093	151541
m6a_200 sperm	2656	0.07440781048023852	151526
m6a_200 sperm	2657	0.07438490673568626	151509
m6a_200 sperm	2658	0.07432269734781555	151494
m6a_200 sperm	2659	0.07428801325314074	151476
m6a_200 sperm	2660	0.07427810749460945	151462
m6a_200 sperm	2661	0.07425303615608983	151449
m6a_200 sperm	2662	0.07420970741532808	151435
m6a_200 sperm	2663	0.07417674333504853	151413
m6a_200 sperm	2664	0.0741063033645173	151406
m6a_200 sperm	2665	0.07405048454488582	151394
m6a_200 sperm	2666	0.07401329896406404	151386
m6a_200 sperm	2667	0.07400262826049706	151371
m6a_200 sperm	2668	0.07399773238402668	151361
m6a_200 sperm	2669	0.07400849289653733	151353
m6a_200 sperm	2670	0.07402748072734151	151336
m6a_200 sperm	2671	0.07404847828140276	151330
m6a_200 sperm	2672	0.07406967264328627	151312
m6a_200 sperm	2673	0.07407309703100542	151295
m6a_200 sperm	2674	0.07406652982882733	151285
m6a_200 sperm	2675	0.07402994445990417	151274
m6a_200 sperm	2676	0.07398615795586239	151262
m6a_200 sperm	2677	0.07395353585582305	151240
m6a_200 sperm	2678	0.07390400355663457	151229
m6a_200 sperm	2679	0.07387185325652192	151213
m6a_200 sperm	2680	0.07388227510002261	151199
m6a_200 sperm	2681	0.07389269643904736	151185
m6a_200 sperm	2682	0.07390773088240915	151174
m6a_200 sperm	2683	0.07395921961529398	151163
m6a_200 sperm	2684	0.07400645046594552	151154
m6a_200 sperm	2685	0.07405683128950755	151146
m6a_200 sperm	2686	0.07411098895310067	151135
m6a_200 sperm	2687	0.0741721668480495	151119
m6a_200 sperm	2688	0.07422894208707664	151110
m6a_200 sperm	2689	0.07428988994975895	151097
m6a_200 sperm	2690	0.07429607971311383	151080
m6a_200 sperm	2691	0.07432262376987342	151067
m6a_200 sperm	2692	0.07431729985917337	151056
m6a_200 sperm	2693	0.07430761050928018	151042
m6a_200 sperm	2694	0.07430351523497428	151030
m6a_200 sperm	2695	0.0743524908606395	151017
m6a_200 sperm	2696	0.0743683623870838	151001
m6a_200 sperm	2697	0.07438128579478172	150989
m6a_200 sperm	2698	0.0743866546895039	150975
m6a_200 sperm	2699	0.07438682659157596	150966
m6a_200 sperm	2700	0.07438230238378718	150949
m6a_200 sperm	2701	0.07433545799349345	150932
m6a_200 sperm	2702	0.07428634659701379	150914
m6a_200 sperm	2703	0.07425598143497286	150899
m6a_200 sperm	2704	0.07424785860586662	150886
m6a_200 sperm	2705	0.0742413131947438	150867
m6a_200 sperm	2706	0.07425831501823686	150853
m6a_200 sperm	2707	0.07429593801397237	150846
m6a_200 sperm	2708	0.07429736949282939	150834
m6a_200 sperm	2709	0.07426196996258656	150827
m6a_200 sperm	2710	0.07420850093044669	150812
m6a_200 sperm	2711	0.07415550570862081	150795
m6a_200 sperm	2712	0.07412044517931632	150783
m6a_200 sperm	2713	0.07410527091360901	150766
m6a_200 sperm	2714	0.07413481236150371	150752
m6a_200 sperm	2715	0.07417281474505388	150737
m6a_200 sperm	2716	0.07425676526728998	150724
m6a_200 sperm	2717	0.07429806369845254	150707
m6a_200 sperm	2718	0.0743204844297368	150695
m6a_200 sperm	2719	0.07429911435846154	150683
m6a_200 sperm	2720	0.07426255335683894	150671
m6a_200 sperm	2721	0.07422048779780556	150658
m6a_200 sperm	2722	0.07418209973901978	150647
m6a_200 sperm	2723	0.07415889689121372	150637
m6a_200 sperm	2724	0.07411016082616806	150628
m6a_200 sperm	2725	0.07406693001028399	150610
m6a_200 sperm	2726	0.07400087192134464	150600
m6a_200 sperm	2727	0.07396678266599474	150587
m6a_200 sperm	2728	0.07395118671444109	150566
m6a_200 sperm	2729	0.07398217437095789	150556
m6a_200 sperm	2730	0.07402778370381784	150539
m6a_200 sperm	2731	0.07407472235405685	150528
m6a_200 sperm	2732	0.07409356540028714	150515
m6a_200 sperm	2733	0.07410148632370127	150494
m6a_200 sperm	2734	0.07403251267325023	150486
m6a_200 sperm	2735	0.07394123672559816	150472
m6a_200 sperm	2736	0.07388525258530665	150459
m6a_200 sperm	2737	0.07386471552590831	150443
m6a_200 sperm	2738	0.07386097118782778	150428
m6a_200 sperm	2739	0.07392226206052481	150411
m6a_200 sperm	2740	0.07396873143373328	150402
m6a_200 sperm	2741	0.0739875784315619	150390
m6a_200 sperm	2742	0.07397441313692055	150376
m6a_200 sperm	2743	0.0739409509041539	150358
m6a_200 sperm	2744	0.07389018845210107	150342
m6a_200 sperm	2745	0.07385528241262299	150323
m6a_200 sperm	2746	0.07384117241037234	150311
m6a_200 sperm	2747	0.07384312687204429	150298
m6a_200 sperm	2748	0.07387367417165026	150285
m6a_200 sperm	2749	0.0739203872133159	150268
m6a_200 sperm	2750	0.073981649339569	150256
m6a_200 sperm	2751	0.07403104058434368	150242
m6a_200 sperm	2752	0.07406959136992503	150230
m6a_200 sperm	2753	0.07409523429907115	150216
m6a_200 sperm	2754	0.07412600869930158	150201
m6a_200 sperm	2755	0.07413464291127188	150185
m6a_200 sperm	2756	0.07414318179648441	150173
m6a_200 sperm	2757	0.07417757267652463	150156
m6a_200 sperm	2758	0.07420451881167442	150143
m6a_200 sperm	2759	0.07421321184298442	150136
m6a_200 sperm	2760	0.07424332101917873	150128
m6a_200 sperm	2761	0.0742625761756967	150112
m6a_200 sperm	2762	0.0742428503032964	150094
m6a_200 sperm	2763	0.0742326526112696	150083
m6a_200 sperm	2764	0.07421509033361494	150066
m6a_200 sperm	2765	0.07422493140663093	150056
m6a_200 sperm	2766	0.07423916669734773	150047
m6a_200 sperm	2767	0.074299466972285	150035
m6a_200 sperm	2768	0.07435844285905108	150020
m6a_200 sperm	2769	0.07445608325645932	150009
m6a_200 sperm	2770	0.07449383717971843	149999
m6a_200 sperm	2771	0.07452186148505612	149990
m6a_200 sperm	2772	0.07450578637391393	149977
m6a_200 sperm	2773	0.07446486756205203	149966
m6a_200 sperm	2774	0.07438680059543192	149956
m6a_200 sperm	2775	0.07432052754049012	149941
m6a_200 sperm	2776	0.07426007672007881	149930
m6a_200 sperm	2777	0.07420317465077948	149919
m6a_200 sperm	2778	0.0741460629300752	149903
m6a_200 sperm	2779	0.07410905505745738	149884
m6a_200 sperm	2780	0.07406774028140647	149871
m6a_200 sperm	2781	0.07401762072621615	149859
m6a_200 sperm	2782	0.07397550015639283	149851
m6a_200 sperm	2783	0.07395824218964156	149843
m6a_200 sperm	2784	0.07392782930759777	149824
m6a_200 sperm	2785	0.07394339897897066	149816
m6a_200 sperm	2786	0.07397538276334716	149802
m6a_200 sperm	2787	0.07398224457947897	149788
m6a_200 sperm	2788	0.07394162510759734	149776
m6a_200 sperm	2789	0.07392360378147574	149768
m6a_200 sperm	2790	0.07388259044295255	149754
m6a_200 sperm	2791	0.07384845145543865	149741
m6a_200 sperm	2792	0.07386536186479471	149730
m6a_200 sperm	2793	0.07396489759687642	149716
m6a_200 sperm	2794	0.07406310957779794	149705
m6a_200 sperm	2795	0.07416009608391491	149693
m6a_200 sperm	2796	0.07423219986603283	149680
m6a_200 sperm	2797	0.07430328126178797	149668
m6a_200 sperm	2798	0.07430582175241597	149649
m6a_200 sperm	2799	0.07430395846457412	149635
m6a_200 sperm	2800	0.0742808085506973	149627
m6a_200 sperm	2801	0.07426066871154735	149618
m6a_200 sperm	2802	0.07422632347134028	149605
m6a_200 sperm	2803	0.07418617334161223	149596
m6a_200 sperm	2804	0.07414270373461035	149577
m6a_200 sperm	2805	0.0741351388392543	149560
m6a_200 sperm	2806	0.07409987417901319	149544
m6a_200 sperm	2807	0.074052371441626	149533
m6a_200 sperm	2808	0.07402031132685966	149520
m6a_200 sperm	2809	0.07398478098178571	149503
m6a_200 sperm	2810	0.07390187800379919	149492
m6a_200 sperm	2811	0.07385850390758833	149484
m6a_200 sperm	2812	0.07385517401281583	149465
m6a_200 sperm	2813	0.07386715533127988	149458
m6a_200 sperm	2814	0.07388002673104829	149442
m6a_200 sperm	2815	0.07389745190687338	149425
m6a_200 sperm	2816	0.07392082619620836	149408
m6a_200 sperm	2817	0.07390068165292855	149397
m6a_200 sperm	2818	0.07386675026769232	149384
m6a_200 sperm	2819	0.07383549239818388	149375
m6a_200 sperm	2820	0.07376969836441188	149362
m6a_200 sperm	2821	0.07370667833156262	149345
m6a_200 sperm	2822	0.07366250310001239	149331
m6a_200 sperm	2823	0.07361802344073623	149317
m6a_200 sperm	2824	0.07362137481129757	149307
m6a_200 sperm	2825	0.0736800342725925	149297
m6a_200 sperm	2826	0.07372366595728283	149284
m6a_200 sperm	2827	0.07378100336025004	149266
m6a_200 sperm	2828	0.07382627802742057	149255
m6a_200 sperm	2829	0.073847154794269	149242
m6a_200 sperm	2830	0.0738489716697263	149232
m6a_200 sperm	2831	0.07386860884569732	149222
m6a_200 sperm	2832	0.07385637938738461	149207
m6a_200 sperm	2833	0.073889824841228	149192
m6a_200 sperm	2834	0.0738869801727866	149176
m6a_200 sperm	2835	0.07389475661477837	149165
m6a_200 sperm	2836	0.07390750643095392	149156
m6a_200 sperm	2837	0.07392780650108453	149142
m6a_200 sperm	2838	0.07392456824897504	149131
m6a_200 sperm	2839	0.07391675151822177	149120
m6a_200 sperm	2840	0.07392279658245854	149103
m6a_200 sperm	2841	0.07387806364137108	149086
m6a_200 sperm	2842	0.0738290058549222	149081
m6a_200 sperm	2843	0.07382546728104807	149068
m6a_200 sperm	2844	0.07383762916337236	149060
m6a_200 sperm	2845	0.07385605600477087	149044
m6a_200 sperm	2846	0.07391130605110025	149031
m6a_200 sperm	2847	0.0739866931242743	149017
m6a_200 sperm	2848	0.07404724187672172	148998
m6a_200 sperm	2849	0.07415528700661302	148990
m6a_200 sperm	2850	0.07421088022787031	148975
m6a_200 sperm	2851	0.07427249769833728	148957
m6a_200 sperm	2852	0.07430890881581236	148944
m6a_200 sperm	2853	0.07433389320774027	148932
m6a_200 sperm	2854	0.0743169600079965	148921
m6a_200 sperm	2855	0.07436160240508238	148913
m6a_200 sperm	2856	0.0743800829128636	148898
m6a_200 sperm	2857	0.07438273776504586	148887
m6a_200 sperm	2858	0.0743834130654486	148868
m6a_200 sperm	2859	0.07438832210179236	148854
m6a_200 sperm	2860	0.07436128716570298	148839
m6a_200 sperm	2861	0.07432671994365779	148822
m6a_200 sperm	2862	0.07433236525326904	148808
m6a_200 sperm	2863	0.07431630920963474	148797
m6a_200 sperm	2864	0.07431364443412503	148784
m6a_200 sperm	2865	0.07429992035476404	148771
m6a_200 sperm	2866	0.07429704279874308	148768
m6a_200 sperm	2867	0.07425910873211367	148757
m6a_200 sperm	2868	0.07423531572559298	148745
m6a_200 sperm	2869	0.07420839485333294	148733
m6a_200 sperm	2870	0.07420173887742305	148713
m6a_200 sperm	2871	0.07420842763483611	148701
m6a_200 sperm	2872	0.07423279700235734	148689
m6a_200 sperm	2873	0.07425727364633722	148678
m6a_200 sperm	2874	0.07425948523378403	148664
m6a_200 sperm	2875	0.07424480081678335	148643
m6a_200 sperm	2876	0.07424023526425254	148625
m6a_200 sperm	2877	0.07423596823448055	148607
m6a_200 sperm	2878	0.07421599742883808	148589
m6a_200 sperm	2879	0.0742000614625607	148572
m6a_200 sperm	2880	0.07417927626870281	148560
m6a_200 sperm	2881	0.07418607300656783	148542
m6a_200 sperm	2882	0.0741921700826331	148532
m6a_200 sperm	2883	0.07420425203862578	148521
m6a_200 sperm	2884	0.0742055594381357	148511
m6a_200 sperm	2885	0.0742172855909874	148493
m6a_200 sperm	2886	0.07418227476854108	148475
m6a_200 sperm	2887	0.07413917604425405	148455
m6a_200 sperm	2888	0.07411743338924842	148440
m6a_200 sperm	2889	0.0741304237294384	148430
m6a_200 sperm	2890	0.07416851910766477	148414
m6a_200 sperm	2891	0.07423077679633944	148399
m6a_200 sperm	2892	0.0743270372324472	148384
m6a_200 sperm	2893	0.07439355632909658	148370
m6a_200 sperm	2894	0.07445659282442468	148357
m6a_200 sperm	2895	0.07449207007103455	148342
m6a_200 sperm	2896	0.07452725428049971	148335
m6a_200 sperm	2897	0.07455125914374203	148326
m6a_200 sperm	2898	0.07456052804916444	148315
m6a_200 sperm	2899	0.07456440964184216	148306
m6a_200 sperm	2900	0.07458042627316379	148290
m6a_200 sperm	2901	0.07457796568298865	148283
m6a_200 sperm	2902	0.07453648717700322	148274
m6a_200 sperm	2903	0.07452022855869826	148259
m6a_200 sperm	2904	0.07446824692434574	148249
m6a_200 sperm	2905	0.07442361047118391	148237
m6a_200 sperm	2906	0.07437501868980133	148223
m6a_200 sperm	2907	0.07432826227813852	148208
m6a_200 sperm	2908	0.07427525402225629	148192
m6a_200 sperm	2909	0.07426398059741601	148177
m6a_200 sperm	2910	0.07423900694704862	148160
m6a_200 sperm	2911	0.07422432696747093	148147
m6a_200 sperm	2912	0.07426425165287497	148134
m6a_200 sperm	2913	0.07431448041531541	148123
m6a_200 sperm	2914	0.07431485010097849	148102
m6a_200 sperm	2915	0.07430711125415368	148090
m6a_200 sperm	2916	0.07429707150548832	148076
m6a_200 sperm	2917	0.07426037210440097	148063
m6a_200 sperm	2918	0.07422367203672964	148048
m6a_200 sperm	2919	0.07422634311945207	148037
m6a_200 sperm	2920	0.0742482277628837	148025
m6a_200 sperm	2921	0.07428062499538116	148009
m6a_200 sperm	2922	0.07433650740640992	147993
m6a_200 sperm	2923	0.0743465367869818	147981
m6a_200 sperm	2924	0.07433754522993186	147965
m6a_200 sperm	2925	0.07431137835961092	147952
m6a_200 sperm	2926	0.07427003894892899	147937
m6a_200 sperm	2927	0.07420997646218112	147917
m6a_200 sperm	2928	0.07419016135221221	147908
m6a_200 sperm	2929	0.07417034035760627	147890
m6a_200 sperm	2930	0.07414595055874895	147880
m6a_200 sperm	2931	0.07409625321431335	147865
m6a_200 sperm	2932	0.07403793596982361	147850
m6a_200 sperm	2933	0.07398337374419087	147837
m6a_200 sperm	2934	0.07396483690300015	147824
m6a_200 sperm	2935	0.07396608848945797	147817
m6a_200 sperm	2936	0.07399730263271705	147807
m6a_200 sperm	2937	0.07402300545369297	147797
m6a_200 sperm	2938	0.07405201923064675	147782
m6a_200 sperm	2939	0.07405522645635432	147770
m6a_200 sperm	2940	0.07406520303861219	147757
m6a_200 sperm	2941	0.07408936991250911	147748
m6a_200 sperm	2942	0.07408916603028873	147738
m6a_200 sperm	2943	0.07409021825597882	147730
m6a_200 sperm	2944	0.07406759814626541	147718
m6a_200 sperm	2945	0.07403038282701059	147706
m6a_200 sperm	2946	0.07395865680213361	147690
m6a_200 sperm	2947	0.07391254774008443	147677
m6a_200 sperm	2948	0.07388821320752319	147662
m6a_200 sperm	2949	0.07391645332307094	147651
m6a_200 sperm	2950	0.07394840620759507	147638
m6a_200 sperm	2951	0.07401789463012132	147611
m6a_200 sperm	2952	0.07410636030565095	147588
m6a_200 sperm	2953	0.07417743154317472	147577
m6a_200 sperm	2954	0.07421303017673408	147566
m6a_200 sperm	2955	0.07426379352584139	147551
m6a_200 sperm	2956	0.07429161972106736	147540
m6a_200 sperm	2957	0.07431779566020226	147528
m6a_200 sperm	2958	0.07435286516731739	147516
m6a_200 sperm	2959	0.07438080865181673	147508
m6a_200 sperm	2960	0.07437264469640473	147499
m6a_200 sperm	2961	0.0743629190889577	147478
m6a_200 sperm	2962	0.07432993762117086	147461
m6a_200 sperm	2963	0.07427385425042168	147451
m6a_200 sperm	2964	0.07421539439645086	147445
m6a_200 sperm	2965	0.07416571197564617	147423
m6a_200 sperm	2966	0.07413009462985981	147412
m6a_200 sperm	2967	0.07409683312195592	147402
m6a_200 sperm	2968	0.07407904889432641	147387
m6a_200 sperm	2969	0.07403808187457095	147371
m6a_200 sperm	2970	0.0740119367507367	147357
m6a_200 sperm	2971	0.07399800943963426	147347
m6a_200 sperm	2972	0.07398347465004874	147338
m6a_200 sperm	2973	0.07392876616662264	147323
m6a_200 sperm	2974	0.07391925005957757	147313
m6a_200 sperm	2975	0.07392864365577276	147307
m6a_200 sperm	2976	0.0738815074486287	147293
m6a_200 sperm	2977	0.0738380827037608	147285
m6a_200 sperm	2978	0.0738258299878859	147265
m6a_200 sperm	2979	0.07379290142329818	147245
m6a_200 sperm	2980	0.07373039116642102	147226
m6a_200 sperm	2981	0.07372392051654436	147215
m6a_200 sperm	2982	0.0737532341815531	147204
m6a_200 sperm	2983	0.0737847692785101	147194
m6a_200 sperm	2984	0.07382757643266774	147183
m6a_200 sperm	2985	0.07387300019903542	147169
m6a_200 sperm	2986	0.07393524905849508	147154
m6a_200 sperm	2987	0.07394656078509164	147144
m6a_200 sperm	2988	0.07399544280851726	147129
m6a_200 sperm	2989	0.0740285160929805	147111
m6a_200 sperm	2990	0.07406450864162226	147102
m6a_200 sperm	2991	0.0740476818518115	147082
m6a_200 sperm	2992	0.07405976082560199	147070
m6a_200 sperm	2993	0.07404223814507889	147053
m6a_200 sperm	2994	0.07405256796588161	147045
m6a_200 sperm	2995	0.0740616366200285	147033
m6a_200 sperm	2996	0.07407790450601491	147020
m6a_200 sperm	2997	0.07410486155896007	147007
m6a_200 sperm	2998	0.07414649330315813	146986
m6a_200 sperm	2999	0.05931857873371179	146980
m6a_200 sperm	3000	0.04449751579113082	146971
GM12878	0	0.6000000000000001	1621702
GM12878	1	0.8	1621702
GM12878	2	1.0	1621702
GM12878	3	1.0	1621702
GM12878	4	1.0	1621702
GM12878	5	1.0	1621702
GM12878	6	1.0	1621702
GM12878	7	1.0	1621702
GM12878	8	1.0	1621702
GM12878	9	1.0	1621702
GM12878	10	1.0	1621702
GM12878	11	1.0	1621702
GM12878	12	1.0	1621702
GM12878	13	1.0	1621702
GM12878	14	1.0	1621702
GM12878	15	1.0	1621702
GM12878	16	1.0	1621702
GM12878	17	1.0	1621702
GM12878	18	1.0	1621702
GM12878	19	1.0	1621702
GM12878	20	1.0	1621702
GM12878	21	1.0	1621702
GM12878	22	1.0	1621702
GM12878	23	1.0	1621702
GM12878	24	1.0	1621702
GM12878	25	1.0	1621702
GM12878	26	1.0	1621702
GM12878	27	1.0	1621702
GM12878	28	1.0	1621702
GM12878	29	1.0	1621702
GM12878	30	1.0	1621702
GM12878	31	1.0	1621702
GM12878	32	1.0	1621702
GM12878	33	1.0	1621702
GM12878	34	1.0	1621702
GM12878	35	1.0	1621702
GM12878	36	1.0	1621702
GM12878	37	1.0	1621702
GM12878	38	1.0	1621702
GM12878	39	1.0	1621702
GM12878	40	1.0	1621702
GM12878	41	1.0	1621702
GM12878	42	1.0	1621702
GM12878	43	1.0	1621702
GM12878	44	1.0	1621702
GM12878	45	1.0	1621702
GM12878	46	1.0	1621702
GM12878	47	1.0	1621702
GM12878	48	1.0	1621702
GM12878	49	1.0	1621702
GM12878	50	1.0	1621702
GM12878	51	1.0	1621702
GM12878	52	1.0	1621702
GM12878	53	1.0	1621702
GM12878	54	1.0	1621702
GM12878	55	1.0	1621702
GM12878	56	1.0	1621702
GM12878	57	1.0	1621702
GM12878	58	1.0	1621702
GM12878	59	1.0	1621702
GM12878	60	1.0	1621702
GM12878	61	1.0	1621702
GM12878	62	1.0	1621702
GM12878	63	1.0	1621702
GM12878	64	1.0	1621702
GM12878	65	1.0	1621702
GM12878	66	1.0	1621702
GM12878	67	1.0	1621702
GM12878	68	1.0	1621702
GM12878	69	1.0	1621702
GM12878	70	1.0	1621702
GM12878	71	1.0	1621702
GM12878	72	1.0	1621702
GM12878	73	1.0	1621702
GM12878	74	1.0	1621702
GM12878	75	1.0	1621702
GM12878	76	1.0	1621702
GM12878	77	1.0	1621702
GM12878	78	1.0	1621702
GM12878	79	1.0	1621702
GM12878	80	1.0	1621702
GM12878	81	1.0	1621702
GM12878	82	1.0	1621702
GM12878	83	1.0	1621702
GM12878	84	1.0	1621702
GM12878	85	1.0	1621702
GM12878	86	1.0	1621702
GM12878	87	1.0	1621702
GM12878	88	0.9995975832797888	1621702
GM12878	89	0.9987719075391164	1621702
GM12878	90	0.9975219861602195	1621702
GM12878	91	0.9958324032405461	1621702
GM12878	92	0.9936667772500744	1621702
GM12878	93	0.9914219751840968	1621702
GM12878	94	0.9891061366391607	1621702
GM12878	95	0.9867064355843429	1621702
GM12878	96	0.984225955200154	1621702
GM12878	97	0.981698117163326	1621702
GM12878	98	0.9790983793569966	1621702
GM12878	99	0.9764226719828921	1621702
GM12878	100	0.973653235921273	1621702
GM12878	101	0.9707552928959822	1621702
GM12878	102	0.9677004776463248	1621702
GM12878	103	0.9644810205574146	1621702
GM12878	104	0.9610689263502172	1621702
GM12878	105	0.9574403928711933	1621702
GM12878	106	0.9536046696618737	1621702
GM12878	107	0.9495506572724212	1621702
GM12878	108	0.9453088175262779	1621702
GM12878	109	0.9408750806251704	1621702
GM12878	110	0.9362334140304446	1621702
GM12878	111	0.9313240040401998	1621702
GM12878	112	0.9261256383725247	1621702
GM12878	113	0.9205909593747804	1621702
GM12878	114	0.9146748292842952	1621702
GM12878	115	0.9083988303646416	1621702
GM12878	116	0.901832149186472	1621702
GM12878	117	0.8949576432661488	1621702
GM12878	118	0.8878300698895358	1621702
GM12878	119	0.8804925935837781	1621702
GM12878	120	0.8729162324520782	1621702
GM12878	121	0.8650707713254346	1621702
GM12878	122	0.8568922033764528	1621702
GM12878	123	0.8483029557834917	1621702
GM12878	124	0.8392507378050962	1621702
GM12878	125	0.8297718076440679	1621702
GM12878	126	0.8199041500842943	1621702
GM12878	127	0.8097784919794143	1621702
GM12878	128	0.7994282550061602	1621702
GM12878	129	0.7888982069455425	1621702
GM12878	130	0.7781884711247813	1621702
GM12878	131	0.7671926161526594	1621702
GM12878	132	0.755806800509588	1621702
GM12878	133	0.7440167182379993	1621702
GM12878	134	0.7317758749757971	1621702
GM12878	135	0.7190143441890064	1621702
GM12878	136	0.705940795534568	1621702
GM12878	137	0.6927243106316697	1621702
GM12878	138	0.6794254431455349	1621702
GM12878	139	0.6662105614965018	1621702
GM12878	140	0.6531468790196966	1621702
GM12878	141	0.640106875369211	1621702
GM12878	142	0.6269767195206025	1621702
GM12878	143	0.6136878415393211	1621702
GM12878	144	0.6001482393189378	1621702
GM12878	145	0.586411930181994	1621702
GM12878	146	0.5725188721479039	1621702
GM12878	147	0.5586545493561703	1621702
GM12878	148	0.5449470987888034	1621702
GM12878	149	0.5315067749808535	1621702
GM12878	150	0.5183922816892377	1621702
GM12878	151	0.5056338340829574	1621702
GM12878	152	0.49314954288765755	1621702
GM12878	153	0.48085875210118756	1621702
GM12878	154	0.4687305065912234	1621702
GM12878	155	0.45674248413086993	1621702
GM12878	156	0.4449674477801717	1621702
GM12878	157	0.43359223827805604	1621702
GM12878	158	0.42281553577661	1621702
GM12878	159	0.4127039369748573	1621702
GM12878	160	0.4033609134107253	1621702
GM12878	161	0.39472714469119485	1621702
GM12878	162	0.38668251010358257	1621702
GM12878	163	0.37914364044688853	1621702
GM12878	164	0.37209980625293676	1621702
GM12878	165	0.3655168458816725	1621702
GM12878	166	0.35955397477465034	1621702
GM12878	167	0.3542760630498082	1621702
GM12878	168	0.34976450667261927	1621702
GM12878	169	0.346038174707807	1621702
GM12878	170	0.3431348052848181	1621702
GM12878	171	0.3410013676988744	1621702
GM12878	172	0.3395287173599096	1621702
GM12878	173	0.3386677700341987	1621702
GM12878	174	0.3384139626145864	1621702
GM12878	175	0.33874768607302697	1621702
GM12878	176	0.3396958257435707	1621702
GM12878	177	0.3412700977121567	1621702
GM12878	178	0.3435353720967231	1621702
GM12878	179	0.34648363262794274	1621702
GM12878	180	0.3501446011659356	1621702
GM12878	181	0.3544038300501572	1621702
GM12878	182	0.3592545362834849	1621702
GM12878	183	0.3646063210133551	1621702
GM12878	184	0.3704242826363907	1621702
GM12878	185	0.3765901503482144	1621702
GM12878	186	0.383147581984853	1621702
GM12878	187	0.39011187012163767	1621702
GM12878	188	0.3974726552720537	1621702
GM12878	189	0.4052041620470346	1621702
GM12878	190	0.4133135434253643	1621702
GM12878	191	0.4217189101326878	1621702
GM12878	192	0.43037993416792986	1621702
GM12878	193	0.43920350347967757	1621702
GM12878	194	0.4481927012484415	1621702
GM12878	195	0.4573169423235589	1621702
GM12878	196	0.4665814064482871	1621702
GM12878	197	0.47591801699695757	1621702
GM12878	198	0.48584889849265533	1621702
GM12878	199	0.4962694553911514	1621702
GM12878	200	0.5071587704638716	1621606
GM12878	201	0.5184133601470301	1621530
GM12878	202	0.5299751971791262	1621434
GM12878	203	0.5413026227060174	1621355
GM12878	204	0.5523718494530936	1621269
GM12878	205	0.5631115782314797	1621155
GM12878	206	0.5735487600932323	1621071
GM12878	207	0.5837354147024756	1620972
GM12878	208	0.5936087989366494	1620882
GM12878	209	0.6031703169320444	1620776
GM12878	210	0.61245528735527	1620668
GM12878	211	0.621452243674409	1620578
GM12878	212	0.6301349256741978	1620486
GM12878	213	0.6385414865145191	1620392
GM12878	214	0.6466863246496201	1620307
GM12878	215	0.6545185428542247	1620208
GM12878	216	0.6620745976876721	1620121
GM12878	217	0.6693424063425115	1620029
GM12878	218	0.6763261296374213	1619937
GM12878	219	0.6830542234427402	1619841
GM12878	220	0.6895245036116562	1619742
GM12878	221	0.6957365440904656	1619646
GM12878	222	0.7017089894405805	1619560
GM12878	223	0.7074223338678889	1619484
GM12878	224	0.7128775073258885	1619395
GM12878	225	0.7181022114537806	1619315
GM12878	226	0.7230762864926805	1619224
GM12878	227	0.7278083436531565	1619132
GM12878	228	0.7323226382881476	1619036
GM12878	229	0.7366122352691389	1618948
GM12878	230	0.7406916187783665	1618857
GM12878	231	0.7445662539479616	1618762
GM12878	232	0.7482491228507985	1618680
GM12878	233	0.7517402335181003	1618580
GM12878	234	0.755038251372068	1618494
GM12878	235	0.7581605858801221	1618402
GM12878	236	0.7611059271251643	1618316
GM12878	237	0.7638816435201052	1618232
GM12878	238	0.7664928278294274	1618153
GM12878	239	0.7689541378035465	1618067
GM12878	240	0.7712679289613036	1617994
GM12878	241	0.7734547735187621	1617918
GM12878	242	0.7755133903601503	1617832
GM12878	243	0.7774491306682783	1617736
GM12878	244	0.7792520269210685	1617645
GM12878	245	0.7809287636845111	1617565
GM12878	246	0.7824897295646711	1617498
GM12878	247	0.7839443655302447	1617431
GM12878	248	0.7852894213603778	1617350
GM12878	249	0.7865345084162871	1617272
GM12878	250	0.7876867611864969	1617186
GM12878	251	0.7887484826976809	1617089
GM12878	252	0.7897159308359295	1617005
GM12878	253	0.7906154490996976	1616929
GM12878	254	0.7914411140156664	1616841
GM12878	255	0.7921888230026337	1616750
GM12878	256	0.7928567032464959	1616673
GM12878	257	0.7934424299589654	1616580
GM12878	258	0.7939351187983926	1616490
GM12878	259	0.7943602925360931	1616399
GM12878	260	0.7947087089048137	1616325
GM12878	261	0.7949851497615992	1616233
GM12878	262	0.7952029375426206	1616161
GM12878	263	0.7953525277184444	1616081
GM12878	264	0.7954191198018982	1615989
GM12878	265	0.7954195596119505	1615909
GM12878	266	0.7953614769583887	1615828
GM12878	267	0.7952370260252504	1615729
GM12878	268	0.7950525979155418	1615645
GM12878	269	0.7948102315758021	1615567
GM12878	270	0.7945067066250006	1615485
GM12878	271	0.7941187836295495	1615395
GM12878	272	0.7936569283295687	1615302
GM12878	273	0.7931115098190903	1615216
GM12878	274	0.7924825047719124	1615110
GM12878	275	0.7917717279754628	1615021
GM12878	276	0.7909853628495982	1614919
GM12878	277	0.7901090932428554	1614813
GM12878	278	0.7891438447061323	1614719
GM12878	279	0.7881005357973601	1614622
GM12878	280	0.7869706059882351	1614521
GM12878	281	0.7857386187259793	1614432
GM12878	282	0.7844238148272356	1614339
GM12878	283	0.7830180829823032	1614260
GM12878	284	0.7815060415753292	1614189
GM12878	285	0.7798875670399803	1614085
GM12878	286	0.7781784200919378	1613979
GM12878	287	0.7763428689150504	1613879
GM12878	288	0.7743902306032026	1613803
GM12878	289	0.7723354719888941	1613716
GM12878	290	0.7701539997643273	1613634
GM12878	291	0.7678396909393411	1613545
GM12878	292	0.76540033210208	1613439
GM12878	293	0.7628155395053368	1613355
GM12878	294	0.7600704713721221	1613244
GM12878	295	0.7571712623065572	1613162
GM12878	296	0.7541415092295181	1613067
GM12878	297	0.750938184528054	1612947
GM12878	298	0.7475817183106522	1612858
GM12878	299	0.7440745522098244	1612772
GM12878	300	0.7404384148414347	1612674
GM12878	301	0.7366348888212698	1612579
GM12878	302	0.732678202848059	1612481
GM12878	303	0.7285630575967806	1612387
GM12878	304	0.7242918441976437	1612296
GM12878	305	0.7198634165007726	1612210
GM12878	306	0.7152417442983555	1612114
GM12878	307	0.7104310133542133	1612022
GM12878	308	0.7054439461204437	1611916
GM12878	309	0.7002756518986659	1611820
GM12878	310	0.6948980156697814	1611728
GM12878	311	0.689347396556865	1611636
GM12878	312	0.683634698176931	1611537
GM12878	313	0.6777607738683199	1611442
GM12878	314	0.6717249171151917	1611344
GM12878	315	0.6655204025930521	1611226
GM12878	316	0.6591564335349706	1611131
GM12878	317	0.652585123485137	1611030
GM12878	318	0.6458463093071134	1610931
GM12878	319	0.6389414918262598	1610831
GM12878	320	0.6319022593788877	1610743
GM12878	321	0.6247527454612138	1610641
GM12878	322	0.617535031751883	1610546
GM12878	323	0.6101888828159513	1610436
GM12878	324	0.6027036791647793	1610341
GM12878	325	0.5951190813488689	1610242
GM12878	326	0.5874103690769065	1610142
GM12878	327	0.5796130203257035	1610028
GM12878	328	0.5717668858354488	1609920
GM12878	329	0.5638665936117732	1609816
GM12878	330	0.5558786017053228	1609713
GM12878	331	0.5478614158526942	1609609
GM12878	332	0.539807847911348	1609486
GM12878	333	0.5317269992528245	1609373
GM12878	334	0.523634450021599	1609258
GM12878	335	0.5155480325094831	1609151
GM12878	336	0.5074495524026278	1609032
GM12878	337	0.4993818191216765	1608927
GM12878	338	0.49132419369501656	1608816
GM12878	339	0.4833521092155917	1608700
GM12878	340	0.4754895356062765	1608597
GM12878	341	0.46771280374633795	1608486
GM12878	342	0.4600374317574469	1608376
GM12878	343	0.4525261671870299	1608267
GM12878	344	0.44515814410526205	1608158
GM12878	345	0.43796649495316703	1608051
GM12878	346	0.430989806179009	1607940
GM12878	347	0.4242384083301618	1607818
GM12878	348	0.4176652717995758	1607723
GM12878	349	0.41132484625692695	1607600
GM12878	350	0.40522323086575085	1607497
GM12878	351	0.3994320328847954	1607394
GM12878	352	0.39392618214258185	1607255
GM12878	353	0.3887585871577586	1607147
GM12878	354	0.38388920824561484	1607024
GM12878	355	0.3793135920192715	1606902
GM12878	356	0.375059803691557	1606799
GM12878	357	0.37117322156659915	1606699
GM12878	358	0.3676233249050791	1606606
GM12878	359	0.3644528946254772	1606489
GM12878	360	0.3616398660107514	1606378
GM12878	361	0.3591798418771487	1606259
GM12878	362	0.35703674297193033	1606131
GM12878	363	0.35527961287251014	1606010
GM12878	364	0.35382730481849456	1605893
GM12878	365	0.3527671977388416	1605791
GM12878	366	0.35203589004596086	1605670
GM12878	367	0.3516570461052157	1605557
GM12878	368	0.35162426699891197	1605422
GM12878	369	0.3519862156625212	1605304
GM12878	370	0.3527222621775003	1605187
GM12878	371	0.3538513687769774	1605096
GM12878	372	0.35535956201111324	1604980
GM12878	373	0.35723615040729156	1604880
GM12878	374	0.3595267862830185	1604779
GM12878	375	0.36208871856436886	1604669
GM12878	376	0.3649805217939473	1604574
GM12878	377	0.36817211968568975	1604460
GM12878	378	0.3716148993642718	1604355
GM12878	379	0.37530513127480486	1604251
GM12878	380	0.3793085082153024	1604166
GM12878	381	0.3835380210187915	1604062
GM12878	382	0.3879867588303081	1603959
GM12878	383	0.392642652829054	1603845
GM12878	384	0.39745966774442265	1603749
GM12878	385	0.4024336010159303	1603656
GM12878	386	0.4075992835359229	1603554
GM12878	387	0.41298878252907034	1603460
GM12878	388	0.4185861278991718	1603346
GM12878	389	0.4243572468179416	1603254
GM12878	390	0.4303021826182815	1603170
GM12878	391	0.43630657749933893	1603060
GM12878	392	0.4423648149783437	1602971
GM12878	393	0.4485165225339125	1602854
GM12878	394	0.45471778274755625	1602736
GM12878	395	0.4609549973467394	1602649
GM12878	396	0.467299533103234	1602555
GM12878	397	0.47366182626720993	1602455
GM12878	398	0.4799798393976331	1602342
GM12878	399	0.48629187312098643	1602250
GM12878	400	0.4925873330154784	1602150
GM12878	401	0.49881241482522143	1602056
GM12878	402	0.5050197904954502	1601970
GM12878	403	0.5112147244011704	1601893
GM12878	404	0.5173610173689156	1601800
GM12878	405	0.5234584782250828	1601701
GM12878	406	0.529481557643529	1601615
GM12878	407	0.5354443792763872	1601513
GM12878	408	0.5413170200870057	1601406
GM12878	409	0.5471050211213596	1601308
GM12878	410	0.5527924312840136	1601227
GM12878	411	0.5584070317174854	1601132
GM12878	412	0.5638736397463273	1601055
GM12878	413	0.569211003363244	1600970
GM12878	414	0.5744273713792656	1600884
GM12878	415	0.5795218903938002	1600779
GM12878	416	0.5844779753216475	1600683
GM12878	417	0.5893239771522248	1600602
GM12878	418	0.5940643622291761	1600506
GM12878	419	0.5986727120638333	1600414
GM12878	420	0.6031402934060917	1600309
GM12878	421	0.607465951586561	1600218
GM12878	422	0.6116462349081007	1600136
GM12878	423	0.6156909806172718	1600051
GM12878	424	0.6195940188130717	1599951
GM12878	425	0.6233502699575515	1599866
GM12878	426	0.6269753185122051	1599777
GM12878	427	0.6304739356836981	1599699
GM12878	428	0.6338397860051862	1599612
GM12878	429	0.6370855946281488	1599524
GM12878	430	0.6402170958825262	1599431
GM12878	431	0.6432104587748442	1599356
GM12878	432	0.6460774126007309	1599273
GM12878	433	0.6488158818825827	1599185
GM12878	434	0.6514364011538427	1599093
GM12878	435	0.6539439716382366	1599006
GM12878	436	0.6563312835376383	1598904
GM12878	437	0.6586121640280926	1598823
GM12878	438	0.6607839984797748	1598742
GM12878	439	0.6628320277780675	1598656
GM12878	440	0.6647550788996166	1598564
GM12878	441	0.6665816966785953	1598457
GM12878	442	0.6682828474353041	1598383
GM12878	443	0.6698668168188973	1598307
GM12878	444	0.671338224231362	1598214
GM12878	445	0.6727188238755732	1598122
GM12878	446	0.6739967193538954	1598018
GM12878	447	0.6752049100312156	1597923
GM12878	448	0.6763335939821614	1597826
GM12878	449	0.677385346241825	1597745
GM12878	450	0.6783426784973078	1597652
GM12878	451	0.679215742688686	1597549
GM12878	452	0.6799901654816041	1597472
GM12878	453	0.6806651395520131	1597375
GM12878	454	0.6812209262225629	1597292
GM12878	455	0.6816827624143706	1597199
GM12878	456	0.6820406120203979	1597107
GM12878	457	0.6822999339901482	1597015
GM12878	458	0.6824574803737679	1596928
GM12878	459	0.6825537176116099	1596829
GM12878	460	0.6825490391204989	1596708
GM12878	461	0.682459681925537	1596614
GM12878	462	0.682300140412376	1596507
GM12878	463	0.68205739344913	1596398
GM12878	464	0.6817176703429176	1596289
GM12878	465	0.6813124164703512	1596209
GM12878	466	0.6808224275655375	1596100
GM12878	467	0.6802183089110547	1596016
GM12878	468	0.6795358054818883	1595917
GM12878	469	0.6787686802242766	1595829
GM12878	470	0.6778981584020098	1595746
GM12878	471	0.6769456842795779	1595654
GM12878	472	0.6759106593047106	1595569
GM12878	473	0.6747875330698162	1595473
GM12878	474	0.6735963004387457	1595392
GM12878	475	0.6723277080609544	1595300
GM12878	476	0.6709689014031591	1595195
GM12878	477	0.6695246866291226	1595110
GM12878	478	0.667982495840244	1595028
GM12878	479	0.6663383381872855	1594926
GM12878	480	0.6646035780892444	1594825
GM12878	481	0.6627711787278873	1594733
GM12878	482	0.660841574450888	1594642
GM12878	483	0.6588383282661365	1594557
GM12878	484	0.656735851527309	1594466
GM12878	485	0.6545115380799216	1594370
GM12878	486	0.652182399686399	1594283
GM12878	487	0.6497809428373827	1594191
GM12878	488	0.6472589331104917	1594107
GM12878	489	0.6446192209923773	1594015
GM12878	490	0.6418778456332433	1593920
GM12878	491	0.6390599212185442	1593814
GM12878	492	0.6361205371654144	1593709
GM12878	493	0.6330767251684445	1593618
GM12878	494	0.6299446971493141	1593520
GM12878	495	0.6267404228766555	1593419
GM12878	496	0.6234272137199812	1593335
GM12878	497	0.6200197279098011	1593242
GM12878	498	0.616501314041739	1593146
GM12878	499	0.6128814629770094	1593051
GM12878	500	0.6091797262879715	1592957
GM12878	501	0.6053651386022895	1592848
GM12878	502	0.6014710938039063	1592753
GM12878	503	0.5975261620497332	1592664
GM12878	504	0.5935184476274332	1592544
GM12878	505	0.589406685252856	1592449
GM12878	506	0.5852200854593599	1592343
GM12878	507	0.5809383941837365	1592230
GM12878	508	0.5765616270543518	1592132
GM12878	509	0.5721051260522791	1592030
GM12878	510	0.5675675759498303	1591915
GM12878	511	0.5629598718791616	1591818
GM12878	512	0.5582925066435472	1591718
GM12878	513	0.553581074130834	1591607
GM12878	514	0.5488358272308959	1591496
GM12878	515	0.5440511505156767	1591393
GM12878	516	0.5392554851845253	1591293
GM12878	517	0.5344340849411071	1591189
GM12878	518	0.5295783651330879	1591086
GM12878	519	0.5246859358094749	1590978
GM12878	520	0.5197902209338058	1590877
GM12878	521	0.5149075247238674	1590785
GM12878	522	0.5100385301766406	1590691
GM12878	523	0.505220358832751	1590595
GM12878	524	0.5004562409651545	1590485
GM12878	525	0.49572804557043637	1590392
GM12878	526	0.49098752833707504	1590289
GM12878	527	0.4862707310345885	1590180
GM12878	528	0.481579736128818	1590070
GM12878	529	0.47687825898061176	1589969
GM12878	530	0.4722398176771784	1589866
GM12878	531	0.467661488930654	1589764
GM12878	532	0.4631701348012222	1589657
GM12878	533	0.4587416169363809	1589543
GM12878	534	0.4544823133458278	1589431
GM12878	535	0.4503409685939772	1589330
GM12878	536	0.44634364990044895	1589207
GM12878	537	0.44247314574531027	1589091
GM12878	538	0.43869589299936695	1588972
GM12878	539	0.43499735320789396	1588862
GM12878	540	0.4314216647038591	1588763
GM12878	541	0.42801300787999813	1588664
GM12878	542	0.4247481412571133	1588548
GM12878	543	0.4216947518720281	1588439
GM12878	544	0.41880065248614	1588332
GM12878	545	0.416059174700702	1588221
GM12878	546	0.41346189736006034	1588119
GM12878	547	0.41104539037458143	1588017
GM12878	548	0.4087752798758169	1587913
GM12878	549	0.40666754338199806	1587796
GM12878	550	0.40473220355911466	1587695
GM12878	551	0.40299245319432286	1587567
GM12878	552	0.4014108270574912	1587468
GM12878	553	0.40004391876189355	1587365
GM12878	554	0.39887892191543084	1587273
GM12878	555	0.3979123127146503	1587175
GM12878	556	0.39713640755699764	1587062
GM12878	557	0.3965689454564507	1586949
GM12878	558	0.3961870334427344	1586858
GM12878	559	0.3960188409387836	1586749
GM12878	560	0.39606698257431894	1586644
GM12878	561	0.39634103428516915	1586536
GM12878	562	0.3968544800334054	1586422
GM12878	563	0.3976110454731863	1586326
GM12878	564	0.39856044147930747	1586218
GM12878	565	0.39968969997859116	1586106
GM12878	566	0.40101862945666367	1585989
GM12878	567	0.40250173879881646	1585879
GM12878	568	0.40413158684401757	1585785
GM12878	569	0.4059425052829945	1585689
GM12878	570	0.40793332936045384	1585597
GM12878	571	0.4100763696040087	1585495
GM12878	572	0.41245172262724716	1585367
GM12878	573	0.41500112534725475	1585269
GM12878	574	0.41772551489560183	1585177
GM12878	575	0.4206200456260083	1585089
GM12878	576	0.4236369379386971	1584979
GM12878	577	0.42672950610299415	1584869
GM12878	578	0.42996775063950565	1584755
GM12878	579	0.43330998196682036	1584666
GM12878	580	0.4367556702535172	1584568
GM12878	581	0.44033786738278324	1584466
GM12878	582	0.4440350354444057	1584367
GM12878	583	0.44783583485681416	1584258
GM12878	584	0.4517663144092629	1584157
GM12878	585	0.4558055663937415	1584074
GM12878	586	0.45990060583655434	1583969
GM12878	587	0.46406209598907877	1583888
GM12878	588	0.4682822948269554	1583786
GM12878	589	0.4725730870904567	1583695
GM12878	590	0.4768960530351604	1583601
GM12878	591	0.48128375181674343	1583509
GM12878	592	0.4856936716614444	1583397
GM12878	593	0.49014915828719335	1583317
GM12878	594	0.4945618468795831	1583212
GM12878	595	0.4989861522727378	1583119
GM12878	596	0.5034172699451425	1583019
GM12878	597	0.5078536166976844	1582928
GM12878	598	0.5122669607191058	1582844
GM12878	599	0.5167188992560034	1582739
GM12878	600	0.5211722431482559	1582635
GM12878	601	0.5256146853728725	1582531
GM12878	602	0.5300497477165533	1582442
GM12878	603	0.5344331454298181	1582338
GM12878	604	0.5387376950068237	1582244
GM12878	605	0.5429868403085896	1582157
GM12878	606	0.5471613711699554	1582077
GM12878	607	0.5512889804949429	1582001
GM12878	608	0.5553732616340661	1581903
GM12878	609	0.559424875635688	1581825
GM12878	610	0.5634004594520312	1581726
GM12878	611	0.5673294951242176	1581605
GM12878	612	0.5711741798159401	1581525
GM12878	613	0.5749528202026045	1581413
GM12878	614	0.5786526896158253	1581322
GM12878	615	0.5822840710675083	1581230
GM12878	616	0.5858299115779906	1581126
GM12878	617	0.5892842941645229	1581037
GM12878	618	0.5926626349585196	1580942
GM12878	619	0.5959593584157036	1580838
GM12878	620	0.5991782654293699	1580765
GM12878	621	0.6022940485796744	1580680
GM12878	622	0.6053448145937336	1580586
GM12878	623	0.6082852270557291	1580491
GM12878	624	0.6111251047297708	1580390
GM12878	625	0.6138630700157048	1580300
GM12878	626	0.616512032526909	1580181
GM12878	627	0.6190566859283549	1580087
GM12878	628	0.6215061259054018	1579995
GM12878	629	0.6238484936885399	1579884
GM12878	630	0.6260816701237865	1579795
GM12878	631	0.6282119100284491	1579707
GM12878	632	0.6302477058865247	1579603
GM12878	633	0.6321905232601831	1579516
GM12878	634	0.634047787030969	1579421
GM12878	635	0.6358252968655577	1579337
GM12878	636	0.6375213458427749	1579248
GM12878	637	0.6391259009959567	1579159
GM12878	638	0.6406075444084995	1579067
GM12878	639	0.6419859054650449	1578986
GM12878	640	0.6432634484842554	1578911
GM12878	641	0.6444458492188181	1578806
GM12878	642	0.6455222727495201	1578711
GM12878	643	0.6465251256424097	1578607
GM12878	644	0.647451575941626	1578513
GM12878	645	0.6482895112167693	1578405
GM12878	646	0.6490060536550363	1578317
GM12878	647	0.6496200392031715	1578235
GM12878	648	0.6501450552365988	1578163
GM12878	649	0.650570745457607	1578072
GM12878	650	0.6509157477575085	1577965
GM12878	651	0.6511835181002839	1577865
GM12878	652	0.6513501500452071	1577783
GM12878	653	0.6514308361734655	1577695
GM12878	654	0.6514079105775565	1577598
GM12878	655	0.6512787791962661	1577502
GM12878	656	0.6510611161054927	1577401
GM12878	657	0.6507673834590976	1577317
GM12878	658	0.6503733213195737	1577220
GM12878	659	0.649905109730708	1577121
GM12878	660	0.6493685947618819	1577028
GM12878	661	0.6487394325899716	1576909
GM12878	662	0.6480228662854305	1576816
GM12878	663	0.6472366307293513	1576722
GM12878	664	0.646367871731319	1576633
GM12878	665	0.6454041585127568	1576544
GM12878	666	0.6443663584926624	1576454
GM12878	667	0.6432438820464899	1576359
GM12878	668	0.6420210123551189	1576276
GM12878	669	0.6407082651905311	1576208
GM12878	670	0.6393091829004768	1576121
GM12878	671	0.637828589146123	1576022
GM12878	672	0.6362956392610867	1575910
GM12878	673	0.6346788948504248	1575813
GM12878	674	0.632991372913633	1575714
GM12878	675	0.6312421823719092	1575633
GM12878	676	0.6294261419544531	1575542
GM12878	677	0.6275179230247119	1575462
GM12878	678	0.6255542422175261	1575349
GM12878	679	0.6235112632358473	1575249
GM12878	680	0.6213933185618703	1575149
GM12878	681	0.6191895781549048	1575043
GM12878	682	0.6168864541399555	1574951
GM12878	683	0.6144874203216186	1574850
GM12878	684	0.6120146690301066	1574749
GM12878	685	0.6094546953625952	1574662
GM12878	686	0.6068530482397764	1574556
GM12878	687	0.6042139073170776	1574468
GM12878	688	0.6015297437775764	1574368
GM12878	689	0.5987834870606323	1574288
GM12878	690	0.5959513982308547	1574191
GM12878	691	0.5930381463910508	1574107
GM12878	692	0.5900763099555857	1574009
GM12878	693	0.5870547868837982	1573916
GM12878	694	0.5839884582991833	1573829
GM12878	695	0.5809109648739638	1573725
GM12878	696	0.5777866741227167	1573627
GM12878	697	0.574606845187114	1573527
GM12878	698	0.5713814687845149	1573417
GM12878	699	0.5681369778699743	1573316
GM12878	700	0.5648255199295582	1573228
GM12878	701	0.5614778023445484	1573109
GM12878	702	0.5580978237636507	1573008
GM12878	703	0.554704890407145	1572901
GM12878	704	0.5512663819025836	1572777
GM12878	705	0.5478241017711465	1572670
GM12878	706	0.5443679944633609	1572574
GM12878	707	0.54087731697369	1572462
GM12878	708	0.5373809004869174	1572355
GM12878	709	0.5338818175404254	1572253
GM12878	710	0.5303879127678395	1572145
GM12878	711	0.5268840296170756	1572029
GM12878	712	0.5234091858735509	1571914
GM12878	713	0.5199386037208975	1571789
GM12878	714	0.5164789527871502	1571685
GM12878	715	0.5130256781472138	1571592
GM12878	716	0.5096506094257198	1571494
GM12878	717	0.5063160833565689	1571387
GM12878	718	0.5030172839856152	1571285
GM12878	719	0.4997331228502582	1571177
GM12878	720	0.4965002843119584	1571062
GM12878	721	0.4932519277779258	1570951
GM12878	722	0.4900202088819097	1570867
GM12878	723	0.4868273122884925	1570758
GM12878	724	0.48369919635400854	1570658
GM12878	725	0.48061073729533327	1570563
GM12878	726	0.4776092709299752	1570435
GM12878	727	0.4747142846389055	1570325
GM12878	728	0.47188819100739754	1570213
GM12878	729	0.4691217888605856	1570102
GM12878	730	0.46645032375841927	1570003
GM12878	731	0.4638615689769601	1569890
GM12878	732	0.46133595171397035	1569775
GM12878	733	0.4588796011174335	1569667
GM12878	734	0.456518375374103	1569553
GM12878	735	0.45425200287670653	1569460
GM12878	736	0.45209191328162734	1569353
GM12878	737	0.4500225986868708	1569227
GM12878	738	0.4480634479869044	1569107
GM12878	739	0.4462181310602935	1568996
GM12878	740	0.4444717830714342	1568893
GM12878	741	0.4428100599311735	1568790
GM12878	742	0.4412678120321188	1568699
GM12878	743	0.43987444262257425	1568591
GM12878	744	0.4386089133322077	1568494
GM12878	745	0.43745213355073403	1568386
GM12878	746	0.4364363859319732	1568299
GM12878	747	0.4355577332618427	1568201
GM12878	748	0.43478001084454376	1568102
GM12878	749	0.43416548633665636	1567989
GM12878	750	0.43372535212019014	1567892
GM12878	751	0.4334178313490092	1567800
GM12878	752	0.43325839875539895	1567691
GM12878	753	0.4332649992573443	1567592
GM12878	754	0.43340796134784965	1567488
GM12878	755	0.43365542825446607	1567369
GM12878	756	0.4340162219072122	1567280
GM12878	757	0.43452063671536156	1567192
GM12878	758	0.43513845056674916	1567091
GM12878	759	0.43586284221407356	1566987
GM12878	760	0.43672742193162617	1566891
GM12878	761	0.4377517367832814	1566785
GM12878	762	0.43886526735922143	1566675
GM12878	763	0.44009085966376266	1566557
GM12878	764	0.44141443345423287	1566449
GM12878	765	0.4428487955659264	1566338
GM12878	766	0.44440151130968175	1566243
GM12878	767	0.446053303338701	1566128
GM12878	768	0.44778707856614264	1566032
GM12878	769	0.44962973630194836	1565928
GM12878	770	0.4515887467502446	1565821
GM12878	771	0.4536089773177797	1565722
GM12878	772	0.45574670856498517	1565616
GM12878	773	0.4580269523112501	1565515
GM12878	774	0.4604186523463002	1565416
GM12878	775	0.4628713489329129	1565317
GM12878	776	0.4654516594301468	1565207
GM12878	777	0.46808724507873933	1565114
GM12878	778	0.470795273621727	1565004
GM12878	779	0.4735469332796859	1564905
GM12878	780	0.47638962959420705	1564814
GM12878	781	0.4792578639871273	1564707
GM12878	782	0.4821984107693651	1564594
GM12878	783	0.48516527059505166	1564499
GM12878	784	0.4881692911536332	1564388
GM12878	785	0.49121924609959605	1564293
GM12878	786	0.49427718437689655	1564201
GM12878	787	0.4973583537057456	1564096
GM12878	788	0.5004746636619923	1564008
GM12878	789	0.5036114844813229	1563906
GM12878	790	0.5067605754667707	1563835
GM12878	791	0.5099499595680463	1563736
GM12878	792	0.5131665677714796	1563647
GM12878	793	0.5163981912145277	1563543
GM12878	794	0.5196478863078258	1563455
GM12878	795	0.52289785916251	1563350
GM12878	796	0.5261522800183641	1563245
GM12878	797	0.5293795739347475	1563152
GM12878	798	0.5325781867358544	1563064
GM12878	799	0.5357867810213595	1562976
GM12878	800	0.5389875019339583	1562894
GM12878	801	0.5421603548229286	1562804
GM12878	802	0.5453288979541151	1562699
GM12878	803	0.5484814709750093	1562603
GM12878	804	0.5515823407061649	1562496
GM12878	805	0.5546265580730159	1562397
GM12878	806	0.5576297985587837	1562314
GM12878	807	0.5605877951693438	1562221
GM12878	808	0.5634971227612589	1562125
GM12878	809	0.5663381173279523	1562040
GM12878	810	0.5691607533690135	1561962
GM12878	811	0.5719483732656951	1561867
GM12878	812	0.5746600313145255	1561774
GM12878	813	0.5773193181987852	1561666
GM12878	814	0.5799515945022756	1561570
GM12878	815	0.5824997577599352	1561465
GM12878	816	0.5849783236989443	1561381
GM12878	817	0.5874086662636417	1561285
GM12878	818	0.5897558273759359	1561199
GM12878	819	0.5920255078940394	1561106
GM12878	820	0.5942106922176538	1561019
GM12878	821	0.5963221186811386	1560933
GM12878	822	0.5983521471915682	1560833
GM12878	823	0.600324999923015	1560748
GM12878	824	0.6022252165727986	1560647
GM12878	825	0.6040542955188409	1560560
GM12878	826	0.6058022964077298	1560465
GM12878	827	0.6074836036255288	1560378
GM12878	828	0.6090726256877171	1560295
GM12878	829	0.6105990659582929	1560176
GM12878	830	0.6120465061964847	1560062
GM12878	831	0.6134217821830293	1559978
GM12878	832	0.6147151229173732	1559866
GM12878	833	0.6159199451090616	1559772
GM12878	834	0.6170503655159569	1559675
GM12878	835	0.6180870295506304	1559588
GM12878	836	0.6190281862984951	1559490
GM12878	837	0.6199052181694256	1559401
GM12878	838	0.6207251066101174	1559321
GM12878	839	0.6214299871144862	1559219
GM12878	840	0.6220910505573696	1559118
GM12878	841	0.6226772683094958	1559011
GM12878	842	0.6231741576617237	1558932
GM12878	843	0.623581313750539	1558860
GM12878	844	0.6239206921801395	1558753
GM12878	845	0.624169247427443	1558647
GM12878	846	0.6243356031650402	1558557
GM12878	847	0.6244255947711087	1558475
GM12878	848	0.624424282916233	1558369
GM12878	849	0.6243578361795176	1558272
GM12878	850	0.6242051590197393	1558186
GM12878	851	0.6240122544702638	1558100
GM12878	852	0.623740107288572	1558000
GM12878	853	0.6233798501938016	1557888
GM12878	854	0.6229365313462178	1557796
GM12878	855	0.6224237706557826	1557702
GM12878	856	0.6218144889455793	1557609
GM12878	857	0.6211276440424393	1557500
GM12878	858	0.6204086721706398	1557398
GM12878	859	0.6196218004514689	1557289
GM12878	860	0.6187509003507656	1557199
GM12878	861	0.6178013407558942	1557106
GM12878	862	0.6167962440325754	1557009
GM12878	863	0.6157009619425653	1556903
GM12878	864	0.614538628412401	1556793
GM12878	865	0.6133100919550208	1556695
GM12878	866	0.6120367925011551	1556592
GM12878	867	0.6106538855480594	1556505
GM12878	868	0.6092092609169095	1556414
GM12878	869	0.6077193241093388	1556315
GM12878	870	0.6061826655075969	1556207
GM12878	871	0.6045638239229598	1556101
GM12878	872	0.6029157191044443	1556001
GM12878	873	0.601233155404493	1555895
GM12878	874	0.5994835820076561	1555811
GM12878	875	0.5976769170961636	1555727
GM12878	876	0.5958275065057026	1555622
GM12878	877	0.5939443239768452	1555526
GM12878	878	0.5919903656793882	1555438
GM12878	879	0.5899847871634858	1555349
GM12878	880	0.5879376159381113	1555251
GM12878	881	0.585836030355013	1555140
GM12878	882	0.5836846669138784	1555050
GM12878	883	0.5815166350419915	1554971
GM12878	884	0.5792928616386491	1554865
GM12878	885	0.5770525450511418	1554754
GM12878	886	0.5747769534021309	1554657
GM12878	887	0.5724497795499617	1554554
GM12878	888	0.5700898550229594	1554442
GM12878	889	0.5677192052652158	1554351
GM12878	890	0.565303478100608	1554249
GM12878	891	0.5628541253195825	1554152
GM12878	892	0.5603594292830079	1554056
GM12878	893	0.5578155759907366	1553965
GM12878	894	0.5552373795155604	1553856
GM12878	895	0.5526553265029804	1553753
GM12878	896	0.5500799840288887	1553633
GM12878	897	0.5475095711788713	1553536
GM12878	898	0.544940098881188	1553431
GM12878	899	0.5423753384190759	1553331
GM12878	900	0.5397765796636869	1553228
GM12878	901	0.5371953848404464	1553135
GM12878	902	0.5346166347665691	1553039
GM12878	903	0.5320520881895711	1552934
GM12878	904	0.5294862493832282	1552814
GM12878	905	0.5269197570364673	1552713
GM12878	906	0.524321142282002	1552600
GM12878	907	0.5217548964345204	1552501
GM12878	908	0.5192288896059771	1552405
GM12878	909	0.5167339609332815	1552304
GM12878	910	0.5142772727675075	1552211
GM12878	911	0.511854732042486	1552106
GM12878	912	0.5094687354813247	1551977
GM12878	913	0.5070654862331045	1551880
GM12878	914	0.5046801433507425	1551765
GM12878	915	0.5023466489928119	1551665
GM12878	916	0.5000878812612266	1551571
GM12878	917	0.4978306073091888	1551462
GM12878	918	0.4956369244673867	1551371
GM12878	919	0.4935358475691408	1551264
GM12878	920	0.4914923108611881	1551169
GM12878	921	0.48945509957315503	1551064
GM12878	922	0.4874763625726511	1550952
GM12878	923	0.4855353501261782	1550863
GM12878	924	0.4836371613198119	1550765
GM12878	925	0.48173559482597383	1550669
GM12878	926	0.47991551761892187	1550562
GM12878	927	0.4781944685326839	1550465
GM12878	928	0.4765792711942975	1550356
GM12878	929	0.4749692639434367	1550238
GM12878	930	0.4734485943750206	1550133
GM12878	931	0.47199467719688715	1550043
GM12878	932	0.4706203633069749	1549933
GM12878	933	0.469291511447979	1549839
GM12878	934	0.4680993241222487	1549735
GM12878	935	0.46702844624185036	1549635
GM12878	936	0.4660364705778578	1549523
GM12878	937	0.4651163696310301	1549419
GM12878	938	0.46425233759668505	1549294
GM12878	939	0.46344645719994415	1549186
GM12878	940	0.46272817030503655	1549096
GM12878	941	0.46209569172532156	1549007
GM12878	942	0.46153002742675675	1548909
GM12878	943	0.46112969180250435	1548807
GM12878	944	0.4608308857080353	1548701
GM12878	945	0.4606045914327716	1548594
GM12878	946	0.46046294895680795	1548495
GM12878	947	0.4604535730644588	1548378
GM12878	948	0.46050401910462957	1548268
GM12878	949	0.4606686239274524	1548153
GM12878	950	0.4609457432513724	1548035
GM12878	951	0.46132618887748944	1547926
GM12878	952	0.4617570590362132	1547814
GM12878	953	0.46226040837289484	1547703
GM12878	954	0.4628261375025122	1547610
GM12878	955	0.46344336740504494	1547517
GM12878	956	0.4641299468416385	1547412
GM12878	957	0.46491663088356716	1547296
GM12878	958	0.46580003687281246	1547211
GM12878	959	0.4667721157226733	1547112
GM12878	960	0.46784397902475006	1547003
GM12878	961	0.46904138756918534	1546898
GM12878	962	0.47031134015792025	1546791
GM12878	963	0.4716581968563835	1546672
GM12878	964	0.4730665430470386	1546567
GM12878	965	0.47455618872804656	1546472
GM12878	966	0.4760819988033881	1546371
GM12878	967	0.47764623948307033	1546270
GM12878	968	0.4792629265701355	1546172
GM12878	969	0.4809355582475925	1546072
GM12878	970	0.48264788170233847	1545973
GM12878	971	0.4844005926392003	1545895
GM12878	972	0.4862379626159849	1545804
GM12878	973	0.4881326273621515	1545709
GM12878	974	0.49007969108101523	1545624
GM12878	975	0.4920544756809786	1545533
GM12878	976	0.49411225798890723	1545436
GM12878	977	0.4961929996717031	1545332
GM12878	978	0.4983289469199638	1545208
GM12878	979	0.5004970649188998	1545108
GM12878	980	0.5027201457426055	1545026
GM12878	981	0.504951204508274	1544940
GM12878	982	0.5072446575252548	1544847
GM12878	983	0.5095340216371562	1544760
GM12878	984	0.5118591981417006	1544674
GM12878	985	0.5141911385971332	1544558
GM12878	986	0.516523778159699	1544469
GM12878	987	0.5188675671203327	1544372
GM12878	988	0.5212100881673147	1544271
GM12878	989	0.5235453447898006	1544168
GM12878	990	0.5258625667928227	1544083
GM12878	991	0.5281740996899594	1543985
GM12878	992	0.5304435408104451	1543887
GM12878	993	0.5327059826456773	1543792
GM12878	994	0.5349679694493625	1543682
GM12878	995	0.5372370279926182	1543586
GM12878	996	0.539522002139883	1543495
GM12878	997	0.541807799542183	1543400
GM12878	998	0.5440870548925808	1543302
GM12878	999	0.546334056431849	1543203
GM12878	1000	0.5485688395386308	1543110
GM12878	1001	0.5507645656195516	1542999
GM12878	1002	0.552933359068667	1542903
GM12878	1003	0.5550972604294375	1542824
GM12878	1004	0.557247952023866	1542741
GM12878	1005	0.5593545798117645	1542644
GM12878	1006	0.5614073179090222	1542567
GM12878	1007	0.5634212008205524	1542476
GM12878	1008	0.5653894716536175	1542387
GM12878	1009	0.5673006606767874	1542273
GM12878	1010	0.569168320836883	1542179
GM12878	1011	0.5710131538201428	1542086
GM12878	1012	0.5728190591947995	1541994
GM12878	1013	0.5745836114337093	1541908
GM12878	1014	0.5763215672679696	1541808
GM12878	1015	0.5780132243028918	1541708
GM12878	1016	0.5796719964986727	1541611
GM12878	1017	0.5812836533319838	1541525
GM12878	1018	0.5828305210324977	1541427
GM12878	1019	0.5843133961525765	1541342
GM12878	1020	0.5857573458182388	1541235
GM12878	1021	0.5871214511392671	1541134
GM12878	1022	0.5884275452445329	1541057
GM12878	1023	0.5896868998309059	1540955
GM12878	1024	0.5908888081203365	1540867
GM12878	1025	0.5920366041571954	1540754
GM12878	1026	0.5931288910988335	1540651
GM12878	1027	0.5941741015553457	1540552
GM12878	1028	0.5951527612874546	1540463
GM12878	1029	0.5960588935333231	1540361
GM12878	1030	0.5968989169610965	1540276
GM12878	1031	0.5976931730583896	1540199
GM12878	1032	0.5984138469331958	1540100
GM12878	1033	0.5990855151552632	1540008
GM12878	1034	0.5997117748705709	1539915
GM12878	1035	0.6002811488956101	1539805
GM12878	1036	0.6007865628348106	1539700
GM12878	1037	0.601245043243447	1539587
GM12878	1038	0.6016162362320665	1539465
GM12878	1039	0.6019140908598468	1539375
GM12878	1040	0.6021481646481301	1539254
GM12878	1041	0.60231105830273	1539172
GM12878	1042	0.6023901097884989	1539066
GM12878	1043	0.6023979699953261	1538964
GM12878	1044	0.6023530963033237	1538863
GM12878	1045	0.6022395346311165	1538770
GM12878	1046	0.6020640084278835	1538671
GM12878	1047	0.6018395058121035	1538589
GM12878	1048	0.6015704894680632	1538493
GM12878	1049	0.6012216128836569	1538403
GM12878	1050	0.6007980948545523	1538302
GM12878	1051	0.6003375243716109	1538213
GM12878	1052	0.5998133443275772	1538129
GM12878	1053	0.5992147653453523	1538029
GM12878	1054	0.5985634398789603	1537942
GM12878	1055	0.5978811908051661	1537832
GM12878	1056	0.5971053921045273	1537733
GM12878	1057	0.5962593885064031	1537651
GM12878	1058	0.5953800276519369	1537547
GM12878	1059	0.5944533270833869	1537450
GM12878	1060	0.5934629292339568	1537346
GM12878	1061	0.5924147654537888	1537269
GM12878	1062	0.5913242638098559	1537158
GM12878	1063	0.5901755614014913	1537037
GM12878	1064	0.5889777832070564	1536944
GM12878	1065	0.587741358698672	1536825
GM12878	1066	0.5864989457272721	1536726
GM12878	1067	0.5852093968185024	1536623
GM12878	1068	0.5838958129113663	1536527
GM12878	1069	0.5825529038800137	1536415
GM12878	1070	0.5811509724904309	1536317
GM12878	1071	0.5796951665501345	1536211
GM12878	1072	0.5782095837731349	1536127
GM12878	1073	0.5766953583766143	1536011
GM12878	1074	0.5751510768344743	1535934
GM12878	1075	0.5735955824144247	1535837
GM12878	1076	0.5719959145491648	1535749
GM12878	1077	0.5703607106044495	1535647
GM12878	1078	0.5686785754188208	1535553
GM12878	1079	0.5669684224752609	1535461
GM12878	1080	0.5652195099954498	1535353
GM12878	1081	0.5634788884241261	1535266
GM12878	1082	0.5616993863261792	1535178
GM12878	1083	0.5599006543366579	1535071
GM12878	1084	0.5580690596032872	1534975
GM12878	1085	0.5561995828633688	1534863
GM12878	1086	0.5542908267490875	1534777
GM12878	1087	0.5523661293378721	1534689
GM12878	1088	0.5504544112899739	1534583
GM12878	1089	0.5485247220360882	1534486
GM12878	1090	0.5465983291615841	1534373
GM12878	1091	0.5446601215272706	1534256
GM12878	1092	0.5427474659098929	1534164
GM12878	1093	0.5408165015129875	1534085
GM12878	1094	0.5388917502791808	1533990
GM12878	1095	0.5369750544811902	1533876
GM12878	1096	0.5350557897343693	1533780
GM12878	1097	0.533130089556755	1533670
GM12878	1098	0.5312149598761131	1533574
GM12878	1099	0.5293169939152885	1533478
GM12878	1100	0.5274307556908063	1533379
GM12878	1101	0.5255589571878978	1533284
GM12878	1102	0.5237164500429278	1533178
GM12878	1103	0.521885726196849	1533079
GM12878	1104	0.5200905230019609	1532965
GM12878	1105	0.5183275794623435	1532858
GM12878	1106	0.5166051690567591	1532759
GM12878	1107	0.514892420362825	1532643
GM12878	1108	0.5131846295413323	1532545
GM12878	1109	0.5114969284014662	1532435
GM12878	1110	0.5098131505191819	1532346
GM12878	1111	0.508133454180929	1532232
GM12878	1112	0.5064780569518471	1532126
GM12878	1113	0.5048714168092392	1532034
GM12878	1114	0.5032799610159935	1531948
GM12878	1115	0.5017448958716749	1531849
GM12878	1116	0.5002728355087342	1531745
GM12878	1117	0.49884536857826517	1531654
GM12878	1118	0.49748398792114357	1531554
GM12878	1119	0.49620561642471617	1531434
GM12878	1120	0.494958072149508	1531328
GM12878	1121	0.49376070721703846	1531228
GM12878	1122	0.4926333237860279	1531112
GM12878	1123	0.49154742172798155	1531011
GM12878	1124	0.4904896344145077	1530905
GM12878	1125	0.4895032392755464	1530818
GM12878	1126	0.48854664232456574	1530699
GM12878	1127	0.4876557799593885	1530594
GM12878	1128	0.4867994438295062	1530501
GM12878	1129	0.48597428362710576	1530397
GM12878	1130	0.48520665717317324	1530279
GM12878	1131	0.4845516073974193	1530163
GM12878	1132	0.48393329928965323	1530062
GM12878	1133	0.48338713254279775	1529973
GM12878	1134	0.4829425324387996	1529884
GM12878	1135	0.4825486651897161	1529769
GM12878	1136	0.48217127415122774	1529683
GM12878	1137	0.4818591405461614	1529583
GM12878	1138	0.4815779137738906	1529460
GM12878	1139	0.48136476327884	1529368
GM12878	1140	0.48121292921550674	1529264
GM12878	1141	0.48113874326280803	1529166
GM12878	1142	0.4811461403726346	1529070
GM12878	1143	0.4812570332141315	1528966
GM12878	1144	0.48142037000955723	1528862
GM12878	1145	0.48164957989694573	1528770
GM12878	1146	0.48192888886363006	1528687
GM12878	1147	0.48227532781708277	1528586
GM12878	1148	0.4826558354429561	1528495
GM12878	1149	0.48306780149909395	1528406
GM12878	1150	0.48355356423877244	1528287
GM12878	1151	0.48411473380868936	1528177
GM12878	1152	0.48471126371554224	1528075
GM12878	1153	0.4853588478166339	1527999
GM12878	1154	0.48610999865139637	1527882
GM12878	1155	0.48688842326950255	1527756
GM12878	1156	0.4876931520713714	1527643
GM12878	1157	0.48856021840078434	1527548
GM12878	1158	0.4894972317917277	1527447
GM12878	1159	0.49046294403061774	1527348
GM12878	1160	0.49148802929184393	1527246
GM12878	1161	0.49255797219208264	1527147
GM12878	1162	0.49366938741680333	1527049
GM12878	1163	0.49482122020205416	1526957
GM12878	1164	0.49598924967406927	1526875
GM12878	1165	0.4971989505977802	1526766
GM12878	1166	0.4984570026248431	1526682
GM12878	1167	0.49974206365655705	1526584
GM12878	1168	0.5010444486117785	1526498
GM12878	1169	0.5024209577479994	1526398
GM12878	1170	0.5038308613607206	1526313
GM12878	1171	0.505262228662868	1526218
GM12878	1172	0.5067045912764403	1526113
GM12878	1173	0.5082022516207454	1526020
GM12878	1174	0.5096906989471555	1525919
GM12878	1175	0.5111903499763768	1525823
GM12878	1176	0.5127254401304121	1525749
GM12878	1177	0.5143053963558288	1525644
GM12878	1178	0.5158973152648533	1525553
GM12878	1179	0.5174983837041156	1525466
GM12878	1180	0.5191152183856652	1525357
GM12878	1181	0.5207154575495085	1525236
GM12878	1182	0.5223407267715755	1525126
GM12878	1183	0.523940592707956	1525018
GM12878	1184	0.525586456593639	1524921
GM12878	1185	0.5272586345548618	1524811
GM12878	1186	0.528961073470722	1524713
GM12878	1187	0.530628391363673	1524624
GM12878	1188	0.5323345690466031	1524531
GM12878	1189	0.5340222763792384	1524431
GM12878	1190	0.5357117145253855	1524335
GM12878	1191	0.5373736309336047	1524236
GM12878	1192	0.5390543775072378	1524144
GM12878	1193	0.5407242044924283	1524046
GM12878	1194	0.5423900821808271	1523961
GM12878	1195	0.5440246793567308	1523861
GM12878	1196	0.5456602181265857	1523767
GM12878	1197	0.547250791158592	1523662
GM12878	1198	0.5488273484455675	1523561
GM12878	1199	0.5503672269377637	1523467
GM12878	1200	0.5518969249717798	1523384
GM12878	1201	0.5534482087889503	1523279
GM12878	1202	0.5549810765107144	1523176
GM12878	1203	0.5564981730912019	1523086
GM12878	1204	0.5579982245000767	1522995
GM12878	1205	0.5594653109359508	1522895
GM12878	1206	0.5608620831919042	1522787
GM12878	1207	0.5622486558985573	1522692
GM12878	1208	0.5635796673139957	1522598
GM12878	1209	0.5648704831242561	1522491
GM12878	1210	0.5661184041372084	1522397
GM12878	1211	0.5673658797993832	1522302
GM12878	1212	0.5685696827008999	1522196
GM12878	1213	0.5697208887929714	1522082
GM12878	1214	0.5708345452408826	1521992
GM12878	1215	0.5719496595620392	1521897
GM12878	1216	0.5729974244163807	1521814
GM12878	1217	0.574003371206079	1521729
GM12878	1218	0.5749926902087282	1521630
GM12878	1219	0.57594226931472	1521535
GM12878	1220	0.5768072020232257	1521439
GM12878	1221	0.577631933929886	1521339
GM12878	1222	0.5784079112435161	1521245
GM12878	1223	0.5791371407479841	1521154
GM12878	1224	0.5798072517038673	1521048
GM12878	1225	0.5804375680705737	1520956
GM12878	1226	0.5810052898378522	1520860
GM12878	1227	0.5815347093752199	1520763
GM12878	1228	0.5820007240946534	1520685
GM12878	1229	0.582424104530019	1520589
GM12878	1230	0.5827949780507777	1520486
GM12878	1231	0.5831214732034329	1520391
GM12878	1232	0.5834089876298376	1520295
GM12878	1233	0.5836462372276163	1520201
GM12878	1234	0.5838514584552492	1520101
GM12878	1235	0.584011967203178	1520002
GM12878	1236	0.5841414958281539	1519915
GM12878	1237	0.5842148426007274	1519819
GM12878	1238	0.5842529932031176	1519714
GM12878	1239	0.5842269662992818	1519609
GM12878	1240	0.584150808589849	1519504
GM12878	1241	0.5840430299590245	1519413
GM12878	1242	0.583885204462432	1519315
GM12878	1243	0.5836785822228421	1519224
GM12878	1244	0.5834372530270576	1519114
GM12878	1245	0.5831457910983702	1519027
GM12878	1246	0.5827778891097078	1518923
GM12878	1247	0.5823526064798027	1518831
GM12878	1248	0.5819089178824263	1518725
GM12878	1249	0.5814336354077531	1518638
GM12878	1250	0.5809281658989156	1518550
GM12878	1251	0.580390404429612	1518452
GM12878	1252	0.5798034461040974	1518363
GM12878	1253	0.5791497943118	1518265
GM12878	1254	0.5784637307612231	1518133
GM12878	1255	0.5777437346590052	1518029
GM12878	1256	0.577005902018715	1517930
GM12878	1257	0.5762439502958927	1517820
GM12878	1258	0.5754430862017782	1517704
GM12878	1259	0.5745957309082841	1517600
GM12878	1260	0.5737112584384575	1517509
GM12878	1261	0.5727854465698377	1517410
GM12878	1262	0.5718199878930001	1517310
GM12878	1263	0.5708547708175954	1517218
GM12878	1264	0.5698656084359794	1517133
GM12878	1265	0.5688436033433424	1517039
GM12878	1266	0.5677881954835423	1516936
GM12878	1267	0.5667382570589801	1516838
GM12878	1268	0.565636016267935	1516752
GM12878	1269	0.5644838761510911	1516668
GM12878	1270	0.5632983551738251	1516561
GM12878	1271	0.5620870713180186	1516471
GM12878	1272	0.5608367398651082	1516373
GM12878	1273	0.5595771675385218	1516275
GM12878	1274	0.5582797596298219	1516191
GM12878	1275	0.5569668816779046	1516107
GM12878	1276	0.555631201059807	1515993
GM12878	1277	0.5542798039545432	1515895
GM12878	1278	0.552885674094696	1515789
GM12878	1279	0.551500383817949	1515694
GM12878	1280	0.5501080051602892	1515593
GM12878	1281	0.5487125423784707	1515489
GM12878	1282	0.5473130969240287	1515377
GM12878	1283	0.5459224604270557	1515291
GM12878	1284	0.5445347468182578	1515170
GM12878	1285	0.5431495555818726	1515076
GM12878	1286	0.5417986755343359	1514982
GM12878	1287	0.5404414437833901	1514880
GM12878	1288	0.5390872812701722	1514790
GM12878	1289	0.5377268252705174	1514685
GM12878	1290	0.5363309693965135	1514603
GM12878	1291	0.5348889263066051	1514491
GM12878	1292	0.5334361160236956	1514394
GM12878	1293	0.5319970350478542	1514288
GM12878	1294	0.5305578858187672	1514185
GM12878	1295	0.5291551334221092	1514078
GM12878	1296	0.5277680268910009	1513983
GM12878	1297	0.526411597217577	1513886
GM12878	1298	0.525037753393506	1513784
GM12878	1299	0.523711270807539	1513676
GM12878	1300	0.5224154885455763	1513564
GM12878	1301	0.5211408496288015	1513456
GM12878	1302	0.5198813931088548	1513350
GM12878	1303	0.518690584806874	1513255
GM12878	1304	0.5175144634958502	1513162
GM12878	1305	0.5163856698591586	1513064
GM12878	1306	0.5152887487211325	1512967
GM12878	1307	0.5142247097855368	1512880
GM12878	1308	0.5131427901828939	1512769
GM12878	1309	0.5120957523638977	1512651
GM12878	1310	0.5110484731725415	1512522
GM12878	1311	0.5100329628392688	1512435
GM12878	1312	0.509046649925378	1512330
GM12878	1313	0.508117290541442	1512232
GM12878	1314	0.5071964355529597	1512126
GM12878	1315	0.5063087108852325	1512027
GM12878	1316	0.5054417732592266	1511912
GM12878	1317	0.5046097023280776	1511820
GM12878	1318	0.5037977002565126	1511712
GM12878	1319	0.5030252689347865	1511621
GM12878	1320	0.5023189059207078	1511511
GM12878	1321	0.5016424776575276	1511424
GM12878	1322	0.501018239722254	1511314
GM12878	1323	0.5004314321237302	1511222
GM12878	1324	0.49989907870449424	1511123
GM12878	1325	0.4993845267800243	1511036
GM12878	1326	0.49895396677443066	1510919
GM12878	1327	0.4985570442374623	1510823
GM12878	1328	0.4982183801049042	1510743
GM12878	1329	0.49793044376556644	1510649
GM12878	1330	0.49772316634828806	1510547
GM12878	1331	0.49752757800092406	1510431
GM12878	1332	0.4973716217627294	1510316
GM12878	1333	0.49726013584683243	1510231
GM12878	1334	0.49717904341871644	1510136
GM12878	1335	0.4970695989589136	1510030
GM12878	1336	0.4970022569119672	1509949
GM12878	1337	0.4969615300560251	1509840
GM12878	1338	0.496968836415879	1509745
GM12878	1339	0.4970096626958977	1509644
GM12878	1340	0.49710368911907465	1509571
GM12878	1341	0.4972284001872047	1509486
GM12878	1342	0.4973972551232183	1509394
GM12878	1343	0.4976168805366131	1509306
GM12878	1344	0.4978863592128203	1509221
GM12878	1345	0.4981912487179643	1509130
GM12878	1346	0.49855680756491105	1509037
GM12878	1347	0.49897946826226147	1508937
GM12878	1348	0.4994259107314165	1508850
GM12878	1349	0.49991284376113726	1508748
GM12878	1350	0.5004563744242486	1508657
GM12878	1351	0.5010591685265333	1508554
GM12878	1352	0.5016668722397524	1508459
GM12878	1353	0.5022912213566347	1508371
GM12878	1354	0.5029314347490231	1508282
GM12878	1355	0.5036141001812962	1508193
GM12878	1356	0.5042878514886486	1508086
GM12878	1357	0.5050020186928922	1507988
GM12878	1358	0.505760709777109	1507876
GM12878	1359	0.506544325182388	1507769
GM12878	1360	0.5073655350223645	1507680
GM12878	1361	0.5082246842037559	1507559
GM12878	1362	0.50912241308697	1507454
GM12878	1363	0.5100320873389677	1507332
GM12878	1364	0.5109948154134847	1507237
GM12878	1365	0.5119496969632935	1507134
GM12878	1366	0.5129408646607323	1507031
GM12878	1367	0.5139448848307964	1506936
GM12878	1368	0.5149850902487193	1506825
GM12878	1369	0.5160099423270872	1506738
GM12878	1370	0.5170533842672715	1506628
GM12878	1371	0.5181266722421075	1506538
GM12878	1372	0.51923478837417	1506439
GM12878	1373	0.5203667603772657	1506344
GM12878	1374	0.521533453893368	1506241
GM12878	1375	0.5227336257685671	1506153
GM12878	1376	0.5239554771292907	1506064
GM12878	1377	0.5251698438098189	1505984
GM12878	1378	0.5263867139434917	1505885
GM12878	1379	0.5275999168148823	1505783
GM12878	1380	0.528816543452361	1505686
GM12878	1381	0.5300138235709063	1505587
GM12878	1382	0.53121549399854	1505500
GM12878	1383	0.5324132407331151	1505397
GM12878	1384	0.5336349498760997	1505284
GM12878	1385	0.5348346189335069	1505179
GM12878	1386	0.5360254579752203	1505076
GM12878	1387	0.5372098602099828	1504989
GM12878	1388	0.5383927227206702	1504891
GM12878	1389	0.5395594316388351	1504783
GM12878	1390	0.5407670794698121	1504661
GM12878	1391	0.541976132375639	1504565
GM12878	1392	0.5431775199454304	1504469
GM12878	1393	0.5443743198525444	1504363
GM12878	1394	0.5455425592552732	1504264
GM12878	1395	0.5466559202378004	1504171
GM12878	1396	0.5477304820738917	1504053
GM12878	1397	0.548800308514217	1503955
GM12878	1398	0.5498461283558288	1503858
GM12878	1399	0.5508915743504792	1503753
GM12878	1400	0.5519212399976947	1503652
GM12878	1401	0.5529304032198663	1503543
GM12878	1402	0.5539255650173971	1503448
GM12878	1403	0.554892721233166	1503335
GM12878	1404	0.5558089648444897	1503227
GM12878	1405	0.5567026044751534	1503109
GM12878	1406	0.5576266532882209	1503021
GM12878	1407	0.5585099560432413	1502931
GM12878	1408	0.5593724782905919	1502826
GM12878	1409	0.5602329877600425	1502729
GM12878	1410	0.5610741943199097	1502629
GM12878	1411	0.5618264612904055	1502523
GM12878	1412	0.5625485381687019	1502422
GM12878	1413	0.563242284642979	1502310
GM12878	1414	0.5638842396635708	1502198
GM12878	1415	0.5645166623369096	1502099
GM12878	1416	0.5651401342393158	1501989
GM12878	1417	0.565716301642299	1501885
GM12878	1418	0.5662507962308253	1501794
GM12878	1419	0.5667649638811578	1501710
GM12878	1420	0.567205628842992	1501596
GM12878	1421	0.5675981467768806	1501518
GM12878	1422	0.5679855354536543	1501427
GM12878	1423	0.5683397357153204	1501327
GM12878	1424	0.5686774365336577	1501241
GM12878	1425	0.5689926018161264	1501142
GM12878	1426	0.5692780937552231	1501052
GM12878	1427	0.5695111775876283	1500960
GM12878	1428	0.5696946039201615	1500867
GM12878	1429	0.5698249595566345	1500782
GM12878	1430	0.5699272483701403	1500688
GM12878	1431	0.5700045881755489	1500597
GM12878	1432	0.5700392216659299	1500494
GM12878	1433	0.5700674397205482	1500391
GM12878	1434	0.5700732478142206	1500284
GM12878	1435	0.5700519583789485	1500178
GM12878	1436	0.5700016023702847	1500089
GM12878	1437	0.5699261316674256	1499997
GM12878	1438	0.5697935408885669	1499894
GM12878	1439	0.5696231602997831	1499798
GM12878	1440	0.5694042898741595	1499696
GM12878	1441	0.5691535532765839	1499611
GM12878	1442	0.5689053158759263	1499511
GM12878	1443	0.5686674120720782	1499397
GM12878	1444	0.5683805932574947	1499287
GM12878	1445	0.5680447329058167	1499189
GM12878	1446	0.5676834646109452	1499103
GM12878	1447	0.5672439125149519	1499007
GM12878	1448	0.5667399951788215	1498902
GM12878	1449	0.566237156522272	1498805
GM12878	1450	0.565730900417476	1498707
GM12878	1451	0.5651784796440158	1498613
GM12878	1452	0.5646013005503402	1498503
GM12878	1453	0.5640057341883092	1498420
GM12878	1454	0.5633521712778734	1498314
GM12878	1455	0.5626695204686657	1498227
GM12878	1456	0.5619483427483798	1498140
GM12878	1457	0.5612162684813682	1498034
GM12878	1458	0.560468229377793	1497926
GM12878	1459	0.559684358213266	1497843
GM12878	1460	0.5589052178242331	1497738
GM12878	1461	0.558121975911859	1497636
GM12878	1462	0.5573200012526195	1497544
GM12878	1463	0.5564730272945508	1497443
GM12878	1464	0.5556562950273739	1497352
GM12878	1465	0.554801171935509	1497258
GM12878	1466	0.5539315432384541	1497179
GM12878	1467	0.5530348368883882	1497081
GM12878	1468	0.5521496996853784	1496985
GM12878	1469	0.5512491893220733	1496872
GM12878	1470	0.5503185555264739	1496759
GM12878	1471	0.5493542411077892	1496666
GM12878	1472	0.5483803295877328	1496558
GM12878	1473	0.5473930397547258	1496464
GM12878	1474	0.5464000406419659	1496367
GM12878	1475	0.5454253191456795	1496267
GM12878	1476	0.5444703613867004	1496159
GM12878	1477	0.5435612894052018	1496079
GM12878	1478	0.5426415926526635	1495978
GM12878	1479	0.5417338789140622	1495877
GM12878	1480	0.5408019552999064	1495778
GM12878	1481	0.5398521860680058	1495669
GM12878	1482	0.5388771189617083	1495556
GM12878	1483	0.5379184922206443	1495454
GM12878	1484	0.5369221893248912	1495346
GM12878	1485	0.5359005972858855	1495249
GM12878	1486	0.5348951257643886	1495160
GM12878	1487	0.5338791109593087	1495060
GM12878	1488	0.532860616095044	1494972
GM12878	1489	0.5318253639339571	1494858
GM12878	1490	0.5308356438438776	1494764
GM12878	1491	0.5298489030141903	1494668
GM12878	1492	0.5288799007112658	1494573
GM12878	1493	0.5279076087656767	1494443
GM12878	1494	0.5269604098515639	1494343
GM12878	1495	0.5260314706314185	1494216
GM12878	1496	0.5251216994424678	1494119
GM12878	1497	0.5242654928478954	1494029
GM12878	1498	0.5234284984999227	1493929
GM12878	1499	0.5226142440546272	1493829
GM12878	1500	0.5218155685350653	1493724
GM12878	1501	0.521020142049674	1493641
GM12878	1502	0.5201926865399209	1493545
GM12878	1503	0.5193930402118312	1493441
GM12878	1504	0.5186261789235835	1493338
GM12878	1505	0.5178997771816226	1493234
GM12878	1506	0.5171905752558817	1493121
GM12878	1507	0.5164897469377688	1493006
GM12878	1508	0.5158278195852459	1492888
GM12878	1509	0.5151758116718991	1492798
GM12878	1510	0.5144980848797523	1492688
GM12878	1511	0.5138621549432554	1492591
GM12878	1512	0.513275267464136	1492494
GM12878	1513	0.5126777045492851	1492402
GM12878	1514	0.5121179255668054	1492305
GM12878	1515	0.511617520720918	1492201
GM12878	1516	0.5111427931182836	1492105
GM12878	1517	0.5106996404346485	1492003
GM12878	1518	0.510284728790552	1491907
GM12878	1519	0.5098887289120045	1491810
GM12878	1520	0.5095077365096315	1491690
GM12878	1521	0.509159466962769	1491597
GM12878	1522	0.5088082767229289	1491514
GM12878	1523	0.5084953712802082	1491429
GM12878	1524	0.5081906260470493	1491325
GM12878	1525	0.5079139714400247	1491221
GM12878	1526	0.5076514481187402	1491108
GM12878	1527	0.5074592954850311	1490996
GM12878	1528	0.5072888398392366	1490898
GM12878	1529	0.5071924762322106	1490812
GM12878	1530	0.5071476688662468	1490716
GM12878	1531	0.5071541792545075	1490608
GM12878	1532	0.507150095233582	1490513
GM12878	1533	0.5071906914880796	1490410
GM12878	1534	0.5072069989912406	1490316
GM12878	1535	0.5072339790920828	1490222
GM12878	1536	0.5072906916584048	1490116
GM12878	1537	0.5073974742446908	1490024
GM12878	1538	0.5075113207035054	1489928
GM12878	1539	0.5077032891400368	1489836
GM12878	1540	0.5079418032490803	1489739
GM12878	1541	0.5081970368352379	1489653
GM12878	1542	0.508501655706362	1489558
GM12878	1543	0.5088613066653664	1489428
GM12878	1544	0.509251838794788	1489331
GM12878	1545	0.5096612436169937	1489227
GM12878	1546	0.510074783973223	1489130
GM12878	1547	0.5104796883478646	1489021
GM12878	1548	0.5108910059212507	1488904
GM12878	1549	0.5113492969262281	1488826
GM12878	1550	0.5118197158371116	1488737
GM12878	1551	0.5123570369723709	1488624
GM12878	1552	0.5129111639595288	1488531
GM12878	1553	0.5134931645135898	1488454
GM12878	1554	0.5140561532049417	1488363
GM12878	1555	0.5146557686663225	1488276
GM12878	1556	0.5152297403318774	1488171
GM12878	1557	0.5158245694614574	1488076
GM12878	1558	0.5164432683193996	1487988
GM12878	1559	0.5170643114890856	1487886
GM12878	1560	0.5177085819736797	1487797
GM12878	1561	0.5184149232984541	1487702
GM12878	1562	0.5191438591839085	1487599
GM12878	1563	0.5198863301155562	1487505
GM12878	1564	0.5206553051402942	1487408
GM12878	1565	0.5214313465547107	1487319
GM12878	1566	0.5222016421242321	1487227
GM12878	1567	0.5230091610639864	1487134
GM12878	1568	0.5238537170050596	1487018
GM12878	1569	0.5247245559841331	1486940
GM12878	1570	0.5256079873364268	1486846
GM12878	1571	0.5265066121345116	1486749
GM12878	1572	0.5273813496585057	1486645
GM12878	1573	0.5282110020826212	1486546
GM12878	1574	0.5290184772417758	1486444
GM12878	1575	0.5298004018905059	1486348
GM12878	1576	0.5305860877056445	1486256
GM12878	1577	0.5313945782353319	1486159
GM12878	1578	0.5322390835146582	1486056
GM12878	1579	0.5330922672224935	1485934
GM12878	1580	0.5339546040747374	1485829
GM12878	1581	0.5348083943002321	1485732
GM12878	1582	0.5356392577469293	1485616
GM12878	1583	0.5364639996173088	1485497
GM12878	1584	0.5373027548590442	1485396
GM12878	1585	0.5381347404208117	1485301
GM12878	1586	0.538944901835746	1485211
GM12878	1587	0.5397564919066704	1485112
GM12878	1588	0.5405797297306704	1485017
GM12878	1589	0.541393116792163	1484920
GM12878	1590	0.5421955312264025	1484809
GM12878	1591	0.5429963804881335	1484706
GM12878	1592	0.5438112221343089	1484624
GM12878	1593	0.5445663120321566	1484526
GM12878	1594	0.5453028774385091	1484416
GM12878	1595	0.5460542711301343	1484313
GM12878	1596	0.5467985520193536	1484216
GM12878	1597	0.5475054845996357	1484126
GM12878	1598	0.5482322883145951	1484018
GM12878	1599	0.5489206789461566	1483917
GM12878	1600	0.5495854738593394	1483809
GM12878	1601	0.5502246068781589	1483726
GM12878	1602	0.5508766628714141	1483621
GM12878	1603	0.5515133125949818	1483524
GM12878	1604	0.5521585104540908	1483419
GM12878	1605	0.552765130869349	1483320
GM12878	1606	0.5533530694127275	1483221
GM12878	1607	0.5538871205449528	1483130
GM12878	1608	0.5543904373507107	1483035
GM12878	1609	0.5548620236906758	1482943
GM12878	1610	0.555299782767503	1482843
GM12878	1611	0.5557213548870203	1482749
GM12878	1612	0.5561352960920672	1482644
GM12878	1613	0.55652384137808	1482539
GM12878	1614	0.5568864180912158	1482429
GM12878	1615	0.5572379615462248	1482341
GM12878	1616	0.5575705425115749	1482236
GM12878	1617	0.5578873538034052	1482133
GM12878	1618	0.5581845114108317	1482035
GM12878	1619	0.5584626962354754	1481929
GM12878	1620	0.5587183712958542	1481823
GM12878	1621	0.5589309960922328	1481716
GM12878	1622	0.5590981613344497	1481622
GM12878	1623	0.5592326671382117	1481544
GM12878	1624	0.5593373250823399	1481438
GM12878	1625	0.559434998753853	1481334
GM12878	1626	0.5595220854165167	1481231
GM12878	1627	0.5595861942550112	1481126
GM12878	1628	0.5596281007113306	1481031
GM12878	1629	0.5596179285882337	1480929
GM12878	1630	0.5595653765385799	1480833
GM12878	1631	0.5595066421482084	1480749
GM12878	1632	0.559423796299467	1480649
GM12878	1633	0.5593209495884642	1480550
GM12878	1634	0.5592403707097613	1480447
GM12878	1635	0.5591497888973915	1480351
GM12878	1636	0.559002398936725	1480251
GM12878	1637	0.5588123129098802	1480133
GM12878	1638	0.5585941688358906	1480040
GM12878	1639	0.5583412592680493	1479942
GM12878	1640	0.5580658606011747	1479854
GM12878	1641	0.5577782142827034	1479738
GM12878	1642	0.5575039706791562	1479640
GM12878	1643	0.5571952223668692	1479553
GM12878	1644	0.5568606385554655	1479447
GM12878	1645	0.5565091576239223	1479341
GM12878	1646	0.5561469796161638	1479221
GM12878	1647	0.5557681826710049	1479117
GM12878	1648	0.5553656190792912	1479017
GM12878	1649	0.5549613079549848	1478930
GM12878	1650	0.554524395858777	1478839
GM12878	1651	0.5540873528948054	1478765
GM12878	1652	0.5536364035075263	1478664
GM12878	1653	0.5531851014099138	1478556
GM12878	1654	0.552718531924435	1478430
GM12878	1655	0.5522514092033901	1478332
GM12878	1656	0.5517480212397857	1478248
GM12878	1657	0.5512104233311208	1478139
GM12878	1658	0.5506430801193184	1478032
GM12878	1659	0.5500585764761365	1477901
GM12878	1660	0.5494405828131432	1477818
GM12878	1661	0.5488127906102229	1477720
GM12878	1662	0.5481834458059267	1477618
GM12878	1663	0.5475724708285039	1477527
GM12878	1664	0.5469197912162757	1477412
GM12878	1665	0.5462829857342393	1477312
GM12878	1666	0.545628027237165	1477224
GM12878	1667	0.5449544378888321	1477124
GM12878	1668	0.5442585181692684	1477021
GM12878	1669	0.5435729415017033	1476915
GM12878	1670	0.542860115214256	1476821
GM12878	1671	0.5421288865341067	1476720
GM12878	1672	0.5414013167634812	1476621
GM12878	1673	0.5406635249767873	1476509
GM12878	1674	0.5399158256017447	1476409
GM12878	1675	0.5391490151261396	1476296
GM12878	1676	0.5384179392437168	1476205
GM12878	1677	0.5376866478410495	1476114
GM12878	1678	0.5369611241581613	1476014
GM12878	1679	0.5362702794094323	1475897
GM12878	1680	0.5356133458471998	1475802
GM12878	1681	0.5349784353803592	1475680
GM12878	1682	0.5343573415496946	1475576
GM12878	1683	0.5337643254353929	1475472
GM12878	1684	0.5331552507640608	1475365
GM12878	1685	0.5325672889493008	1475261
GM12878	1686	0.5319300688376704	1475163
GM12878	1687	0.5312869139063999	1475079
GM12878	1688	0.5306268428967893	1474982
GM12878	1689	0.5299664444983647	1474879
GM12878	1690	0.5292782015599647	1474779
GM12878	1691	0.5286036736244157	1474673
GM12878	1692	0.5279072063349994	1474562
GM12878	1693	0.5272480735611154	1474471
GM12878	1694	0.5265757618892135	1474370
GM12878	1695	0.5259184783900466	1474274
GM12878	1696	0.52527760525265	1474186
GM12878	1697	0.5246830378684015	1474076
GM12878	1698	0.5240605447093224	1473961
GM12878	1699	0.5234765365562165	1473862
GM12878	1700	0.5229197094755824	1473755
GM12878	1701	0.5223945407887364	1473657
GM12878	1702	0.5218992627993874	1473551
GM12878	1703	0.5214624552123741	1473442
GM12878	1704	0.5210555041887038	1473332
GM12878	1705	0.5206924923661101	1473259
GM12878	1706	0.5203416784850363	1473166
GM12878	1707	0.519970642337012	1473081
GM12878	1708	0.5196168096411617	1472985
GM12878	1709	0.5192414165493848	1472878
GM12878	1710	0.5188516174974201	1472780
GM12878	1711	0.5184746654550638	1472682
GM12878	1712	0.51815203857617	1472585
GM12878	1713	0.5178274206449373	1472491
GM12878	1714	0.5175650006501117	1472391
GM12878	1715	0.5173341304056227	1472286
GM12878	1716	0.5171145751361791	1472174
GM12878	1717	0.5169196774769218	1472076
GM12878	1718	0.5167219818568733	1471979
GM12878	1719	0.5165346915019746	1471868
GM12878	1720	0.5163477968117307	1471754
GM12878	1721	0.5161935045786303	1471656
GM12878	1722	0.5160416110998968	1471552
GM12878	1723	0.5159688965019559	1471449
GM12878	1724	0.515873609373582	1471352
GM12878	1725	0.5158224236644797	1471258
GM12878	1726	0.5157623406055304	1471156
GM12878	1727	0.5157537706350135	1471051
GM12878	1728	0.5157042114671997	1470939
GM12878	1729	0.5157220635925691	1470848
GM12878	1730	0.5157219246658042	1470753
GM12878	1731	0.5157290697797344	1470661
GM12878	1732	0.5157098561857436	1470576
GM12878	1733	0.515736403080709	1470488
GM12878	1734	0.5157419247255997	1470389
GM12878	1735	0.5157782284568591	1470297
GM12878	1736	0.5158519504312589	1470212
GM12878	1737	0.5159799605004527	1470109
GM12878	1738	0.5161175832602758	1470017
GM12878	1739	0.5163336308518607	1469922
GM12878	1740	0.5165686548073575	1469829
GM12878	1741	0.5168260228610023	1469728
GM12878	1742	0.5171135684165025	1469638
GM12878	1743	0.5174294974158471	1469544
GM12878	1744	0.5177433291609758	1469452
GM12878	1745	0.5181022782660749	1469370
GM12878	1746	0.5184690829913018	1469282
GM12878	1747	0.518814150628718	1469155
GM12878	1748	0.5191657580757344	1469064
GM12878	1749	0.5195443915275176	1468949
GM12878	1750	0.5199404837942736	1468856
GM12878	1751	0.5203899368886313	1468737
GM12878	1752	0.520867140558044	1468647
GM12878	1753	0.5213927612271627	1468555
GM12878	1754	0.5219001970628522	1468426
GM12878	1755	0.522403767621832	1468331
GM12878	1756	0.5229010330793122	1468237
GM12878	1757	0.5234194458087265	1468141
GM12878	1758	0.5239365270630024	1468060
GM12878	1759	0.5244785583089047	1467966
GM12878	1760	0.5250245719205977	1467883
GM12878	1761	0.5255741368433509	1467782
GM12878	1762	0.5261140114599413	1467696
GM12878	1763	0.526646839702904	1467610
GM12878	1764	0.5271645748252002	1467521
GM12878	1765	0.527685923295149	1467427
GM12878	1766	0.5282361377212224	1467317
GM12878	1767	0.5288019731040868	1467212
GM12878	1768	0.5293507961365298	1467116
GM12878	1769	0.529907452811623	1467025
GM12878	1770	0.5304816137640268	1466909
GM12878	1771	0.5310552537904312	1466818
GM12878	1772	0.5316158067253369	1466719
GM12878	1773	0.5322151448289383	1466620
GM12878	1774	0.5328342048751679	1466515
GM12878	1775	0.5334597189818417	1466405
GM12878	1776	0.534105017663906	1466312
GM12878	1777	0.5347710572894746	1466193
GM12878	1778	0.5354094849767999	1466097
GM12878	1779	0.5360734326635137	1465995
GM12878	1780	0.5367227643703203	1465915
GM12878	1781	0.537334722005576	1465810
GM12878	1782	0.5379228648589636	1465713
GM12878	1783	0.5385188280607046	1465605
GM12878	1784	0.5390926296400256	1465494
GM12878	1785	0.5396418489496891	1465394
GM12878	1786	0.5402113068009629	1465278
GM12878	1787	0.5407564391569817	1465173
GM12878	1788	0.5412827072751097	1465073
GM12878	1789	0.5417842540750195	1464969
GM12878	1790	0.5422844174873707	1464863
GM12878	1791	0.5427503352288642	1464763
GM12878	1792	0.5432468608707531	1464661
GM12878	1793	0.5437477997436236	1464569
GM12878	1794	0.544232775835564	1464484
GM12878	1795	0.5447065527781453	1464371
GM12878	1796	0.5451706047775473	1464279
GM12878	1797	0.5456031434261217	1464165
GM12878	1798	0.5459883038578135	1464076
GM12878	1799	0.5463856798632835	1463973
GM12878	1800	0.5467623446058718	1463866
GM12878	1801	0.5471385127825485	1463763
GM12878	1802	0.5474879137497672	1463649
GM12878	1803	0.5478692939988729	1463529
GM12878	1804	0.5482370704411051	1463432
GM12878	1805	0.5485847967278883	1463322
GM12878	1806	0.5489313929077901	1463239
GM12878	1807	0.5492720299940927	1463136
GM12878	1808	0.5495707614349712	1463050
GM12878	1809	0.5498149142882203	1462951
GM12878	1810	0.5500685998549288	1462859
GM12878	1811	0.5502747950564134	1462746
GM12878	1812	0.5504642684900443	1462653
GM12878	1813	0.5506645588694987	1462559
GM12878	1814	0.5508681384806366	1462470
GM12878	1815	0.5510275237130179	1462380
GM12878	1816	0.5511904811158841	1462289
GM12878	1817	0.5513274021225161	1462202
GM12878	1818	0.5514376813068006	1462099
GM12878	1819	0.5515396549719163	1462000
GM12878	1820	0.5516326289531331	1461899
GM12878	1821	0.5517020723175133	1461795
GM12878	1822	0.5517867282901073	1461695
GM12878	1823	0.5518473944144473	1461594
GM12878	1824	0.551907917175961	1461493
GM12878	1825	0.5519767159965845	1461371
GM12878	1826	0.5520227915117464	1461260
GM12878	1827	0.5520396223376443	1461161
GM12878	1828	0.5520328272838294	1461071
GM12878	1829	0.5519830140366258	1460955
GM12878	1830	0.5519383684651809	1460854
GM12878	1831	0.551880028573406	1460767
GM12878	1832	0.5517985586857819	1460663
GM12878	1833	0.5517175492351133	1460582
GM12878	1834	0.551612714454118	1460473
GM12878	1835	0.5514602089040133	1460373
GM12878	1836	0.5512822230033427	1460264
GM12878	1837	0.5511076652192949	1460160
GM12878	1838	0.5508881064896146	1460077
GM12878	1839	0.5506643915198347	1459984
GM12878	1840	0.5504321528372533	1459881
GM12878	1841	0.5501887720421168	1459794
GM12878	1842	0.549920092169598	1459690
GM12878	1843	0.5496410723795118	1459589
GM12878	1844	0.5493572004737985	1459495
GM12878	1845	0.5490700947458952	1459385
GM12878	1846	0.5487819718202496	1459291
GM12878	1847	0.5484743708029569	1459204
GM12878	1848	0.5481784101543857	1459085
GM12878	1849	0.5478874411831338	1458998
GM12878	1850	0.5475794584682991	1458893
GM12878	1851	0.5472451375650437	1458774
GM12878	1852	0.5468750350433124	1458694
GM12878	1853	0.5464839516783568	1458591
GM12878	1854	0.5460485450480933	1458485
GM12878	1855	0.5455762055082932	1458383
GM12878	1856	0.5450989258199261	1458271
GM12878	1857	0.5446437849721744	1458167
GM12878	1858	0.544166608733236	1458065
GM12878	1859	0.5437051009958204	1457961
GM12878	1860	0.5432738283243685	1457863
GM12878	1861	0.5428549987230993	1457781
GM12878	1862	0.5424302585708234	1457692
GM12878	1863	0.5420172170718304	1457599
GM12878	1864	0.5415951988546392	1457511
GM12878	1865	0.5411256522864025	1457384
GM12878	1866	0.5406485303960384	1457291
GM12878	1867	0.5401742252745622	1457200
GM12878	1868	0.5396881237697589	1457114
GM12878	1869	0.5392189642776859	1457002
GM12878	1870	0.5387910383144245	1456898
GM12878	1871	0.5383334588880458	1456783
GM12878	1872	0.5378504097997532	1456696
GM12878	1873	0.5373809970979491	1456585
GM12878	1874	0.5368549080216762	1456473
GM12878	1875	0.5363393528801744	1456360
GM12878	1876	0.5358467405886662	1456251
GM12878	1877	0.5353505872996238	1456160
GM12878	1878	0.5348418801360242	1456074
GM12878	1879	0.5343575760016902	1455983
GM12878	1880	0.5338172063149826	1455896
GM12878	1881	0.5332672632989849	1455781
GM12878	1882	0.5327178014029921	1455665
GM12878	1883	0.5321834799820575	1455570
GM12878	1884	0.5316546985648569	1455462
GM12878	1885	0.5311766739160424	1455353
GM12878	1886	0.5307179721331763	1455274
GM12878	1887	0.5302654242977307	1455177
GM12878	1888	0.5298209386919736	1455080
GM12878	1889	0.5293777913574106	1454962
GM12878	1890	0.5289494095692198	1454849
GM12878	1891	0.5285305857092106	1454747
GM12878	1892	0.5281440159156365	1454639
GM12878	1893	0.5277863442279139	1454544
GM12878	1894	0.5274418820649258	1454441
GM12878	1895	0.5270977998373546	1454344
GM12878	1896	0.5267699438752774	1454243
GM12878	1897	0.5264687700586671	1454150
GM12878	1898	0.5261459827011526	1454043
GM12878	1899	0.525856827720117	1453966
GM12878	1900	0.525574574598866	1453863
GM12878	1901	0.5253156306596752	1453749
GM12878	1902	0.525060040321806	1453638
GM12878	1903	0.5248109707160894	1453543
GM12878	1904	0.5245643011576321	1453442
GM12878	1905	0.524336161923694	1453351
GM12878	1906	0.5240856527848661	1453270
GM12878	1907	0.523846720343582	1453163
GM12878	1908	0.5236151590759504	1453061
GM12878	1909	0.5234173084177905	1452967
GM12878	1910	0.5232253107549426	1452884
GM12878	1911	0.5230741796317773	1452778
GM12878	1912	0.5229396355049951	1452662
GM12878	1913	0.5228284132024316	1452558
GM12878	1914	0.5226831132938615	1452459
GM12878	1915	0.5225131914012033	1452373
GM12878	1916	0.5223137233411687	1452283
GM12878	1917	0.5220860241362758	1452195
GM12878	1918	0.521882878899627	1452109
GM12878	1919	0.5217118216298966	1452025
GM12878	1920	0.5215857075469194	1451919
GM12878	1921	0.5215007591251095	1451823
GM12878	1922	0.5214525958600029	1451715
GM12878	1923	0.5214146584062174	1451608
GM12878	1924	0.5213767674067427	1451495
GM12878	1925	0.5213688788839949	1451400
GM12878	1926	0.5213844372542857	1451309
GM12878	1927	0.5213976874667707	1451213
GM12878	1928	0.5214483411680287	1451123
GM12878	1929	0.5215356859952704	1451021
GM12878	1930	0.5216160125906109	1450910
GM12878	1931	0.5217038738162766	1450811
GM12878	1932	0.5218394569825769	1450715
GM12878	1933	0.5219733898460273	1450622
GM12878	1934	0.5221072550283782	1450516
GM12878	1935	0.5222860672615945	1450411
GM12878	1936	0.522470567154065	1450317
GM12878	1937	0.5226414320041662	1450229
GM12878	1938	0.522831054702992	1450132
GM12878	1939	0.523065687042716	1450028
GM12878	1940	0.5232660875841617	1449931
GM12878	1941	0.5234748822180411	1449831
GM12878	1942	0.5237230879139185	1449738
GM12878	1943	0.5239923598176393	1449655
GM12878	1944	0.5242624070314617	1449552
GM12878	1945	0.5245594896578938	1449458
GM12878	1946	0.5248892856224244	1449365
GM12878	1947	0.5252369750487055	1449263
GM12878	1948	0.5255708085391572	1449148
GM12878	1949	0.5258822965948019	1449033
GM12878	1950	0.5262119832641474	1448929
GM12878	1951	0.5265451976808995	1448825
GM12878	1952	0.5268921427679718	1448722
GM12878	1953	0.5272602413662217	1448601
GM12878	1954	0.5276392939207285	1448503
GM12878	1955	0.5280102807145358	1448422
GM12878	1956	0.5283707893577019	1448335
GM12878	1957	0.5287025922548447	1448224
GM12878	1958	0.5290437114887904	1448130
GM12878	1959	0.5294080935450496	1448040
GM12878	1960	0.5297881432217545	1447938
GM12878	1961	0.5301613493650366	1447847
GM12878	1962	0.5305122913793413	1447734
GM12878	1963	0.5308530273447352	1447636
GM12878	1964	0.5312052277868665	1447513
GM12878	1965	0.5315949106755735	1447404
GM12878	1966	0.5320093527009965	1447310
GM12878	1967	0.5324573491833718	1447218
GM12878	1968	0.5329058748721753	1447126
GM12878	1969	0.5333350418149221	1447051
GM12878	1970	0.5337473523594761	1446945
GM12878	1971	0.5341426825249551	1446850
GM12878	1972	0.5345350145042612	1446755
GM12878	1973	0.5349122325585648	1446669
GM12878	1974	0.5352940272612966	1446566
GM12878	1975	0.535668876748351	1446480
GM12878	1976	0.5360554693320598	1446378
GM12878	1977	0.5364501575428902	1446273
GM12878	1978	0.5368552850694058	1446171
GM12878	1979	0.5372823990785385	1446064
GM12878	1980	0.5376775566562856	1445961
GM12878	1981	0.5380737168657249	1445871
GM12878	1982	0.5384699040991457	1445765
GM12878	1983	0.5388829414083589	1445667
GM12878	1984	0.5392817339759428	1445553
GM12878	1985	0.539679028391359	1445453
GM12878	1986	0.5400830878308064	1445360
GM12878	1987	0.5404662245067302	1445271
GM12878	1988	0.5408262464879465	1445161
GM12878	1989	0.541162320629023	1445074
GM12878	1990	0.5414802844402935	1444984
GM12878	1991	0.5417509042660185	1444888
GM12878	1992	0.5420145717991887	1444766
GM12878	1993	0.5422502960884386	1444653
GM12878	1994	0.542485223486527	1444554
GM12878	1995	0.5427322486396622	1444455
GM12878	1996	0.5429922145509094	1444348
GM12878	1997	0.5432392596559027	1444235
GM12878	1998	0.5434996609679822	1444129
GM12878	1999	0.5437207428377204	1444020
GM12878	2000	0.543930477534777	1443928
GM12878	2001	0.5441257002622943	1443847
GM12878	2002	0.5443200707211182	1443749
GM12878	2003	0.5444751205961845	1443654
GM12878	2004	0.5446404496222104	1443553
GM12878	2005	0.5448090663779437	1443450
GM12878	2006	0.544940339443106	1443334
GM12878	2007	0.5450786551745932	1443224
GM12878	2008	0.5452479207472527	1443121
GM12878	2009	0.5454111354465878	1443039
GM12878	2010	0.5455502192465158	1442943
GM12878	2011	0.5457314713271745	1442856
GM12878	2012	0.5458866233628458	1442730
GM12878	2013	0.546010995357614	1442625
GM12878	2014	0.54614836755539	1442531
GM12878	2015	0.5462964587809176	1442439
GM12878	2016	0.5464213763966317	1442349
GM12878	2017	0.5465261881999599	1442241
GM12878	2018	0.5466198642933064	1442142
GM12878	2019	0.5466638767511189	1442039
GM12878	2020	0.5467134342379133	1441955
GM12878	2021	0.5467500629946033	1441858
GM12878	2022	0.5468070028909015	1441774
GM12878	2023	0.5468529001766029	1441670
GM12878	2024	0.5468995790061537	1441559
GM12878	2025	0.5468730082928457	1441467
GM12878	2026	0.5468347678210671	1441367
GM12878	2027	0.5467589207937377	1441261
GM12878	2028	0.5466596473381641	1441159
GM12878	2029	0.5465658006166376	1441048
GM12878	2030	0.5464673774218677	1440961
GM12878	2031	0.5463320310192652	1440868
GM12878	2032	0.5461756035602059	1440769
GM12878	2033	0.5460325995252469	1440665
GM12878	2034	0.545890227974994	1440559
GM12878	2035	0.5457593324849049	1440465
GM12878	2036	0.5456176439727572	1440369
GM12878	2037	0.5454932803222108	1440252
GM12878	2038	0.5453421977352926	1440171
GM12878	2039	0.5451571086152325	1440067
GM12878	2040	0.5449610589754348	1439968
GM12878	2041	0.5447687767698965	1439855
GM12878	2042	0.544555974876954	1439754
GM12878	2043	0.544333265605867	1439643
GM12878	2044	0.5441058148671395	1439540
GM12878	2045	0.5438750855600727	1439443
GM12878	2046	0.5436464878804903	1439339
GM12878	2047	0.5433985258860629	1439235
GM12878	2048	0.543155421366738	1439145
GM12878	2049	0.5428943880372162	1439033
GM12878	2050	0.5426160993757869	1438943
GM12878	2051	0.5423312143832536	1438833
GM12878	2052	0.5420459047361743	1438738
GM12878	2053	0.5417524511211947	1438641
GM12878	2054	0.5414650225501167	1438547
GM12878	2055	0.5412047799661529	1438465
GM12878	2056	0.5409257884331605	1438376
GM12878	2057	0.5406357937900917	1438274
GM12878	2058	0.5403681611583955	1438154
GM12878	2059	0.5401035428336158	1438056
GM12878	2060	0.5397876905923891	1437948
GM12878	2061	0.5394597671277354	1437848
GM12878	2062	0.5391076641453987	1437748
GM12878	2063	0.5386860216063742	1437651
GM12878	2064	0.538248737640515	1437565
GM12878	2065	0.5378242198404837	1437471
GM12878	2066	0.5374116988373016	1437373
GM12878	2067	0.5370111373096143	1437282
GM12878	2068	0.5366558472365744	1437182
GM12878	2069	0.5362980788550586	1437073
GM12878	2070	0.5359488128993958	1436987
GM12878	2071	0.5356066781843346	1436888
GM12878	2072	0.5352616212211327	1436785
GM12878	2073	0.5349148916241484	1436697
GM12878	2074	0.5345629065164721	1436591
GM12878	2075	0.5342029179687174	1436497
GM12878	2076	0.5338446486514261	1436395
GM12878	2077	0.533507911155541	1436296
GM12878	2078	0.5331747513061783	1436188
GM12878	2079	0.5328609110763359	1436112
GM12878	2080	0.5325635821508077	1436003
GM12878	2081	0.5322592774437901	1435899
GM12878	2082	0.5319440870417937	1435804
GM12878	2083	0.5316097535599564	1435720
GM12878	2084	0.5312424430947116	1435608
GM12878	2085	0.5308807623045491	1435518
GM12878	2086	0.5305343497975923	1435426
GM12878	2087	0.5301934916073306	1435324
GM12878	2088	0.5298817229590439	1435227
GM12878	2089	0.5296075353460709	1435124
GM12878	2090	0.5293577438839212	1435015
GM12878	2091	0.5291446117507972	1434923
GM12878	2092	0.5289420032665115	1434811
GM12878	2093	0.5287257055202982	1434723
GM12878	2094	0.5285142438945115	1434628
GM12878	2095	0.5282944125524932	1434500
GM12878	2096	0.5280361720513255	1434393
GM12878	2097	0.5277947664957938	1434275
GM12878	2098	0.5275796141070478	1434161
GM12878	2099	0.5273988068516536	1434066
GM12878	2100	0.5272150483306939	1433973
GM12878	2101	0.5270263790766129	1433867
GM12878	2102	0.5268515827690146	1433766
GM12878	2103	0.5266947691377678	1433669
GM12878	2104	0.5265231417151505	1433569
GM12878	2105	0.5263672574033513	1433474
GM12878	2106	0.5262454797870678	1433389
GM12878	2107	0.5261338358562866	1433288
GM12878	2108	0.5260093162363655	1433186
GM12878	2109	0.5258938664331573	1433096
GM12878	2110	0.5257755948140478	1432988
GM12878	2111	0.5256735128657066	1432899
GM12878	2112	0.5255757224665453	1432802
GM12878	2113	0.5255099770952607	1432696
GM12878	2114	0.5254611558919213	1432593
GM12878	2115	0.5254280491236154	1432499
GM12878	2116	0.5253736810610918	1432379
GM12878	2117	0.5253289364565337	1432277
GM12878	2118	0.5252882616550644	1432179
GM12878	2119	0.5252459023777726	1432097
GM12878	2120	0.5252003030483294	1431997
GM12878	2121	0.525164842052427	1431898
GM12878	2122	0.5251418602248942	1431802
GM12878	2123	0.5250803255687155	1431697
GM12878	2124	0.5250424544345575	1431601
GM12878	2125	0.5250415464243038	1431499
GM12878	2126	0.5250792901956692	1431384
GM12878	2127	0.5251317373499828	1431285
GM12878	2128	0.5252602385875109	1431194
GM12878	2129	0.525398762769303	1431111
GM12878	2130	0.5255392034694116	1431020
GM12878	2131	0.5256715649789757	1430921
GM12878	2132	0.525786392425112	1430838
GM12878	2133	0.5258938317658739	1430743
GM12878	2134	0.5260151821039973	1430642
GM12878	2135	0.5261596417968057	1430532
GM12878	2136	0.5263196290955623	1430457
GM12878	2137	0.5265123688732657	1430349
GM12878	2138	0.5267109352702011	1430237
GM12878	2139	0.5269325212700561	1430132
GM12878	2140	0.5271314741913573	1430042
GM12878	2141	0.5273403095279483	1429934
GM12878	2142	0.5275247813841764	1429828
GM12878	2143	0.5277133774982146	1429717
GM12878	2144	0.527864871151272	1429607
GM12878	2145	0.5280572126578238	1429507
GM12878	2146	0.528274269432209	1429415
GM12878	2147	0.5285052451330677	1429317
GM12878	2148	0.5287356106188853	1429226
GM12878	2149	0.5289844097327506	1429140
GM12878	2150	0.5292244711884316	1429043
GM12878	2151	0.5294583016633524	1428950
GM12878	2152	0.5297177825876689	1428842
GM12878	2153	0.5299860371341366	1428743
GM12878	2154	0.5302520318178359	1428655
GM12878	2155	0.5305121125549036	1428544
GM12878	2156	0.5307633861458904	1428431
GM12878	2157	0.5310305251795328	1428324
GM12878	2158	0.5312769247278913	1428214
GM12878	2159	0.5315229165767114	1428109
GM12878	2160	0.5317638489559648	1428010
GM12878	2161	0.5320048059630054	1427918
GM12878	2162	0.5322211694597708	1427823
GM12878	2163	0.5324534104545962	1427715
GM12878	2164	0.5326713332191456	1427636
GM12878	2165	0.5329105569371958	1427548
GM12878	2166	0.5331646856454104	1427438
GM12878	2167	0.5334469571413037	1427334
GM12878	2168	0.5337643832288598	1427237
GM12878	2169	0.5341181421812172	1427140
GM12878	2170	0.5344494736341144	1427064
GM12878	2171	0.5347759656417337	1426969
GM12878	2172	0.5350901917298277	1426875
GM12878	2173	0.5353810402512338	1426787
GM12878	2174	0.5356653914653605	1426699
GM12878	2175	0.5359316894746895	1426597
GM12878	2176	0.5361889142500712	1426492
GM12878	2177	0.5364504035369756	1426398
GM12878	2178	0.5367098193604096	1426295
GM12878	2179	0.5369489930565186	1426203
GM12878	2180	0.5372039636694532	1426103
GM12878	2181	0.5374324132367774	1426001
GM12878	2182	0.537638854571559	1425882
GM12878	2183	0.5378318000001083	1425774
GM12878	2184	0.5380306239464742	1425673
GM12878	2185	0.5382113044762592	1425572
GM12878	2186	0.5384097824964831	1425465
GM12878	2187	0.5385981108771662	1425360
GM12878	2188	0.5387626559578247	1425273
GM12878	2189	0.538919996847797	1425160
GM12878	2190	0.5391031979125731	1425038
GM12878	2191	0.5392963925593981	1424932
GM12878	2192	0.5395021464466065	1424825
GM12878	2193	0.5397131685744241	1424725
GM12878	2194	0.539918011358034	1424643
GM12878	2195	0.5401170585421113	1424550
GM12878	2196	0.5403071777718442	1424437
GM12878	2197	0.540480217291295	1424355
GM12878	2198	0.5406551565768172	1424262
GM12878	2199	0.5408131211899718	1424163
GM12878	2200	0.5409768264674677	1424073
GM12878	2201	0.5411074205187645	1423973
GM12878	2202	0.5412192850207129	1423862
GM12878	2203	0.5413057671604933	1423754
GM12878	2204	0.5414154503977424	1423654
GM12878	2205	0.5415014195832337	1423547
GM12878	2206	0.5416036616105523	1423458
GM12878	2207	0.5417231638430033	1423382
GM12878	2208	0.5418495449662155	1423280
GM12878	2209	0.5419700215932415	1423186
GM12878	2210	0.5420625331661243	1423094
GM12878	2211	0.542168645797074	1422985
GM12878	2212	0.542260450238169	1422887
GM12878	2213	0.5423378844710867	1422793
GM12878	2214	0.5423704446068379	1422673
GM12878	2215	0.5424059671132428	1422576
GM12878	2216	0.542407943657203	1422462
GM12878	2217	0.5423767620709571	1422351
GM12878	2218	0.5423280111708539	1422249
GM12878	2219	0.5422946577647708	1422160
GM12878	2220	0.5422456893128804	1422037
GM12878	2221	0.5421999069756924	1421946
GM12878	2222	0.5421938582169511	1421835
GM12878	2223	0.5422171882006499	1421717
GM12878	2224	0.5422206004620036	1421616
GM12878	2225	0.5422051930333739	1421508
GM12878	2226	0.5421692209123632	1421407
GM12878	2227	0.542105604420362	1421301
GM12878	2228	0.5420181650493852	1421198
GM12878	2229	0.5419300329892148	1421096
GM12878	2230	0.5418415491825797	1420994
GM12878	2231	0.5417681157854854	1420913
GM12878	2232	0.5416811937610548	1420804
GM12878	2233	0.5415887515383773	1420701
GM12878	2234	0.5414607718701405	1420593
GM12878	2235	0.5413563054559216	1420482
GM12878	2236	0.5412254425021649	1420372
GM12878	2237	0.5410819619203491	1420272
GM12878	2238	0.5409351200606678	1420166
GM12878	2239	0.5408219664579448	1420057
GM12878	2240	0.5407136905378592	1419964
GM12878	2241	0.5406054684724939	1419857
GM12878	2242	0.5404994572461905	1419752
GM12878	2243	0.5404064017442777	1419658
GM12878	2244	0.540297105756499	1419553
GM12878	2245	0.540152537364375	1419471
GM12878	2246	0.540010649555975	1419368
GM12878	2247	0.5398645860690182	1419269
GM12878	2248	0.539698846831843	1419171
GM12878	2249	0.5395149009670106	1419078
GM12878	2250	0.539334083705507	1418971
GM12878	2251	0.5391229124557531	1418855
GM12878	2252	0.5388839182734891	1418759
GM12878	2253	0.5386059250835852	1418665
GM12878	2254	0.5383554754898965	1418576
GM12878	2255	0.5380911996869655	1418453
GM12878	2256	0.5378394488323855	1418360
GM12878	2257	0.5375851448481792	1418273
GM12878	2258	0.5373522985991779	1418177
GM12878	2259	0.53712867011231	1418097
GM12878	2260	0.5369007253466928	1418016
GM12878	2261	0.5366419234026504	1417909
GM12878	2262	0.536406247204624	1417819
GM12878	2263	0.5361722187923208	1417696
GM12878	2264	0.535921834311285	1417597
GM12878	2265	0.5356927128590715	1417505
GM12878	2266	0.5354686544721456	1417405
GM12878	2267	0.5352483139605462	1417317
GM12878	2268	0.5350101380868543	1417231
GM12878	2269	0.5347416727696848	1417116
GM12878	2270	0.5344348987637186	1417043
GM12878	2271	0.5341506416171399	1416940
GM12878	2272	0.5338944799745027	1416843
GM12878	2273	0.5336556967396295	1416748
GM12878	2274	0.5334391645352657	1416640
GM12878	2275	0.5332587319158952	1416557
GM12878	2276	0.5331018062886363	1416443
GM12878	2277	0.5328826130673148	1416333
GM12878	2278	0.5326529940048091	1416233
GM12878	2279	0.5324306418064689	1416149
GM12878	2280	0.5322187166992032	1416054
GM12878	2281	0.5320045351741063	1415950
GM12878	2282	0.5318136576846848	1415855
GM12878	2283	0.5316411631985773	1415749
GM12878	2284	0.5314676774268501	1415642
GM12878	2285	0.5312633548331848	1415552
GM12878	2286	0.5310442163057871	1415459
GM12878	2287	0.5308478791249389	1415383
GM12878	2288	0.5306275986736113	1415299
GM12878	2289	0.5304226090063406	1415206
GM12878	2290	0.5302344466496928	1415124
GM12878	2291	0.5300723034973669	1415019
GM12878	2292	0.5299246516341245	1414918
GM12878	2293	0.5297775441306589	1414826
GM12878	2294	0.5296287137859201	1414728
GM12878	2295	0.5295078235864544	1414627
GM12878	2296	0.5293977670777614	1414507
GM12878	2297	0.5292685058564961	1414414
GM12878	2298	0.5291806698057513	1414315
GM12878	2299	0.5291111162257135	1414207
GM12878	2300	0.5290252783556023	1414119
GM12878	2301	0.5288992742191979	1414021
GM12878	2302	0.528769530180279	1413913
GM12878	2303	0.5286419413894996	1413810
GM12878	2304	0.528492368880383	1413712
GM12878	2305	0.5283717195389674	1413612
GM12878	2306	0.5282712262787304	1413507
GM12878	2307	0.5281801126913237	1413415
GM12878	2308	0.5280838246906736	1413326
GM12878	2309	0.5280234407835505	1413231
GM12878	2310	0.5279729271134407	1413130
GM12878	2311	0.5279347571616136	1413033
GM12878	2312	0.5279149438372108	1412932
GM12878	2313	0.527935455402049	1412833
GM12878	2314	0.5279600037051461	1412729
GM12878	2315	0.5279901314213951	1412632
GM12878	2316	0.5280147965949961	1412536
GM12878	2317	0.528062394635407	1412440
GM12878	2318	0.528123357408993	1412361
GM12878	2319	0.5282053075821417	1412259
GM12878	2320	0.5282869698439767	1412169
GM12878	2321	0.5283840023526725	1412069
GM12878	2322	0.5284634742190599	1411977
GM12878	2323	0.5284943087803272	1411880
GM12878	2324	0.5284981974361835	1411797
GM12878	2325	0.5284883744871005	1411704
GM12878	2326	0.5284870926980781	1411614
GM12878	2327	0.5284755720812075	1411533
GM12878	2328	0.5284824498845093	1411426
GM12878	2329	0.528482983507779	1411334
GM12878	2330	0.5284907290666045	1411228
GM12878	2331	0.5285076834543092	1411113
GM12878	2332	0.5285568381758797	1411019
GM12878	2333	0.5286218263056105	1410914
GM12878	2334	0.5287322416927462	1410816
GM12878	2335	0.5288484819166372	1410722
GM12878	2336	0.5289875248404908	1410612
GM12878	2337	0.5291103589396928	1410518
GM12878	2338	0.52923500076512	1410406
GM12878	2339	0.5293372596224223	1410305
GM12878	2340	0.5294400317920279	1410223
GM12878	2341	0.5295266213463845	1410130
GM12878	2342	0.5296295733957549	1410035
GM12878	2343	0.5297623490784681	1409914
GM12878	2344	0.529902922657926	1409820
GM12878	2345	0.5300625948456317	1409717
GM12878	2346	0.5302210034541319	1409613
GM12878	2347	0.5303869598460503	1409502
GM12878	2348	0.5305470118757433	1409383
GM12878	2349	0.5307333028295638	1409287
GM12878	2350	0.5309264178996946	1409178
GM12878	2351	0.5311260911703122	1409084
GM12878	2352	0.5313632093949392	1408977
GM12878	2353	0.5315765027874251	1408873
GM12878	2354	0.5317641021466094	1408774
GM12878	2355	0.5319574960711109	1408682
GM12878	2356	0.5321674166930593	1408579
GM12878	2357	0.5323354714517463	1408469
GM12878	2358	0.5325377995782093	1408374
GM12878	2359	0.5327679937128988	1408292
GM12878	2360	0.5330204000548155	1408194
GM12878	2361	0.5332648541404494	1408106
GM12878	2362	0.5335263217967523	1408007
GM12878	2363	0.5337761947032271	1407918
GM12878	2364	0.5340160654716306	1407818
GM12878	2365	0.5342155570995613	1407716
GM12878	2366	0.5343957183939245	1407618
GM12878	2367	0.5345580589449501	1407518
GM12878	2368	0.5347314190225029	1407435
GM12878	2369	0.5348950067921581	1407323
GM12878	2370	0.5350581151629635	1407211
GM12878	2371	0.535232570847741	1407098
GM12878	2372	0.5354246872366859	1406999
GM12878	2373	0.5356058994106179	1406896
GM12878	2374	0.5357596727413672	1406810
GM12878	2375	0.5359057843982495	1406724
GM12878	2376	0.5360575983063021	1406630
GM12878	2377	0.53621766870365	1406518
GM12878	2378	0.5363605747283992	1406430
GM12878	2379	0.536514902462676	1406333
GM12878	2380	0.5366999149826289	1406243
GM12878	2381	0.5368806149685527	1406130
GM12878	2382	0.5370393268122695	1406043
GM12878	2383	0.537192317880666	1405941
GM12878	2384	0.5373438225257197	1405851
GM12878	2385	0.5374608532864333	1405730
GM12878	2386	0.5375395789150993	1405633
GM12878	2387	0.537612898634906	1405532
GM12878	2388	0.5377089833387524	1405425
GM12878	2389	0.5378132409942259	1405324
GM12878	2390	0.5379250465181691	1405220
GM12878	2391	0.5380550795121302	1405128
GM12878	2392	0.53818984866262	1405029
GM12878	2393	0.5383135692741863	1404935
GM12878	2394	0.538429960726891	1404843
GM12878	2395	0.5385386467600685	1404746
GM12878	2396	0.5386542783814834	1404631
GM12878	2397	0.5387630679983023	1404551
GM12878	2398	0.5388553987903024	1404439
GM12878	2399	0.5389580214400006	1404351
GM12878	2400	0.5390410480556962	1404246
GM12878	2401	0.539132545458012	1404153
GM12878	2402	0.5392284973578281	1404026
GM12878	2403	0.5393291932627633	1403930
GM12878	2404	0.5393943662369769	1403812
GM12878	2405	0.5394810357629778	1403727
GM12878	2406	0.5395237527791106	1403620
GM12878	2407	0.5395477228816354	1403523
GM12878	2408	0.5395593911849753	1403415
GM12878	2409	0.5396025445523125	1403300
GM12878	2410	0.5396436906597021	1403199
GM12878	2411	0.5396745973592475	1403070
GM12878	2412	0.5396811366686982	1402977
GM12878	2413	0.5396747127153696	1402889
GM12878	2414	0.5396467409733154	1402785
GM12878	2415	0.5396386320060008	1402695
GM12878	2416	0.5396579961638276	1402596
GM12878	2417	0.5397099924776296	1402484
GM12878	2418	0.5397425075794318	1402378
GM12878	2419	0.5397737224865748	1402278
GM12878	2420	0.5397743640237674	1402165
GM12878	2421	0.53975384314233	1402070
GM12878	2422	0.5397010240530432	1401994
GM12878	2423	0.5396912778863505	1401909
GM12878	2424	0.5396554554909943	1401819
GM12878	2425	0.5395777158313503	1401732
GM12878	2426	0.5395004385695364	1401631
GM12878	2427	0.5394363676119547	1401536
GM12878	2428	0.5393780541309506	1401430
GM12878	2429	0.5393198619554838	1401337
GM12878	2430	0.5393224114947974	1401229
GM12878	2431	0.5393469049221905	1401130
GM12878	2432	0.5393270399527141	1401032
GM12878	2433	0.5392606330048475	1400932
GM12878	2434	0.5391749052738591	1400831
GM12878	2435	0.5390257112003707	1400736
GM12878	2436	0.5388606432332973	1400643
GM12878	2437	0.5387271088038619	1400544
GM12878	2438	0.5386133775704737	1400446
GM12878	2439	0.5385371165647093	1400371
GM12878	2440	0.5384848698570186	1400282
GM12878	2441	0.5384160429129082	1400190
GM12878	2442	0.538368030380944	1400098
GM12878	2443	0.5382867891820857	1400000
GM12878	2444	0.5381581268745633	1399905
GM12878	2445	0.5380333641313708	1399817
GM12878	2446	0.5379101088447473	1399721
GM12878	2447	0.5377606022502833	1399619
GM12878	2448	0.5376308414585945	1399516
GM12878	2449	0.5375024059207484	1399411
GM12878	2450	0.5373530427021215	1399328
GM12878	2451	0.5372152473667533	1399220
GM12878	2452	0.5370684220047057	1399113
GM12878	2453	0.5369018988968466	1399008
GM12878	2454	0.5367470227056577	1398890
GM12878	2455	0.5365981090009806	1398784
GM12878	2456	0.5364355434407757	1398699
GM12878	2457	0.5362775273826339	1398596
GM12878	2458	0.5361232870893369	1398514
GM12878	2459	0.5359504930007968	1398424
GM12878	2460	0.5357754256635152	1398330
GM12878	2461	0.5355945625278233	1398233
GM12878	2462	0.5353874695225673	1398137
GM12878	2463	0.5351838611504756	1398037
GM12878	2464	0.5350060699529643	1397938
GM12878	2465	0.5348386741155234	1397843
GM12878	2466	0.5346653486369265	1397756
GM12878	2467	0.5345126571546798	1397666
GM12878	2468	0.5343715381473674	1397559
GM12878	2469	0.5342380364394885	1397463
GM12878	2470	0.5340785737907244	1397368
GM12878	2471	0.5339431994607218	1397271
GM12878	2472	0.53380584713721	1397174
GM12878	2473	0.5336421822751123	1397083
GM12878	2474	0.5334428372021609	1396977
GM12878	2475	0.5332587181230863	1396887
GM12878	2476	0.533064021178027	1396792
GM12878	2477	0.5328736875226954	1396679
GM12878	2478	0.5326763352881911	1396595
GM12878	2479	0.5325218519541453	1396484
GM12878	2480	0.5323636339205126	1396388
GM12878	2481	0.5322408806355097	1396277
GM12878	2482	0.5321167392662671	1396177
GM12878	2483	0.5320308470731202	1396071
GM12878	2484	0.5319495417387139	1395961
GM12878	2485	0.5318907759509856	1395876
GM12878	2486	0.5317902058163927	1395778
GM12878	2487	0.5317042068124043	1395681
GM12878	2488	0.5316211411656148	1395565
GM12878	2489	0.5315313391070597	1395461
GM12878	2490	0.5314548239651548	1395343
GM12878	2491	0.5313780374118477	1395243
GM12878	2492	0.5312864880323089	1395154
GM12878	2493	0.5312146517780666	1395062
GM12878	2494	0.5311359761133103	1394954
GM12878	2495	0.5310178700127902	1394850
GM12878	2496	0.5309214331550364	1394738
GM12878	2497	0.5308209921241338	1394647
GM12878	2498	0.5306912657389308	1394547
GM12878	2499	0.5305447781773899	1394448
GM12878	2500	0.5303983546904021	1394365
GM12878	2501	0.5302449859895454	1394277
GM12878	2502	0.5301219778855004	1394183
GM12878	2503	0.5300162322824178	1394093
GM12878	2504	0.5299355529867584	1393968
GM12878	2505	0.5298693173267017	1393888
GM12878	2506	0.529828133489241	1393806
GM12878	2507	0.5297869584396173	1393703
GM12878	2508	0.5297437292013705	1393608
GM12878	2509	0.5297068694443199	1393513
GM12878	2510	0.5296852413365931	1393409
GM12878	2511	0.5296620161159108	1393296
GM12878	2512	0.5296502129215994	1393221
GM12878	2513	0.5296460077175994	1393130
GM12878	2514	0.5296607631496572	1393032
GM12878	2515	0.5296649763384363	1392947
GM12878	2516	0.5296735492499126	1392832
GM12878	2517	0.5296715376523351	1392754
GM12878	2518	0.5296908436084418	1392651
GM12878	2519	0.5296931797269734	1392560
GM12878	2520	0.5297303598473695	1392461
GM12878	2521	0.529775362068394	1392369
GM12878	2522	0.529853763665026	1392271
GM12878	2523	0.5299359911036386	1392154
GM12878	2524	0.5300254488874112	1392064
GM12878	2525	0.5301242607985903	1391964
GM12878	2526	0.5302148151577094	1391879
GM12878	2527	0.5302689225295907	1391781
GM12878	2528	0.530307385223824	1391682
GM12878	2529	0.5303536661316266	1391582
GM12878	2530	0.5303726568736147	1391480
GM12878	2531	0.530411084660807	1391383
GM12878	2532	0.5304920415869745	1391283
GM12878	2533	0.5305937950684482	1391178
GM12878	2534	0.5307032252649917	1391084
GM12878	2535	0.5308288019717379	1390996
GM12878	2536	0.5309459250381378	1390889
GM12878	2537	0.5310653183972517	1390798
GM12878	2538	0.5311532494257888	1390706
GM12878	2539	0.531257906902215	1390607
GM12878	2540	0.5313738529705818	1390515
GM12878	2541	0.5314988412622695	1390402
GM12878	2542	0.5315888492191185	1390299
GM12878	2543	0.5316939441060546	1390183
GM12878	2544	0.5317849714421581	1390077
GM12878	2545	0.5318559675261527	1389991
GM12878	2546	0.5319054117985986	1389891
GM12878	2547	0.5319665968258096	1389798
GM12878	2548	0.5320422681107314	1389693
GM12878	2549	0.5321286441849629	1389601
GM12878	2550	0.5321938773327523	1389497
GM12878	2551	0.5322793857002495	1389404
GM12878	2552	0.5323686357153051	1389309
GM12878	2553	0.5324300199560167	1389195
GM12878	2554	0.5324977840887161	1389090
GM12878	2555	0.5326014247511187	1389006
GM12878	2556	0.5327162216824846	1388907
GM12878	2557	0.532827373721651	1388793
GM12878	2558	0.5329533307464696	1388714
GM12878	2559	0.5330872620826734	1388606
GM12878	2560	0.5332222403953398	1388515
GM12878	2561	0.5333716941163099	1388425
GM12878	2562	0.5335479706956412	1388322
GM12878	2563	0.5337163890075471	1388218
GM12878	2564	0.5338625864313356	1388123
GM12878	2565	0.5339879849534837	1388022
GM12878	2566	0.5340857487857394	1387929
GM12878	2567	0.5341936417826298	1387825
GM12878	2568	0.5343110296090516	1387719
GM12878	2569	0.5344231406610577	1387620
GM12878	2570	0.5345601888871666	1387525
GM12878	2571	0.5346893656421109	1387424
GM12878	2572	0.5347733922889046	1387337
GM12878	2573	0.534853481409722	1387223
GM12878	2574	0.5349431111609474	1387119
GM12878	2575	0.5350367895467089	1387021
GM12878	2576	0.5351282558556486	1386918
GM12878	2577	0.5352347667829278	1386818
GM12878	2578	0.5353620929554292	1386716
GM12878	2579	0.5354878884728613	1386619
GM12878	2580	0.5355765360277558	1386515
GM12878	2581	0.535695678272935	1386419
GM12878	2582	0.5358247764039157	1386309
GM12878	2583	0.5359359020093192	1386199
GM12878	2584	0.5360592981731513	1386091
GM12878	2585	0.5361914227035633	1385979
GM12878	2586	0.5362775097015883	1385872
GM12878	2587	0.5363675921773255	1385778
GM12878	2588	0.5364701171864799	1385672
GM12878	2589	0.5365679781035675	1385576
GM12878	2590	0.5366506532827264	1385475
GM12878	2591	0.5367440769329977	1385367
GM12878	2592	0.5368296326580645	1385266
GM12878	2593	0.5368884234619641	1385176
GM12878	2594	0.5369426340524905	1385083
GM12878	2595	0.5369971127017711	1384981
GM12878	2596	0.5370851513931724	1384882
GM12878	2597	0.5371382267623214	1384785
GM12878	2598	0.5371871741972626	1384700
GM12878	2599	0.5371975549177908	1384611
GM12878	2600	0.5372361726436543	1384512
GM12878	2601	0.5372551883565667	1384428
GM12878	2602	0.5372960071044977	1384332
GM12878	2603	0.5373297263126682	1384241
GM12878	2604	0.5373774499008168	1384141
GM12878	2605	0.5374163584291777	1384046
GM12878	2606	0.5374403983730922	1383951
GM12878	2607	0.5374630775703392	1383870
GM12878	2608	0.537493570757761	1383764
GM12878	2609	0.5375065199374601	1383676
GM12878	2610	0.5375050124121878	1383566
GM12878	2611	0.5375060422640237	1383468
GM12878	2612	0.5375138823187228	1383361
GM12878	2613	0.5375304881878159	1383254
GM12878	2614	0.5375551678741601	1383164
GM12878	2615	0.5375824169655199	1383051
GM12878	2616	0.537563733261405	1382957
GM12878	2617	0.5375065407659085	1382843
GM12878	2618	0.5374349499666938	1382752
GM12878	2619	0.5373879903962604	1382642
GM12878	2620	0.5373338417402438	1382543
GM12878	2621	0.5373074888268059	1382441
GM12878	2622	0.5372906760342584	1382358
GM12878	2623	0.5372346137588448	1382261
GM12878	2624	0.5371490237139577	1382151
GM12878	2625	0.537084427121118	1382071
GM12878	2626	0.5370274050911578	1381984
GM12878	2627	0.5369656640596191	1381871
GM12878	2628	0.5369287889760512	1381777
GM12878	2629	0.5368755461548577	1381668
GM12878	2630	0.5368154241537106	1381577
GM12878	2631	0.5367344467838041	1381477
GM12878	2632	0.536663907269578	1381378
GM12878	2633	0.5365771398131622	1381284
GM12878	2634	0.5365272694801622	1381184
GM12878	2635	0.5364751224045515	1381065
GM12878	2636	0.5364528014064601	1380941
GM12878	2637	0.5364244943403554	1380834
GM12878	2638	0.5364253573208252	1380740
GM12878	2639	0.5364073244220741	1380648
GM12878	2640	0.5363862128648539	1380530
GM12878	2641	0.5363457481286105	1380446
GM12878	2642	0.5363256938579433	1380332
GM12878	2643	0.5362835163926939	1380226
GM12878	2644	0.5362356711941895	1380123
GM12878	2645	0.5361633566249515	1380036
GM12878	2646	0.5360849279316859	1379954
GM12878	2647	0.5359943029331753	1379862
GM12878	2648	0.5359186880486737	1379773
GM12878	2649	0.5358442506529084	1379687
GM12878	2650	0.5357821917287524	1379610
GM12878	2651	0.5357180354836484	1379509
GM12878	2652	0.5356506571880391	1379418
GM12878	2653	0.5355639452510459	1379326
GM12878	2654	0.5354584098912696	1379231
GM12878	2655	0.5353481849619607	1379119
GM12878	2656	0.5352637411567635	1379010
GM12878	2657	0.5351943686928575	1378912
GM12878	2658	0.5351447449068957	1378796
GM12878	2659	0.5350850607320079	1378688
GM12878	2660	0.5350023501836592	1378583
GM12878	2661	0.5348807805079279	1378495
GM12878	2662	0.534724411170519	1378415
GM12878	2663	0.5345779692329946	1378321
GM12878	2664	0.5344564899410568	1378235
GM12878	2665	0.5343464484438359	1378144
GM12878	2666	0.5342341143932243	1378037
GM12878	2667	0.5341079061282248	1377944
GM12878	2668	0.5339482107759816	1377840
GM12878	2669	0.5337698749067266	1377738
GM12878	2670	0.5335856415238105	1377650
GM12878	2671	0.5334284379590246	1377566
GM12878	2672	0.5332920711073144	1377457
GM12878	2673	0.5332015156143097	1377358
GM12878	2674	0.5331262309301064	1377266
GM12878	2675	0.5330617251528326	1377175
GM12878	2676	0.5329607804858999	1377083
GM12878	2677	0.5328807399163606	1376979
GM12878	2678	0.5327656650243715	1376874
GM12878	2679	0.5326241596380784	1376782
GM12878	2680	0.5324971553246591	1376680
GM12878	2681	0.5324104805103259	1376567
GM12878	2682	0.5323060025537556	1376465
GM12878	2683	0.5322206160617494	1376353
GM12878	2684	0.5321354782553647	1376260
GM12878	2685	0.532040932449957	1376174
GM12878	2686	0.5319197788008907	1376065
GM12878	2687	0.5318033895006004	1375968
GM12878	2688	0.531661185678593	1375871
GM12878	2689	0.5315603146932986	1375782
GM12878	2690	0.5314584893788459	1375680
GM12878	2691	0.5313719001491085	1375572
GM12878	2692	0.5312747941103337	1375474
GM12878	2693	0.5312078833837126	1375396
GM12878	2694	0.5311358447865177	1375315
GM12878	2695	0.5310596037909893	1375221
GM12878	2696	0.5310049385740565	1375136
GM12878	2697	0.5309559801509937	1375032
GM12878	2698	0.5309119997048232	1374925
GM12878	2699	0.5308831896897497	1374834
GM12878	2700	0.5308932274680509	1374732
GM12878	2701	0.5308716871467962	1374637
GM12878	2702	0.5308625118623662	1374531
GM12878	2703	0.5308882151004927	1374441
GM12878	2704	0.5309144777570459	1374333
GM12878	2705	0.5309191282179349	1374226
GM12878	2706	0.5309392800648373	1374137
GM12878	2707	0.5309620480055617	1374032
GM12878	2708	0.5309426642318121	1373924
GM12878	2709	0.5309146089116568	1373833
GM12878	2710	0.5308905488372835	1373714
GM12878	2711	0.5308719476652362	1373611
GM12878	2712	0.5308619507900133	1373507
GM12878	2713	0.5308450665194417	1373398
GM12878	2714	0.5308573472759861	1373320
GM12878	2715	0.5308454531730193	1373226
GM12878	2716	0.5308427568174947	1373115
GM12878	2717	0.5308411034365076	1373026
GM12878	2718	0.5308487701162875	1372928
GM12878	2719	0.5308301627978265	1372829
GM12878	2720	0.5308393889917337	1372735
GM12878	2721	0.5308649973115063	1372653
GM12878	2722	0.5308736450310934	1372545
GM12878	2723	0.5309217985383134	1372450
GM12878	2724	0.5309815198042784	1372348
GM12878	2725	0.531052110552207	1372252
GM12878	2726	0.5310932702049752	1372143
GM12878	2727	0.5311683117318792	1372034
GM12878	2728	0.5312133513029156	1371922
GM12878	2729	0.5312406694759827	1371823
GM12878	2730	0.5312339897438035	1371708
GM12878	2731	0.5312614314339352	1371602
GM12878	2732	0.5313089297263618	1371499
GM12878	2733	0.5313628841651706	1371387
GM12878	2734	0.5314320376627903	1371274
GM12878	2735	0.5315441580880942	1371168
GM12878	2736	0.5316422849146897	1371088
GM12878	2737	0.5316978226814321	1370999
GM12878	2738	0.5317616584960476	1370904
GM12878	2739	0.531831022097186	1370793
GM12878	2740	0.5319110577058712	1370693
GM12878	2741	0.5319946333873568	1370587
GM12878	2742	0.5321076238397965	1370481
GM12878	2743	0.532239217425175	1370380
GM12878	2744	0.5323697291245904	1370285
GM12878	2745	0.5324917459144217	1370190
GM12878	2746	0.5326045881907848	1370100
GM12878	2747	0.5326881997902433	1369989
GM12878	2748	0.5327299915635416	1369886
GM12878	2749	0.5327968401841755	1369801
GM12878	2750	0.5328604312760898	1369692
GM12878	2751	0.5329275242009678	1369601
GM12878	2752	0.5329872202734702	1369487
GM12878	2753	0.5330281844666724	1369386
GM12878	2754	0.5330634108136749	1369276
GM12878	2755	0.5331009172096032	1369175
GM12878	2756	0.5331390233176896	1369081
GM12878	2757	0.5332019990024268	1368981
GM12878	2758	0.5332580751243312	1368878
GM12878	2759	0.5333048535518978	1368792
GM12878	2760	0.5333651372861574	1368697
GM12878	2761	0.5334512972724469	1368595
GM12878	2762	0.5335447299149414	1368500
GM12878	2763	0.533691769163024	1368412
GM12878	2764	0.5338328066941643	1368306
GM12878	2765	0.5339322684719118	1368189
GM12878	2766	0.5340344793986456	1368078
GM12878	2767	0.5341420803118931	1367984
GM12878	2768	0.5342256197960323	1367891
GM12878	2769	0.5342747051131123	1367778
GM12878	2770	0.534346824039452	1367666
GM12878	2771	0.5343972362743574	1367575
GM12878	2772	0.5344440856541652	1367467
GM12878	2773	0.5345049226574852	1367375
GM12878	2774	0.5346130498682514	1367261
GM12878	2775	0.5347235328390524	1367161
GM12878	2776	0.5348060614028995	1367077
GM12878	2777	0.5349033039987301	1366969
GM12878	2778	0.5349803337259893	1366881
GM12878	2779	0.535036391378489	1366783
GM12878	2780	0.5350920647938311	1366689
GM12878	2781	0.5351532250761492	1366574
GM12878	2782	0.5351805021338149	1366486
GM12878	2783	0.5352099797056732	1366384
GM12878	2784	0.5352448515129068	1366289
GM12878	2785	0.5352802602341818	1366180
GM12878	2786	0.5353240520354042	1366099
GM12878	2787	0.5353177801848558	1366008
GM12878	2788	0.5353128664893392	1365913
GM12878	2789	0.5353101594267585	1365816
GM12878	2790	0.5353348163844602	1365699
GM12878	2791	0.5353499591323458	1365603
GM12878	2792	0.5354146738200785	1365490
GM12878	2793	0.5354821885443075	1365380
GM12878	2794	0.5355369164079766	1365297
GM12878	2795	0.535552900847213	1365206
GM12878	2796	0.5355909939899628	1365120
GM12878	2797	0.5356281657137036	1365023
GM12878	2798	0.5356799273948063	1364930
GM12878	2799	0.5357499093904234	1364842
GM12878	2800	0.5358123303479672	1364750
GM12878	2801	0.5358696463797438	1364656
GM12878	2802	0.5359290854475455	1364549
GM12878	2803	0.5359639431451224	1364439
GM12878	2804	0.5359693019042854	1364311
GM12878	2805	0.5359920410095695	1364198
GM12878	2806	0.5360026189558986	1364084
GM12878	2807	0.536027864791927	1364004
GM12878	2808	0.5360731493188098	1363907
GM12878	2809	0.5361173197178599	1363807
GM12878	2810	0.5361272502598303	1363704
GM12878	2811	0.5361002137969669	1363593
GM12878	2812	0.5360226188442057	1363499
GM12878	2813	0.5359230365900582	1363402
GM12878	2814	0.5358504673929632	1363307
GM12878	2815	0.5358077370003137	1363200
GM12878	2816	0.5358148974359436	1363098
GM12878	2817	0.5358413579855021	1363020
GM12878	2818	0.5358835892863664	1362934
GM12878	2819	0.5358993171216405	1362823
GM12878	2820	0.5358956651461111	1362717
GM12878	2821	0.5358759999209529	1362605
GM12878	2822	0.5358395779586155	1362501
GM12878	2823	0.5357853010889806	1362404
GM12878	2824	0.5357095438628793	1362310
GM12878	2825	0.5356399148940861	1362207
GM12878	2826	0.5355640691678124	1362116
GM12878	2827	0.5354960927393088	1362018
GM12878	2828	0.5354470224216568	1361929
GM12878	2829	0.5354154908455118	1361830
GM12878	2830	0.5353792150700161	1361733
GM12878	2831	0.5353477118585237	1361628
GM12878	2832	0.5353261284790056	1361538
GM12878	2833	0.5352795980609039	1361448
GM12878	2834	0.5352193371894359	1361361
GM12878	2835	0.5351254949111887	1361230
GM12878	2836	0.5350098961371499	1361122
GM12878	2837	0.534882276401456	1361003
GM12878	2838	0.5347430911597298	1360898
GM12878	2839	0.5345801022552408	1360803
GM12878	2840	0.5344200392695329	1360688
GM12878	2841	0.5342741348668754	1360574
GM12878	2842	0.5341234112844654	1360496
GM12878	2843	0.5339963749444926	1360392
GM12878	2844	0.5339164828505123	1360287
GM12878	2845	0.5338613301857802	1360194
GM12878	2846	0.5337942053406524	1360101
GM12878	2847	0.5337323124724322	1359998
GM12878	2848	0.5336703148084223	1359904
GM12878	2849	0.5335830708377125	1359809
GM12878	2850	0.5334932767878651	1359736
GM12878	2851	0.5334358920972903	1359646
GM12878	2852	0.533391111204077	1359551
GM12878	2853	0.5333516131299774	1359460
GM12878	2854	0.5333278285387512	1359358
GM12878	2855	0.5333182044128384	1359257
GM12878	2856	0.5332939131444455	1359141
GM12878	2857	0.5332967585758648	1359053
GM12878	2858	0.5332717157465017	1358952
GM12878	2859	0.5332684146505008	1358853
GM12878	2860	0.5332429037499851	1358751
GM12878	2861	0.5332193894350378	1358658
GM12878	2862	0.5331595429275523	1358551
GM12878	2863	0.5331136020281765	1358447
GM12878	2864	0.5330291301897381	1358342
GM12878	2865	0.5329694735254646	1358254
GM12878	2866	0.5329049406265183	1358166
GM12878	2867	0.5328378165316704	1358056
GM12878	2868	0.5327871792439131	1357969
GM12878	2869	0.5327591653443353	1357880
GM12878	2870	0.5326723692925662	1357777
GM12878	2871	0.5325779495057705	1357684
GM12878	2872	0.5325022677722279	1357574
GM12878	2873	0.5324165800744922	1357477
GM12878	2874	0.5323376424531295	1357380
GM12878	2875	0.5323169534181103	1357273
GM12878	2876	0.5323207405469504	1357169
GM12878	2877	0.5323099884001261	1357077
GM12878	2878	0.532298783333273	1356976
GM12878	2879	0.5322729341603442	1356899
GM12878	2880	0.5322274266751185	1356809
GM12878	2881	0.532186525668837	1356700
GM12878	2882	0.5321395099393824	1356603
GM12878	2883	0.5320754424052134	1356494
GM12878	2884	0.5319828193445056	1356399
GM12878	2885	0.5319013196761693	1356312
GM12878	2886	0.5318041132707646	1356221
GM12878	2887	0.5317150616244143	1356108
GM12878	2888	0.531669263108016	1355998
GM12878	2889	0.5316675934213962	1355891
GM12878	2890	0.531693031112161	1355794
GM12878	2891	0.5317082275081082	1355695
GM12878	2892	0.5317449460180872	1355590
GM12878	2893	0.5317509194212542	1355477
GM12878	2894	0.531747722201256	1355374
GM12878	2895	0.5317151189787295	1355274
GM12878	2896	0.5316978798461711	1355164
GM12878	2897	0.5316838122522181	1355084
GM12878	2898	0.5316852677207582	1354982
GM12878	2899	0.5317190572687209	1354880
GM12878	2900	0.5317583843113969	1354774
GM12878	2901	0.5318029413077842	1354679
GM12878	2902	0.5318338520049566	1354583
GM12878	2903	0.5318590851251895	1354484
GM12878	2904	0.5318599294098401	1354381
GM12878	2905	0.5318483157167988	1354274
GM12878	2906	0.5318436261203026	1354170
GM12878	2907	0.5318384459447202	1354069
GM12878	2908	0.5318030103114438	1353974
GM12878	2909	0.5317666993774468	1353881
GM12878	2910	0.5317335621202183	1353783
GM12878	2911	0.5316824959368113	1353692
GM12878	2912	0.5316246469978614	1353590
GM12878	2913	0.5315917952212276	1353490
GM12878	2914	0.5315681612704655	1353393
GM12878	2915	0.5315670616438748	1353287
GM12878	2916	0.5315811153141576	1353184
GM12878	2917	0.5316430173396021	1353098
GM12878	2918	0.531698498318988	1352997
GM12878	2919	0.531781515868983	1352910
GM12878	2920	0.5318704856136515	1352818
GM12878	2921	0.5319558587391264	1352709
GM12878	2922	0.5320129655277684	1352617
GM12878	2923	0.5320757099164749	1352528
GM12878	2924	0.5321093860556434	1352434
GM12878	2925	0.5321116437471224	1352338
GM12878	2926	0.5321061321915633	1352234
GM12878	2927	0.5320724574299704	1352141
GM12878	2928	0.5320875415906035	1352053
GM12878	2929	0.5320912877842465	1351956
GM12878	2930	0.532150652228904	1351872
GM12878	2931	0.5322179885241352	1351773
GM12878	2932	0.5323064456685302	1351667
GM12878	2933	0.5323639203158277	1351568
GM12878	2934	0.5324414794809409	1351464
GM12878	2935	0.5325007926480813	1351364
GM12878	2936	0.5325697725739336	1351275
GM12878	2937	0.5326278847528371	1351151
GM12878	2938	0.5326938113914692	1351044
GM12878	2939	0.5327546566582428	1350954
GM12878	2940	0.5328338790240891	1350847
GM12878	2941	0.5329125789907625	1350770
GM12878	2942	0.5330280397856254	1350676
GM12878	2943	0.5331645965691523	1350557
GM12878	2944	0.5332617469115997	1350461
GM12878	2945	0.5333267757595757	1350359
GM12878	2946	0.5333821857020202	1350256
GM12878	2947	0.533399733544538	1350147
GM12878	2948	0.5333696373254113	1350058
GM12878	2949	0.5333555319633977	1349952
GM12878	2950	0.5333654350395473	1349870
GM12878	2951	0.5333645513032018	1349767
GM12878	2952	0.5333813013483235	1349658
GM12878	2953	0.5334079302486733	1349578
GM12878	2954	0.5334421962916612	1349487
GM12878	2955	0.5334650824681161	1349385
GM12878	2956	0.533528963871046	1349266
GM12878	2957	0.5335662858869437	1349168
GM12878	2958	0.5336134649960765	1349072
GM12878	2959	0.533654606783592	1348972
GM12878	2960	0.5336656853767484	1348886
GM12878	2961	0.5336705299192739	1348774
GM12878	2962	0.5337061497060427	1348685
GM12878	2963	0.533759990806445	1348563
GM12878	2964	0.5338198141554334	1348462
GM12878	2965	0.533870838203734	1348367
GM12878	2966	0.5339026065221828	1348275
GM12878	2967	0.5339476294946335	1348166
GM12878	2968	0.5339759578084406	1348085
GM12878	2969	0.5339938691845015	1347961
GM12878	2970	0.5340376471326527	1347869
GM12878	2971	0.5340842928394176	1347783
GM12878	2972	0.5340825239211789	1347679
GM12878	2973	0.5340866677782099	1347575
GM12878	2974	0.5341247462332638	1347474
GM12878	2975	0.5341737482944636	1347373
GM12878	2976	0.5342327266434502	1347254
GM12878	2977	0.5343223891667381	1347149
GM12878	2978	0.5344147765303824	1347041
GM12878	2979	0.5345043040244368	1346935
GM12878	2980	0.5345539817696408	1346841
GM12878	2981	0.5345961727812854	1346747
GM12878	2982	0.5346292409565632	1346654
GM12878	2983	0.5346693036138839	1346560
GM12878	2984	0.5347182201630521	1346453
GM12878	2985	0.5347866682862839	1346344
GM12878	2986	0.5348646981346895	1346249
GM12878	2987	0.5349283344202252	1346142
GM12878	2988	0.5349795238009084	1346036
GM12878	2989	0.5349985876943079	1345955
GM12878	2990	0.5350247077254007	1345842
GM12878	2991	0.5350395249560386	1345740
GM12878	2992	0.5350651974948417	1345634
GM12878	2993	0.5350638861190871	1345517
GM12878	2994	0.5350629076917046	1345406
GM12878	2995	0.5350105450439617	1345309
GM12878	2996	0.5349477495116819	1345214
GM12878	2997	0.5348619848690195	1345111
GM12878	2998	0.5347910224931441	1345013
GM12878	2999	0.42778856786510727	1344914
GM12878	3000	0.3208305547345924	1344814
