Name	Term	ES	NES	NOM p-val	FDR q-val	FWER p-val	Tag %	Gene %	Lead_genes	library
prerank	Sensory Perception Of Chemical Stimulus (GO:0007606)	-0.35442162327390137	-1.5482953375021442	0.001	0.001	0.001	35/100	19.90%	OR5M9;OR5M3;OR5B17;OR5AK2;ITPR3;OR1Q1;OR8J3;SYT10;OR8I2;OR6C3;OR51M1;OR5D18;OR8U1;SLC24A4;OR1C1;OR51B5;OR8H1;OR5T2;OR5I1;OR2S2;C5AR1;OR10J5;OR6C2;OR5F1;OR10J1;OR2M4;OR5B12;OR8B8;OR1E2;OR8B3;OR51I1;OR6A2;OR5B2;OR5T1;OR8D1	GO_Biological_Process_2023
prerank	Regulation Of Neuron Apoptotic Process (GO:0043523)	0.5104831737134513	1.4400345090193822	0.004016064257028112	0.040556544695049046	0.23	45/105	24.84%	EPHA7;SNX6;PTPRZ1;BDNF;BCL2;MEF2C;SEMA3E;GDNF;RETREG1;TRIM2;KDM2B;FCGR2B;PPT1;FOXO3;TFAP2A;GRID2;POU4F1;GPRASP3;TGFB2;NDNF;KIF14;UNC5B;NTRK1;NF1;ISL1;TFAP2B;MT3;ATP13A2;NTF3;PRKN;TOX3;NFATC4;SRPK2;NGF;PPARGC1A;SOD2;NRBP2;CLU;MSH2;EGLN2;PRKCI;CNTFR;NTF4;CTNNB1;F2R	GO_Biological_Process_2023
prerank	KRAS Signaling Up	0.47351695213789635	1.3656989171929519	0.001001001001001001	0.040710770000834236	0.109	81/199	28.74%	ZNF639;ATG10;EVI5;PRKG2;PTBP2;DCBLD2;SATB1;CPE;AKAP12;IL1RL2;GUCY1A1;CMKLR1;TFPI;PRDM1;TSPAN13;GALNT3;CXCR4;ITGBL1;PTGS2;ANKH;EMP1;F13A1;SPP1;PLAU;SPRY2;SNAP91;SNAP25;IGF2;MAP4K1;ITGA2;ARG1;ETV1;ADGRL4;IL1B;EPB41L3;ST6GAL1;RELN;FBXO4;CFHR2;IL2RG;CSF2;RBM4;PTPRR;BPGM;PTCD2;CBR4;ERO1A;NGF;HDAC9;MAP3K1;RABGAP1L;NR1H4;MALL;HSD11B1;TNFAIP3;IRF8;ADGRA2;SEMA3B;TRAF1;HBEGF;GLRX;MYCN;RBP4;CA2;MAP7;GYPC;CAB39L;CCND2;NIN;WNT7A;MMD;TRIB1;BTBD3;ABCB1;PCP4;EREG;GPRC5B;DUSP6;CCL20;AVL9;TNNT2	MSigDB_Hallmark_2020
prerank	Modulation Of Chemical Synaptic Transmission (GO:0050804)	0.5215753783516326	1.4889394178053847	0.001	0.040908598034415794	0.07	41/121	17.78%	SLC12A2;SYT1;GRIK2;GRM7;SNCAIP;RIMS2;MEF2C;NRG3;NLGN1;RIMS1;LRRK2;GRM5;PPP3CA;CDH2;SLC4A8;PLPPR4;LRRC4C;MCTP1;PTEN;DRD2;TRIO;GRIK1;RIMS3;MCTP2;GRID2;AKAP9;DLGAP3;CPLX3;GRIA2;HOMER1;IL1B;APP;RELN;GRIK3;LRRC4;CLSTN2;SLC8A3;GRIA4;CACNA1B;GRIA3;CLSTN3	GO_Biological_Process_2023
prerank	Axonogenesis (GO:0007409)	0.5017440749242852	1.440164382398992	0.001	0.04698738569414826	0.229	85/180	28.48%	CTNNA2;EPHA7;CNTN4;SLITRK3;ROBO2;EFNB2;NELL2;BDNF;SLIT2;AUTS2;SEMA4D;NTNG1;ZDHHC17;SEMA3E;SEMA5A;EFNA5;SEMA3D;B4GALT6;EPHA4;PLPPR4;PTEN;SEMA3A;UNC5C;SOS1;FYN;SLITRK1;DRD2;RAB10;PTPRO;FEZ2;EPHA5;TRIO;DPYSL5;ANK3;POU4F2;EPHA6;NRCAM;NRXN1;POU4F1;PALLD;DOCK7;SLITRK6;APP;RELN;ISL1;EPHB1;DSCAML1;CNTN5;APLP2;DAG1;NELL1;SEMA6A;PAK3;SLITRK5;SEMA4F;ENAH;KALRN;CNTN1;CYFIP2;HSP90AB1;SEMA3B;SHTN1;NOTCH1;SEMA4C;NTNG2;FGFR2;DCC;CNTN6;SEMA3C;SEMA5B;WNT7A;NOTCH2;NIBAN2;EPHA3;EFNB1;CDK5R1;TUBB3;SEMA3F;SPG11;EFNA1;ARHGEF40;SEMA6D;PARD3;EMB;SEMA4B	GO_Biological_Process_2023
prerank	Axon Guidance (GO:0007411)	0.5017397138706002	1.4272348917696	0.002004008016032064	0.047315968810890556	0.289	73/142	29.66%	EPHA7;CNTN4;ROBO2;EFNB2;NELL2;BDNF;SLIT2;SEMA4D;GAP43;SEMA3E;SEMA5A;EFNA5;SEMA3D;GDNF;EPHA4;SEMA3A;UNC5C;SOS1;FYN;PTPRO;FEZ2;EPHA5;TRIO;DPYSL5;POU4F2;EPHA6;PTPRM;NRCAM;NRXN1;PALLD;ALCAM;NFIB;UNC5B;RELN;EPHB1;DSCAML1;CNTN5;PLXNC1;NCAM1;DAG1;NELL1;SEMA6A;SEMA4F;ENAH;KALRN;CNTN1;CYFIP2;SMO;SEMA3B;NOTCH1;NTN1;SEMA4C;DCC;CNTN6;SEMA3C;SEMA5B;RAC1;NOTCH2;NIBAN2;EPHA3;EFNB1;CDK5R1;TUBB3;SEMA3F;EFNA1;ARHGEF40;SEMA6D;EMB;SEMA4B;MYPN;FEZ1;LHX1;PLXNB2	GO_Biological_Process_2023
prerank	Regulation Of Cold-Induced Thermogenesis (GO:0120161)	0.49407847873124894	1.4189756708569434	0.002002002002002002	0.052682826384348055	0.355	51/141	23.33%	CAV1;LAMA4;PTH2R;RBPJ;ELOVL6;CMKLR1;LEPR;TSHR;CXCR4;GATM;PDGFC;FFAR4;ESRRG;ZNF516;DIO2;LGR4;FABP5;CD36;HDAC3;KDM3A;TLE3;DOCK7;LPIN1;IGF1R;HADHA;GRB10;IL18R1;IRF4;OMA1;NPR3;APLP2;ACADL;PLCL2;GHRL;DBH;ADCYAP1;PPARGC1B;DECR1;PPARGC1A;ARRDC3;NOVA1;ACSL1;IP6K1;NOTCH1;ADIPOR1;LNPEP;JAK2;GNAS;EHMT1;ADRB2;BSCL2	GO_Biological_Process_2023
prerank	Cellular Response To Organic Cyclic Compound (GO:0071407)	0.5063799615481307	1.4413868750741297	0.001	0.05500481374266027	0.224	63/150	24.77%	PKD2;NRIP1;P2RY1;GABRB1;TFPI;SSTR2;MEF2C;CREB1;DMTN;EZR;GABRG2;ABCB4;CCDC62;DIAPH1;TRPV1;SPP1;CTNNA1;WT1;H2AZ1;POU4F2;AKAP6;RAP1B;GNG2;RORA;CFTR;P2RX3;CASP7;POU4F1;AKAP9;SPIDR;RAMP3;IL1B;ADCY8;EPG5;ADCY2;CRHBP;STING1;SLC1A1;TIPARP;RAPGEF2;ATP1A1;KAT5;HCN1;CIB2;ARL6IP5;GOLPH3;AHR;NR1H4;RAPGEF3;ADCY6;LARP1;ATP1A3;GABRB2;CLU;NCOA4;NKX3-1;P2RY6;INPP5K;PDGFB;NR3C1;FAM210B;RORC;CTNNB1	GO_Biological_Process_2023
prerank	Neuron Projection Guidance (GO:0097485)	0.49906278484366384	1.4125157501244034	0.003003003003003003	0.05500481374266027	0.401	60/120	29.22%	EPHA7;CNTN4;ROBO2;EFNB2;NELL2;BDNF;SLIT2;SEMA4D;SEMA3E;SEMA5A;EFNA5;SEMA3D;EPHA4;SEMA3A;UNC5C;SOS1;FYN;PTPRO;FEZ2;EPHA5;TRIO;DPYSL5;POU4F2;EPHA6;NRCAM;NRXN1;PALLD;RELN;EPHB1;DSCAML1;CNTN5;DAG1;NELL1;SEMA6A;SEMA4F;ENAH;KALRN;CNTN1;CYFIP2;SEMA3B;NOTCH1;SEMA4C;DCC;CNTN6;SEMA3C;SEMA5B;NOTCH2;NIBAN2;EPHA3;EFNB1;CDK5R1;TUBB3;SEMA3F;EFNA1;ARHGEF40;SEMA6D;EMB;SEMA4B;MYPN;FEZ1	GO_Biological_Process_2023
prerank	UV Response Dn	0.48962603858199205	1.4014256841478268	0.002002002002002002	0.05706181696838242	0.057	45/144	13.88%	CAV1;SCHIP1;ATP2B1;SRI;NIPBL;ADGRL2;PDLIM5;BDNF;TGFBR3;TFPI;MAGI2;YTHDC1;DMAC2L;CDK13;NEK7;INPP4B;CITED2;DDAH1;SYNE1;MMP16;AMPH;TGFBR2;GCNT1;BMPR1A;PTEN;FYN;MET;RASA2;PTPRM;F3;PLPP3;COL5A2;AGGF1;ATRN;PTGFR;PLCB4;NFIB;COL11A1;IGF1R;DLG1;ICA1;APBB2;COL1A1;CDON;SCAF8	MSigDB_Hallmark_2020
prerank	Hypoxia	0.4718106244452509	1.368691064506008	0.002002002002002002	0.05806290147659965	0.104	60/195	21.36%	PAM;CAV1;CCN2;AKAP12;NEDD4L;CSRP2;RBPJ;TES;HDLBP;TPBG;BCL2;PLAC8;CITED2;CXCR4;ENO2;FOXO3;EXT1;ISG20;PGF;PNRC1;DCN;PPP1R3C;F3;RORA;KDM3A;PDK3;CHST3;HS3ST1;JUN;HK2;NOCT;S100A4;LOX;PFKP;RRAGD;FOSL2;SLC6A6;PFKFB3;SAP30;FAM162A;TIPARP;PGM1;TMEM45A;SDC4;ERO1A;VLDLR;CAVIN3;COL5A1;AK4;UGP2;DTNA;MAP3K1;PPARGC1A;ATF3;TNFAIP3;STC1;FOS;GBE1;CP;GLRX	MSigDB_Hallmark_2020
prerank	Synapse Organization (GO:0050808)	0.5085719560825265	1.4465705525348656	0.002004008016032064	0.06111645971406697	0.203	40/127	17.51%	ZDHHC2;SLITRK3;CACNB4;CAST;BDNF;PTPRD;NTNG1;NLGN1;SNCA;LRRK2;GRM5;CACNB2;SEMA3E;DCTN1;CDH2;PDZRN3;LRRC4C;PTEN;ADGRL3;SLITRK1;DRD2;ANK3;MUSK;CACNB1;NRCAM;NRXN1;POU4F1;PCDHB16;CTNND2;LRFN5;SLITRK6;PPFIA2;APBB2;APP;LRRC4;GPM6A;SLC8A3;CHRNA1;CBLN2;PAK3	GO_Biological_Process_2023
prerank	Neuron Projection Morphogenesis (GO:0048812)	0.5253617197998344	1.4953062758225957	0.001	0.0739312012670165	0.064	65/145	25.17%	CTNNA2;CNTN4;SLITRK3;TMEM106B;BDNF;NCKAP1;NTNG1;MEF2A;NLGN1;ZDHHC17;LRRK2;ALS2;MAP2;CNTNAP2;DOCK10;EPHA4;TNIK;PLPPR4;NYAP2;PTEN;SLITRK1;DRD2;RAB10;BMP7;TRIO;ANK3;NRCAM;NRN1;POU4F1;CTNND2;ALCAM;DOCK7;SLITRK6;EPB41L3;APP;ISL1;EPHB1;DSCAML1;GPM6A;NTF3;APLP2;IMPACT;NGF;PAK3;SLITRK5;DICER1;DCLK1;MNX1;MAP4K4;SHTN1;NBL1;NTNG2;NYAP1;ADGRB1;NTF4;SHANK1;FGFR2;DCC;MYO16;CTNNB1;SPAG6;PAK1;WNT7A;MAP6;WASL	GO_Biological_Process_2023
prerank	Nervous System Development (GO:0007399)	0.4747208606918096	1.38795726209074	0.001	0.07431033563248837	0.574	143/421	21.66%	PLPPR1;ZDHHC2;FGF2;ADGRG6;POU3F2;CNTN4;PTPRZ1;ROBO2;PKD2;ST8SIA4;SERPINI1;MDGA2;SHOX2;FGF12;BDNF;FAT4;BRINP3;MBD5;CLN5;MEF2C;NCKAP1;ROBO1;NLGN1;NRSN1;GBA2;WDPCP;DCTN1;CDH2;SEMA5A;EFNA5;NAV3;CXCR4;NAV2;ZEB2;SNTG2;UGT8;PCDH1;PDGFC;RAPGEF5;GDNF;EDNRB;SPTBN1;CHRM3;SH3GL2;FBXL17;ACTL6A;APBA1;ITM2B;ADAM22;PPT1;ZIC5;PTEN;GDF11;ERBB4;ADGRL3;CRIM1;FN1;SLITRK1;DRD2;FEZ2;SCIN;ACVR1C;DPYSL5;LSAMP;NAV1;NUMBL;MET;MSI2;GRIK1;NRCAM;CAPG;NRXN1;ZIC1;WWP1;NPAS2;LDB1;SCRG1;POU4F1;NR2C2;PCDHB16;ZIC4;MBNL1;LDB2;IGF2BP2;ATXN10;INTU;ARHGAP26;MDGA1;LY6H;DACT1;APC2;CHST8;TRAK2;SLITRK6;ADGRV1;CDON;APP;RELN;BRINP2;NF1;EPHB1;POU3F3;DSCAML1;NDUFS2;GPM6A;NTF3;APLP2;PTN;B3GNT5;ERCC6;PRKN;SOX10;CXCL1;VLDLR;NELL1;SEMA6A;SEMA4F;SCN8A;FGF5;PAX6;KALRN;MTR;DCLK1;GLRB;SMO;MNX1;ADAM23;MERTK;CYP26C1;ADGRA2;RNF103;SCN2A;RAPGEFL1;WDR62;GFRA1;TRPC5;NRG1;MARCKSL1;CRMP1;NRTN;FUZ;NBL1;SPG7	GO_Biological_Process_2023
prerank	Epithelial Mesenchymal Transition	0.4585614089559162	1.322071100992866	0.009	0.07558188037040127	0.251	96/195	34.00%	LAMC2;FGF2;CCN2;CXCL6;BDNF;TGFBR3;SLIT2;PLOD2;AREG;PTX3;NT5E;CADM1;TNFRSF11B;CDH2;SDC1;ITGAV;ENO2;VEGFC;SGCB;FN1;SPP1;COL6A2;ITGA5;PFN2;DCN;BASP1;SERPINE2;COL5A2;CAPG;QSOX1;ITGA2;CD44;JUN;IGFBP4;LAMA3;ACTA2;COL11A1;LOX;COL1A1;DST;CTHRC1;COL16A1;MMP14;COL12A1;FSTL1;LUM;SDC4;CXCL1;TPM2;COL5A1;GADD45A;CD59;TNFAIP3;COL8A2;ADAM12;FBN2;PDLIM4;MMP2;TFPI2;LAMA2;CXCL8;LRRC15;NID2;COL4A2;FBLN5;LRP1;PPIB;CDH11;MYL9;NOTCH2;PMP22;RHOB;FERMT2;SNTB1;MCM7;DPYSL3;COLGALT1;THBS1;EDIL3;MMP1;COL3A1;COPA;IGFBP3;PDGFRB;MAGEE1;FAS;PCOLCE;IL6;VCAN;POSTN;TGM2;SLIT3;LAMA1;IL32;PVR;LAMC1	MSigDB_Hallmark_2020
prerank	Intracellular Calcium Ion Homeostasis (GO:0006874)	0.48937010846111567	1.3830670884514098	0.002008032128514056	0.07562105729597687	0.606	55/137	29.62%	CAV1;ATP2B1;TRPC4;ANK2;TRPC1;BCL2;CAMK2D;TMEM178A;TRPC6;CAV2;STIM1;HCRTR2;STIM2;PKHD1;TRPC3;GCM2;FKBP1B;TPT1;TMEM64;TNNI3;ATP2C2;MAIP1;ANXA6;EDNRA;ATP13A5;ATP13A2;ATP13A3;TRPA1;SLC8A3;EDN1;RYR2;MICU2;SLC24A2;MCU;SLC8A1;STC1;TRPC5;RMDN3;HCRTR1;PML;ATP13A4;SLC24A1;SLC10A7;ATP1B1;TMCO1;CASR;TPCN2;HERPUD1;SMDT1;CALCA;WBP2NL;PACS2;CCL19;EDN3;CHERP	GO_Biological_Process_2023
prerank	Negative Regulation Of Cell Motility (GO:2000146)	0.4848617812550599	1.3901866186639356	0.005005005005005005	0.07590269996747027	0.548	41/128	21.64%	TMEFF2;BRMS1L;SPOCK3;SFRP2;SLIT2;SULF1;TP53INP1;MAGI2;RAP2B;ROBO1;NAV3;CITED2;LIMCH1;EPHA4;FOXO3;MCTP1;PTEN;ARID4B;DRD2;TET1;DNAI3;DACH1;HDAC2;EMILIN1;RAP2A;ARPIN;NF1;EMILIN2;SAP30;CLIC4;ADARB1;DAG1;TACSTD2;ARID2;SPINT2;MITF;STC1;DLG5;FRMD5;FUZ;TCAF1	GO_Biological_Process_2023
prerank	Positive Regulation Of Metabolic Process (GO:0009893)	0.5126903539254369	1.4480415715158212	0.002014098690835851	0.07853136490140863	0.197	38/103	23.33%	CAV1;PTH2R;ELOVL6;CMKLR1;LEPR;TSHR;CXCR4;GATM;PDGFC;FFAR4;ESRRG;ZNF516;DIO2;FABP5;CD36;HDAC3;KDM3A;LPIN1;IGF1R;HADHA;GRB10;IRF4;OMA1;APLP2;GHRL;DBH;ADCYAP1;IFNG;PPARGC1B;DECR1;PPARGC1A;ACSL1;ADIPOR1;JAK2;GNAS;EHMT1;ADRB2;BSCL2	GO_Biological_Process_2023
prerank	Glycolysis	0.4511135038572619	1.30004418554693	0.009	0.07975306582130642	0.375	56/196	20.17%	PAM;LHX9;GALK2;ME1;DSC2;ANG;HDLBP;TPBG;PLOD2;SLC25A13;NT5E;NDST3;CITED2;CXCR4;SDC1;ENO2;SLC35A3;EXT1;ISG20;MET;COPB2;DCN;MDH1;ARPP19;QSOX1;PDK3;CD44;AK3;HOMER1;HK2;AGL;GNE;PFKP;RRAGD;RPE;DLD;PHKA2;SAP30;FAM162A;ME2;DEPDC1;KIF2A;ERO1A;XYLT2;VLDLR;RARS1;COL5A1;AK4;ELF3;UGP2;GLCE;GOT1;MERTK;GFPT1;FUT8;STC1	MSigDB_Hallmark_2020
prerank	Protein Localization To Plasma Membrane (GO:0072659)	0.4904129814565618	1.3909707235609143	0.003006012024048096	0.08172758249153825	0.545	57/130	27.15%	KCNIP4;ZDHHC2;NECTIN3;DPP10;DENND4C;P2RY1;ANK2;GORASP2;CACNB2;EZR;SPTBN1;TNIK;RAB10;ANK3;C2CD5;ANK1;ZDHHC23;RAP2A;FYB1;EFR3A;RAMP3;FYB2;DLG1;EPB41L3;KCNB2;PACS1;SCN3B;TTC7B;IKBKB;RAPGEF2;CCDC88A;MYO5A;TMEM150A;GAS6;SEC16A;NKD2;PTCH1;PALS1;FLOT1;RDX;EPHA2;MAP7;HYCC1;EHD4;INPP5K;RAB12;KCNIP3;F11R;RAB11A;ATP1B1;HYCC2;WDR72;S100A10;MRAP2;ROCK1;TSPAN5;CD81	GO_Biological_Process_2023
prerank	Complement	0.4492318391424787	1.2831642703352564	0.012	0.08246433636439476	0.478	70/197	25.19%	CBLB;PCLO;GCA;CD55;CPM;GNB4;ME1;CR2;ANG;PIK3CA;CASP4;GPD2;DYRK2;DGKH;DOCK10;HNF4A;DPP4;ZFPM2;CTSC;MMP13;GZMB;CTSO;FN1;FYN;CD36;PLA2G4A;BRPF3;C2;F3;GNG2;CSRP1;USP14;CASP7;L3MBTL4;PIK3R5;DGKG;GP9;MT3;CPQ;MMP14;LIPA;PDP1;KIF2A;CXCL1;ATOX1;APOC1;PLA2G7;PLSCR1;CD59;TMPRSS6;TNFAIP3;IRF2;GZMA;CLU;CP;PRSS3;JAK2;TFPI2;DOCK9;USP16;CA2;COL4A2;PDGFB;DOCK4;KCNIP3;LRP1;GATA3;PRCP;LYN;KCNIP2	MSigDB_Hallmark_2020
prerank	Spermatogenesis	0.4553256780360728	1.2899083682700594	0.024024024024024024	0.08337603832723546	0.441	47/134	24.25%	ARL4A;SLC12A2;HSPA4L;MTNR1A;RPL39L;IDE;PACRG;IL12RB2;ART3;ZC2HC1C;SIRT1;DMRT1;SYCP1;CST8;SNAP91;DMC1;TNNI3;GFI1;CAMK4;CLVS1;CFTR;TTK;TSN;TUBA3C;NPY5R;LPIN1;ACRBP;NAA11;STAM2;HBZ;ZPBP;CLGN;ADCYAP1;CRISP2;DBF4;HTR5A;EZH2;CSNK2A2;IP6K1;SHE;GSTM3;GSG1;MAP7;ADAD1;PGS1;CDK1;DCC	MSigDB_Hallmark_2020
prerank	IL-2/STAT5 Signaling	0.4525566762293105	1.3021044192804512	0.009	0.09129890714941186	0.359	79/194	27.19%	GUCY1B1;ARL4A;SH3BGRL2;SLC39A8;BCL2;NT5E;SCN9A;CD86;ITGAV;IKZF2;EMP1;BMPR2;BATF3;TTC39B;SPP1;IFNGR1;WLS;TNFRSF21;SMPDL3A;AMACR;LRRC8C;IKZF4;CAPG;RORA;CTLA4;TWSG1;TNFSF11;RHOH;CD44;SERPINB6;PTGER2;ALCAM;HK2;GPX4;IGF1R;SOCS2;RRAGD;CKAP4;EOMES;IL18R1;IRF4;ENPP1;PLEC;CSF2;CD83;ITIH5;POU2F1;DHRS3;PHLDA1;SNX9;PLSCR1;AHR;GLIPR2;PHTF2;RABGAP1L;HOPX;NFKBIZ;IRF8;PTCH1;IL1R2;TRAF1;NOP2;COCH;SHE;CDC42SE2;CA2;ICOS;ANXA4;ODC1;CCND2;CD48;MAP6;PRAF2;PNP;NDRG1;PUS1;ABCB1;CD81;RHOB	MSigDB_Hallmark_2020
prerank	Protein Localization To Cell Periphery (GO:1990778)	0.48231881846441227	1.369405127844854	0.005005005005005005	0.09147753970105507	0.701	57/135	27.15%	KCNIP4;CAV1;ZDHHC2;DPP10;DENND4C;P2RY1;WDR19;ANK2;CACNB2;EZR;LIN7A;SPTBN1;TNIK;RAB10;ANK3;C2CD5;ANK1;ZDHHC23;RAP2A;FYB1;EFR3A;RAMP3;FYB2;DLG1;EPB41L3;KCNB2;PACS1;SCN3B;TTC7B;IKBKB;RAPGEF2;MYO5A;TMEM150A;GAS6;SEC16A;NKD2;PTCH1;PALS1;FLOT1;RDX;EPHA2;MAP7;HYCC1;EHD4;INPP5K;RAB12;KCNIP3;F11R;RAB11A;ATP1B1;HYCC2;WDR72;S100A10;MRAP2;ROCK1;TSPAN5;CD81	GO_Biological_Process_2023
prerank	Calcium Ion Transport (GO:0006816)	0.483597535071981	1.3593575512044076	0.013052208835341365	0.0928247304796985	0.755	42/110	25.79%	CAV1;PKD2;ANO6;TRPC4;TRPC1;TRPC6;CACNB2;STIM1;ITGAV;STIM2;TRPC3;ORAI2;TRPV1;FYN;TPT1;MCOLN3;CACNA2D1;MCOLN2;CACNB1;NALCN;ATP2C2;RAMP3;TRPM3;TRPA1;SLC8A3;RYR2;TRPM4;CALCRL;SLC24A2;GAS6;SLC8A1;TRPC5;CLU;TRPM6;MCUR1;CACNG1;TRPC4AP;PANX1;SLC24A1;CACNA1C;TMCO1;CASR	GO_Biological_Process_2023
prerank	Negative Regulation Of Cell Migration (GO:0030336)	0.47129008450780985	1.356644366627903	0.003	0.09323113591356395	0.774	57/157	25.46%	TMEFF2;BRMS1L;FGF2;SFRP2;PHLDB2;SLIT2;SULF1;TP53INP1;MAGI2;RAP2B;ROBO1;HOXA7;NAV3;CITED2;LIMCH1;EPHA4;BMPR1A;FOXO3;MCTP1;PTEN;ARID4B;DRD2;TET1;MACIR;PFN2;DNAI3;DACH1;HDAC2;EMILIN1;RAP2A;ADGRG1;ARPIN;NF1;EMILIN2;SAP30;CLIC4;ADARB1;PTPRR;DAG1;TACSTD2;ARID2;HYAL2;ACVRL1;MITF;STC1;DLG5;ADIPOR1;FUZ;TCAF1;MARVELD3;SRGAP1;NKX2-1;PTPRG;LRP1;CDH11;RAC1;TRIB1	GO_Biological_Process_2023
prerank	Cell-Cell Adhesion Via Plasma-Membrane Adhesion Molecules (GO:0098742)	0.4718671317736668	1.360004925480925	0.002004008016032064	0.09735724464887897	0.752	39/168	15.99%	CADM2;CNTN4;SLITRK3;ROBO2;NECTIN3;CRB1;TENM3;HMCN1;FAT4;PTPRD;NTNG1;ROBO1;NLGN1;CADM1;CDH2;TGFBR2;CDH7;LRRC4C;ADGRL3;SLITRK1;TENM4;CDH12;PTPRM;CDH18;GRID2;CD164;PCDHB16;PALLD;TGFB2;CLDN4;ALCAM;CDH4;LRFN5;CLDN11;DSCAML1;TENM2;LRRC4;CLDN12;REG3A	GO_Biological_Process_2023
prerank	Negative Regulation Of Canonical Wnt Signaling Pathway (GO:0090090)	0.4856044423373456	1.3615825323542434	0.011088709677419355	0.09956068437291556	0.739	32/110	17.52%	CAV1;DKK2;SFRP2;TPBG;SOX2;MLLT3;CSNK1A1L;BICC1;ANKRD6;CYLD;PTPRO;FZD6;TMEM64;TLE6;NKX2-5;TLE3;FRZB;JADE1;GLI3;WWTR1;DACT1;IGFBP4;APC2;LMBR1L;PRKN;DKK3;RBMS3;STK4;TLE1;CCDC88C;LZTS2;OTUD5	GO_Biological_Process_2023
prerank	Positive Regulation Of Cell Projection Organization (GO:0031346)	0.47726147982869954	1.3438074618931473	0.012012012012012012	0.10475827185593005	0.844	34/114	16.15%	PLPPR5;ROBO2;RIT2;TENM3;SERPINI1;BDNF;SLIT2;MAGI2;PTPRD;CHODL;ROBO1;NLGN1;NCOA2;CAPRIN1;MAP3K13;FUT9;SLITRK1;SCARB2;MUSK;ALKAL1;LRRC7;CUX1;FZD1;NDNF;PRKD1;CARMIL1;RELN;NTRK1;ARSB;FBXW8;PLXNC1;PTN;RAPGEF2;PTK6	GO_Biological_Process_2023
prerank	Circulatory System Development (GO:0072359)	0.4717547807329224	1.3455316548816203	0.01002004008016032	0.10669563205074824	0.84	50/130	25.15%	SRI;PKD2;PDLIM5;FGF12;PIK3CA;PHIP;MEF2C;MEF2A;FBXW7;CITED2;TGFBR2;HEY1;ZFPM2;TCF21;PTEN;ERBB4;FN1;CACYBP;WT1;UTY;FOXC1;POU4F2;TNNI3;HEY2;TAB2;POU4F1;TGFB2;PLCE1;GJA5;PTPN11;NF1;ISL1;FOXL1;PCSK5;CRIP1;HDAC9;ACVRL1;SALL1;TSC2;CASP8;POLR2D;NOTCH1;PDLIM4;APELA;MKKS;NTRK3;PDGFB;CACNA1C;HEYL;DZIP1	GO_Biological_Process_2023
prerank	Cellular Response To Organonitrogen Compound (GO:0071417)	0.4768188146557882	1.3396674015616572	0.024193548387096774	0.10847528719235872	0.873	35/103	21.14%	PKD2;P2RY1;SLIT2;GABRB1;MEF2C;TSHR;DMTN;EZR;GABRG2;DIAPH1;TRPV1;LAMTOR3;CTNNA1;WT1;AKAP6;RAP1B;CFTR;P2RX3;SH3BP4;AKAP9;LAMTOR5;RRAGA;RRAGD;CRHBP;RAPGEF2;HCN1;CIB2;GOLPH3;AHR;NR1H4;RAPGEF3;RRAGC;LARP1;GABRB2;CLU	GO_Biological_Process_2023
prerank	Organonitrogen Compound Biosynthetic Process (GO:1901566)	0.4705901081314347	1.3377024740327998	0.02208835341365462	0.1088020845312926	0.884	41/121	24.17%	ELOVL4;SLC44A5;PAM;SAMD8;ELOVL6;PCSK1;SPTSSB;PRKD3;SGMS1;HACD4;BCAT1;SLC44A3;GCNT1;HACD1;PLA2G4A;GCH1;PLPP3;KDSR;SGPL1;CPS1;ALAS1;PRKD1;ELOVL2;TYW5;ELOVL5;CERS5;SGMS2;SGPP1;PCSK5;MFSD2A;GOLPH3;ORMDL1;SPTLC2;SLC5A7;ELOVL7;CERS4;CSNK1G2;SPHK2;LPCAT2;ORMDL2;ACER3	GO_Biological_Process_2023
prerank	Positive Regulation Of Cell Growth (GO:0030307)	0.4774470073778646	1.3455776016267662	0.011122345803842264	0.11198112618577433	0.84	45/102	27.08%	ZNF639;SYT1;NEDD4L;BDNF;SFRP2;RIMS2;BCL2;SEMA4D;RIMS1;RICTOR;RUFY3;MAP3K13;INO80;BRAT1;EXOSC9;CPNE6;POU4F2;SYT2;AKAP6;AKT1;CDKN2AIP;TGFB2;PLAA;SDCBP;TRIM32;MMP14;EDN1;MFSD2A;NGF;MACF1;ARMC12;SHTN1;HPN;NTN1;ISLR2;YAP1;PRR5;CPNE5;RNF157;ERBB2;ITSN2;SPHK1;HDGFL2;CIB1;EIF4G1	GO_Biological_Process_2023
prerank	Estrogen Response Late	0.4338838872119227	1.2498696177460484	0.016	0.1278051222157337	0.666	65/194	27.45%	CAV1;LAMC2;NPY1R;PTGER3;HSPA4L;CPE;PGR;NRIP1;PLK4;TPBG;GINS2;BCL2;TSPAN13;AREG;TPD52L1;CALCR;BTG3;PRSS23;AFF1;ISG20;JAK1;FABP5;FOXC1;UGDH;MYB;ETFB;SNX10;NAB2;CD44;IGFBP4;CHST8;ELOVL5;FRK;ST14;TST;NCOR2;RBBP8;IDH2;COX6C;DLG5;ABCA3;RAPGEFL1;SEMA3B;DNAJC1;SLC22A5;FOS;NBL1;SERPINA5;SORD;JAK2;TFPI2;HOMER2;GJB3;CA2;PAPSS2;BAG1;METTL3;KLK11;KCNK5;AMFR;IL17RB;CCNA1;PCP4;CLIC3;TNNC1	MSigDB_Hallmark_2020
prerank	Protein Localization To Membrane (GO:0072657)	0.4629983138374609	1.3256983085785055	0.003	0.12846285532156787	0.934	76/184	27.54%	KCNIP4;CAV1;ZDHHC2;CPE;DPP10;DENND4C;P2RY1;MAGI2;WDR19;ANK2;SH3GLB1;NLGN1;CACNB2;EZR;LIN7A;SPTBN1;TNIK;RAB10;ANK3;C2CD5;ANK1;ZDHHC23;NRXN1;RFTN1;RAP2A;FYB1;ITGA4;NPC1;EFR3A;RAMP3;FYB2;DLG1;EPB41L3;KCNB2;PACS1;SCN3B;LRRC4;RAB6A;TTC7B;PTN;RAB6B;IKBKB;RAPGEF2;TM9SF3;MYO5A;TMEM150A;GAS6;SEC16A;TM9SF2;NUP54;NKD2;RAB32;SYNE3;PTCH1;PALS1;FLOT1;RDX;EPHA2;MAP7;HYCC1;EHD4;INPP5K;RAB12;KCNIP3;F11R;RAB11A;ATP1B1;HYCC2;WDR72;S100A10;ABHD17A;MRAP2;ROCK1;TSPAN5;CD81;FERMT2	GO_Biological_Process_2023
prerank	Positive Regulation Of Wnt Signaling Pathway (GO:0030177)	0.46871694696329713	1.3159686533021415	0.020060180541624874	0.1474832681685611	0.96	31/106	19.89%	TBL1XR1;CAV1;RSPO2;DKK2;SFRP2;SULF1;CSNK1G3;LRRK2;SEMA5A;ZEB2;LGR4;WLS;PPM1B;CRBN;PPM1N;DISC1;PRDM15;DACT1;RNF220;COL1A1;GPC5;CSNK1D;TNKS2;USP34;LBX2;TRPM4;TLR2;SALL1;MACF1;LRRK1;TNFAIP3	GO_Biological_Process_2023
prerank	Protein Glycosylation (GO:0006486)	0.46002879954041676	1.3113668667862193	0.014028056112224449	0.14905938388787993	0.977	39/142	17.69%	B3GALT1;TET2;ST8SIA6;ST8SIA4;SLC39A8;PLOD2;B3GALNT2;ST3GAL6;GALNT3;GALNTL6;GALNT13;FUT9;TET1;PGM3;GALNT6;FUT6;AQP11;SERP1;TUSC3;MGAT1;MGAT2;TET3;NPC1;GCNT4;COG3;OSTC;GCNT3;GALNTL5;POGLUT1;ST8SIA3;COG7;B3GNT4;B3GNT5;ALG10;EOGT;ARFGEF1;TMEM59;MOGS;GALNT16	GO_Biological_Process_2023
prerank	Neuron Differentiation (GO:0030182)	0.45272424909814546	1.3048334021875982	0.013013013013013013	0.15075605385244095	0.986	68/171	29.99%	POU3F2;LMX1A;LHX9;TENM3;BRINP3;PTPRD;MEF2C;PITX2;MYEF2;EN2;WNT16;ATP8A2;PPT1;MYO7A;LHX8;ERBB4;FUT9;EPHA5;TENM4;POU4F2;MET;UGDH;RTN4;LDB1;TGFB2;FZD1;BHLHE22;WNT6;CDNF;TENM2;ERCC6;NIF3L1;ATOH7;RUNX2;HS6ST1;PAX6;SALL1;ERCC3;NRBP2;IRX1;FZD7;THOC2;BCCIP;ATOH1;INSM2;CTNNB1;WNT7A;ERBB2;INSM1;PTF1A;VSX1;CDK5R1;WNT2B;FZD4;CFLAR;EN1;TENM1;MYT1L;PBX1;MAP2K1;NOVA2;RUNX3;NR4A2;IRX2;EMX1;WNT1;LHX1;USH2A	GO_Biological_Process_2023
prerank	Enzyme-Linked Receptor Protein Signaling Pathway (GO:0007167)	0.4619716180466301	1.3123609111263932	0.031	0.15202445534610207	0.974	52/122	25.11%	DOK6;BDNF;PTPRD;FGFR4;YES1;NPR2;GUCA1B;BMPR2;ERBB4;FYN;TRIO;MUSK;MET;ALKAL1;SAMD12;CD8A;FRS2;DOK3;KDR;PDGFRA;POLR1G;FRK;NTRK1;MTSS1;NTF3;FGFR1;PTN;FLT3;PTK6;LIFR;NGF;GUCY2C;SH2D6;CASS4;MERTK;CD8B;EFS;ACVR2A;JAK2;ROR1;GFRA2;ZAP70;EPHA2;NTRK3;IL31RA;PILRB;NTF4;PTPRG;FGFR2;LRP1;ERBB2;LYN	GO_Biological_Process_2023
prerank	TNF-alpha Signaling via NF-kB	0.4288291711204358	1.2335764540765493	0.029	0.15346625510970216	0.751	57/197	21.18%	ATP2B1;PDE4B;NFKBIA;SERPINB8;PDLIM5;CXCL6;NAMPT;DNAJB4;AREG;PTX3;PTGS2;BTG3;ABCA1;PLK2;CCNL1;PLAU;PNRC1;MSC;GCH1;F3;PLPP3;RIPK2;MAP2K3;CD44;TGIF1;JUN;IL1B;SNN;TANK;FOSL2;RCAN1;PFKFB3;CSF2;TIPARP;TSC22D1;SDC4;EDN1;CD83;STAT5A;CXCL1;TUBB2A;TLR2;CCL4;GADD45A;PHLDA1;NFE2L2;BTG2;DUSP4;LITAF;ATF3;TNFAIP3;SOD2;JUNB;FOS;TRAF1;IFIH1;HBEGF	MSigDB_Hallmark_2020
prerank	Regulation Of Canonical Wnt Signaling Pathway (GO:0060828)	0.4545977460090929	1.3056447162507474	0.002002002002002002	0.15361260707702315	0.985	52/198	17.52%	TBL1XR1;CAV1;CDK14;DKK2;SFRP2;CSNK1G3;TPBG;SOX2;MLLT3;LRRK2;CSNK1A1L;SEMA5A;BICC1;ZEB2;ANKRD6;CYLD;LGR4;PTPRO;WLS;FZD6;PPM1B;TMEM64;TLE6;PPM1N;NKX2-5;TLE3;FRZB;JADE1;CTNND2;GLI3;PRDM15;WWTR1;DACT1;IGFBP4;RNF220;APC2;COL1A1;GPC5;LMBR1L;RNF14;CSNK1D;TNKS2;USP34;PRKN;DKK3;RBMS3;STK4;TLE1;TRPM4;CCDC88C;LZTS2;OTUD5	GO_Biological_Process_2023
prerank	Regulation Of Neuron Projection Development (GO:0010975)	0.45562649722165627	1.3077343481338644	0.007	0.1539468554199162	0.983	61/172	25.11%	PLPPR5;CTNNA2;RTN4IP1;RIT2;EFNB2;TENM3;SERPINI1;PDLIM5;BDNF;MAGI2;YTHDF1;NTNG1;NLGN1;LRRK2;RUFY3;CDH2;CSMD3;EPHA4;LRRC4C;PTEN;SEMA3A;FUT9;PTPRO;SCARB2;KIF13B;MUSK;ALKAL1;GFI1;LRRC7;AKT1;HDAC2;FZD1;NDNF;PRKD1;PPFIA2;RELN;NTRK1;ARSB;MT3;PTN;RAPGEF2;PTK6;CCDC88A;MFSD2A;CAMK2G;PAK3;ADCY6;LZTS3;CRMP1;TANC2;NTNG2;ROR1;NTRK3;PRKCI;NDEL1;CAMK2B;DCC;ZNF804A;MYLIP;PAK1;LYN	GO_Biological_Process_2023
prerank	Positive Regulation Of Vasculature Development (GO:1904018)	0.45784365946935707	1.2891703094988272	0.03939393939393939	0.18830893056052994	0.996	35/103	22.67%	FGF2;SFRP2;SASH1;VASH2;GATA6;GAB1;SEMA5A;STIM1;HMGA2;VEGFC;SIRT1;PGF;EMILIN1;AGGF1;ITGB8;TWIST1;KDR;ADM2;HK2;PRKD1;IL1B;GDF2;ISL1;EMILIN2;CCR3;MTDH;CNTN1;ITGAX;RLN2;RAPGEF3;PDPK1;HIPK1;APELA;CXCL8;EMC10	GO_Biological_Process_2023
prerank	Regulation Of ERK1 And ERK2 Cascade (GO:0070372)	0.4423211339592114	1.2852455995312955	0.003	0.18874200794050094	0.998	102/236	31.16%	EPHA7;FGF2;CCN2;SPRY1;CNKSR3;P2RY1;TGFBR3;PDGFD;PTPRC;FGFR4;FBXW7;ZDHHC17;CALCR;EZR;NEK10;SMAD4;SLC30A10;BMPER;PDGFC;PKHD1;FFAR4;EPHA4;PTEN;ERBB4;FN1;SPRY2;CD36;STYX;MUSK;ALKAL1;FGA;OPRM1;EMILIN1;RANBP9;CD44;KDR;YWHAZ;PDGFRA;RAMP3;DLG1;IL1B;APP;PTPN11;NTRK1;EPHB1;MT3;FSHR;FAM83D;DUSP26;THPO;PTPN22;PTPRR;MTURN;RAPGEF2;CRKL;NELL1;ARRB2;SEMA6A;CCL4;ADCYAP1;CCNA2;GAS6;GLIPR2;DUSP4;NRG1;NOTCH1;APELA;ROR1;GAREM1;EPHA2;NTRK3;P2RY6;PRKCZ;PDGFB;FGFR2;PTPN1;F2R;ERBB2;LYN;FGF19;NOTCH2;APIP;CIB1;RGS14;FERMT2;LMO3;DUSP6;MAP2K1;CCL20;SHC1;GSTP1;ROR2;DENND2B;CCL19;CSF1R;SPRED1;PDGFRB;GATA4;SYNJ2BP;BMP2;ROS1;PTK2B	GO_Biological_Process_2023
prerank	Protein Maturation (GO:0051604)	0.45970061857929023	1.2868051017058224	0.02905811623246493	0.18917426166626888	0.998	33/115	21.10%	CPE;CPM;PCSK1;ADAMTS3;MME;CASP4;HSPD1;RAP1GDS1;MMP16;APH1B;GZMB;NAA15;METAP2;ADAMTS13;ECE2;NAA20;PCSK6;CASP7;TLL1;PRSS37;STUB1;NAA11;MMP14;BOLA2;PCSK5;PARL;ZNG1E;PITRM1;CNTN1;CASP2;CASP8;PTCH1;GZMA	GO_Biological_Process_2023
prerank	Positive Regulation Of Angiogenesis (GO:0045766)	0.4494249061407516	1.2761564050045011	0.04627766599597585	0.1966051138255151	0.998	40/118	22.67%	FGF2;SFRP2;SASH1;VASH2;GATA6;GAB1;SEMA5A;STIM1;HMGA2;VEGFC;BMPER;SIRT1;PGF;JAK1;ITGA5;EMILIN1;AGGF1;ITGB8;TWIST1;KDR;ADM2;HK2;PRKD1;IL1B;GDF2;ISL1;EMILIN2;CCR3;GARS1;MTDH;CNTN1;ITGAX;RLN2;RAPGEF3;PDPK1;HIPK1;APELA;CXCL8;TJP1;EMC10	GO_Biological_Process_2023
prerank	Apoptosis	0.4262097069039349	1.2126571590453488	0.059	0.19757767884905617	0.861	53/153	27.44%	CAV1;HMGB2;BCL10;SATB1;TGFBR3;PMAIP1;CASP4;ENO2;BTG3;ANKH;CYLD;EMP1;PLPPR4;PPT1;ISG20;IFNGR1;DPYD;DCN;GCH1;CASP7;RARA;CD44;TGFB2;DIABLO;JUN;GPX4;IL1B;HGF;APP;DNAJC3;LUM;GADD45A;BTG2;AIFM3;CASP2;ATF3;CASP8;SOD2;CLU;MMP2;LMNA;CCND2;CTNNB1;F2R;CD38;PAK1;ERBB2;CCNA1;ROCK1;RHOB;LEF1;CFLAR;EREG	MSigDB_Hallmark_2020
prerank	Regulation Of MAPK Cascade (GO:0043408)	0.4453840768002902	1.2804315068214551	0.015	0.19816378366275356	0.998	82/195	31.75%	CAV1;EPHA7;FGF2;WWC1;DOK6;RIT2;VRK2;TGFBR3;DUSP16;PTPRC;SOX2;ZDHHC17;CAV2;NEK10;PKHD1;NBR1;MYOC;CD24;TNIK;GPR37;FN1;STYX;PAGE4;IGF2;EIF2AK2;MAP4K1;DOK3;KDR;YWHAZ;ADRA1B;PRDM15;PLCE1;PELI2;IGF1R;IL1B;NF1;EPHB1;FAM83D;BMP4;DUSP26;THPO;FGFR1;FLT3;DAG1;STK4;GHRL;PAK3;GSDME;CCNA2;IAPP;DUSP4;MAP4K4;DUSP19;GPR37L1;EPHA2;ADRB2;AVPR1B;PDGFB;FGFR2;F2R;PAK1;ERBB2;LYN;APIP;ROCK1;CD81;DUSP6;MAP2K1;CARTPT;GFRAL;SHC1;GSTP1;RAF1;CSF1R;SPRED1;RNF41;MAP2K2;BMP2;ROS1;FAS;IL6;PDGFA	GO_Biological_Process_2023
prerank	Central Nervous System Development (GO:0007417)	0.43851429895052124	1.2721567913853031	0.003	0.1988502876745187	0.999	80/271	20.51%	CADM2;EPHA7;CNTN4;NIPBL;PTPRZ1;ROBO2;PKD2;JHY;SERPINI1;ADGRL2;GRIN2A;BRINP3;CLN5;NCKAP1;NDUFS4;GBA2;CDH2;CXCR4;SNTG2;UGT8;PDGFC;CNTNAP2;SPTBN1;TGFBR2;SH3GL2;ADAM22;PPT1;ZIC5;PTEN;GRIN2B;ADGRL3;SCIN;MSI2;GRIK1;NRCAM;RTN4;CAPG;ZIC1;SCTR;WWP1;NPAS2;CA10;ZIC4;ADGRG1;MDGA1;NFIB;CHST8;SLC6A17;APP;PTPN11;EOMES;RELN;NF1;CDK5RAP3;POU3F3;DSCAML1;CNTN5;APLP2;B3GNT5;PRKN;ZFHX2;SLC8A3;VIT;LOXL3;SOX10;MFSD2A;SHROOM4;EIF2B5;UGP2;PAX6;CNTN1;DCLK1;SMO;MNX1;ADAM23;CYP26C1;SIX3;ADGRA2;RNF103;PTCH1	GO_Biological_Process_2023
prerank	Response To Calcium Ion (GO:0051592)	0.4591883859122982	1.2769058023154034	0.04417670682730924	0.19920129436882247	0.998	33/106	16.46%	CAV1;SYT1;PKD2;CPNE3;TRPC1;CAMK2D;MEF2C;SLC25A13;MEF2A;NLGN1;DMTN;PPP3CA;SYT6;STIM1;ANXA11;TRPC3;SYT9;PRKAA1;AHCYL1;CPNE6;SYT2;FGA;CDKN2AIP;RASA4;HOMER1;ADGRV1;KCNMB3;RASGRP2;ADCY8;CRHBP;CLIC4;CPNE8;RYR2	GO_Biological_Process_2023
prerank	Negative Regulation Of Transmembrane Receptor Protein Serine/Threonine Kinase Signaling Pathway (GO:0090101)	0.4484953941058074	1.2733584738588988	0.045090180360721446	0.20015766934478754	0.998	22/110	9.58%	CAV1;BRMS1L;SPRY1;SNX6;CD109;MAGI2;FST;UBE2D1;ZNF451;BMPER;GPR155;SIRT1;CRIM1;ARID4B;TET1;SPRY2;UBE2D3;PBLD;SNX25;HDAC2;EMILIN1;CCN3	GO_Biological_Process_2023
prerank	Cardiac Conduction R-HSA-5576891	0.5129751311598586	1.4401877312161735	0.002002002002002002	0.20064989681624099	0.132	51/124	25.20%	KCNIP4;ATP2B1;SRI;KCNK2;FGF12;TRPC1;CAMK2D;CACNB2;SCN9A;STIM1;SCN7A;ORAI2;FKBP1B;AHCYL1;TNNI3;CACNB1;ITPR2;SCN11A;NKX2-5;AKAP9;WWTR1;SCN3B;KCND3;KCNK18;CES1;SLC8A3;RYR2;SCN4B;CAMK2G;SCN8A;KCNK1;KCNJ2;SLC8A1;KCNIP1;KCNJ14;SCN2A;HIPK1;SCN10A;ATP1A3;KCNA5;KCNE2;KCNK10;CAMK2B;KCNIP3;FXYD1;CACNA1C;ABCC9;ATP1B1;KCNK5;KCNIP2;KCNJ12	Reactome_2022
prerank	Glycerophospholipid Biosynthetic Process (GO:0046474)	0.4525740576024492	1.2770253070549167	0.04124748490945674	0.20426917090812707	0.998	31/105	19.39%	SLC44A5;FGF2;CDS1;FAR1;INPP4B;SLC44A3;DGKB;DGKH;MTMR2;PTEN;PLA2G4A;TPTE2;INPP4A;PLD2;FIG4;DGKG;GPAM;HDHD5;PI4K2B;PIKFYVE;PIP5K1B;CEPT1;LPCAT1;MFSD2A;MBOAT7;PLSCR1;LIPI;MTMR7;MTMR6;MTMR1;PLD1	GO_Biological_Process_2023
prerank	Cellular Response To Salt (GO:1902075)	0.4509770773814969	1.2662860544152443	0.06030150753768844	0.20888498135760217	0.999	30/109	16.40%	SLC12A2;SYT1;PKD2;P2RY1;CPNE3;CAMK2D;MEF2C;MEF2A;NLGN1;NEK7;DMTN;DLG2;SYT6;SYT9;TRPV1;PRKAA1;FYN;CPNE6;SYT2;CDKN2AIP;P2RX3;RASA4;ADGRV1;RASGRP2;ADCY8;CRHBP;CLIC4;ADCY7;CIB2;CPNE8	GO_Biological_Process_2023
prerank	Positive Regulation Of DNA Metabolic Process (GO:0051054)	0.45051766614082267	1.2646330410785913	0.061122244488977955	0.2098041407738713	0.999	27/105	15.37%	INO80D;FGF2;SMARCA5;GINS2;FGFR4;TERF1;UCHL5;PRIM2;EYA4;ACTL6A;DHX36;UBE2N;SIRT1;INO80;MRE11;ATAD5;OTUD4;WT1;BRPF3;BAZ1A;NPAS2;SLX4;HGF;DNA2;DHX9;RAD50;ERCC6	GO_Biological_Process_2023
prerank	Regulation Of Angiogenesis (GO:0045765)	0.436605634784942	1.2627448508286896	0.01701701701701702	0.2115104458066372	0.999	89/203	30.74%	ATF2;FGF2;TSPAN12;PDCD10;SFRP2;SULF1;SASH1;VASH2;GATA6;GTF2I;SEMA3E;GAB1;SEMA5A;STIM1;HMGA2;VEGFC;BMPER;KRIT1;COL4A3;SIRT1;PGF;SPRY2;FOXC1;DCN;PTPRM;STAT1;FOXJ2;EMILIN1;AGGF1;ITGB8;TWIST1;KDR;TGFB2;ADM2;THBS4;HK2;PRKD1;IL1B;GDF2;NF1;ISL1;ADAMTS1;EMILIN2;CCR3;MTDH;IL17F;GHRL;SEMA6A;CNTN1;ITGAX;RLN2;PPARG;CXCL13;PRL;TNFAIP3;RAPGEF3;PDPK1;ADGRA2;HIPK1;NRG1;APELA;CXCL8;EMC10;EPHA2;ADGRB1;PML;COL4A2;HOXA5;PTGIS;CTNNB1;ERBB2;ISM1;NIBAN2;SARS1;SPHK1;CCN6;ROCK1;RHOB;HSPG2;HTATIP2;HLA-G;CEMIP2;TMIGD2;THBS1;SPRED1;BTG1;CTSH;GATA4;SYNJ2BP	GO_Biological_Process_2023
prerank	Dephosphorylation (GO:0016311)	0.4430003401461179	1.2669910145072978	0.03413654618473896	0.21188802496462322	0.999	41/143	19.10%	PLPPR5;PLPPR1;PTPRZ1;CTDSP2;DUSP16;PTPRC;PTPRD;PTPRB;PPEF1;PPP3CA;MTMR2;PLPPR4;PPP2R5E;PTEN;PPP4R3C;PTPRO;PPM1B;TPTE2;PTPRM;PPM1H;PLPP3;ACP3;PPP1R12A;PPP2R5C;PTPN13;UBLCP1;PTPN5;PTPN11;DAPP1;DUSP26;SGPP1;PDP1;PTPN22;PTPRR;PTPN3;THNSL2;PPP3CC;MTMR7;PTPN12;MTMR6;DUSP4	GO_Biological_Process_2023
prerank	Adipogenesis	0.41907845730533055	1.2013736778078572	0.06312625250501001	0.2122299157420539	0.902	56/195	21.32%	NKIRAS1;ARL4A;LAMA4;PTGER3;CAT;ME1;ELOVL6;G3BP2;DNAJB9;GPD2;ABCA1;IFNGR1;CD36;PPM1B;CD302;SLC5A6;ETFB;SUCLG1;NDUFA5;COQ3;SORBS1;MGST3;MTARC2;YWHAG;BAZ2A;GPX4;STOM;ITGA7;LPL;SSPN;NABP1;TANK;TST;RNF11;PFKFB3;GPAM;DLD;SLC19A1;NMT1;APLP2;ACADL;PGM1;STAT5A;ITIH5;LIFR;DRAM2;GADD45A;SQOR;DECR1;PPARG;COQ9;BCL2L13;ADCY6;ACOX1;GBE1;RMDN3	MSigDB_Hallmark_2020
prerank	Phosphate-Containing Compound Metabolic Process (GO:0006796)	0.4358843084971248	1.257043338638839	0.028056112224448898	0.2258899399897701	0.999	57/176	26.23%	PLPPR5;PLPPR1;EPHA7;GALK2;DUSP16;PIK3CA;PTPRC;PPIP5K2;PTPRD;PTPRB;LRRK2;RICTOR;PPP3CA;INPP4B;MINPP1;GK3;ACYP2;PLPPR4;PANK3;TRH;ACYP1;TPTE2;PLPP3;AKT1;ACP3;INPP4A;PANK2;PPA2;G6PC3;HK2;PLAA;GPX4;PFKP;PFKFB3;ENPP1;INPP1;CERK;THNSL2;PFKFB2;NUDT5;PFKM;DUSP4;GFPT1;IP6K1;TOLLIP;XYLB;PPP1CA;MBOAT2;SPHK2;SLC22A3;INPP5K;PLCD1;PRR5;PAK1;STAT3;CERKL;SPHK1	GO_Biological_Process_2023
prerank	Positive Regulation Of Signal Transduction (GO:0009967)	0.436128314187341	1.2550034600868092	0.009	0.22781524657091376	0.999	91/257	25.29%	RSPO2;BMP2K;PKD2;THRB;GRIN2A;PDCD10;RBPJ;BDNF;SULF1;RIMS2;PHIP;SASH1;ADAMTS3;PTPRC;MBD5;NETO1;ROBO1;NLGN1;RIMS1;TPD52L1;LRRK2;DMTN;CAV2;UCHL5;CITED2;CCBE1;ITGAV;UBE2N;PTEN;GRIN2B;SIRT1;WLS;RWDD3;ITGA5;CRBN;IGF2;CRADD;CDKN2AIP;NRXN1;CCN3;ESM1;TNFSF11;TGFB2;SORBS1;DISC1;LIMS2;DACT1;TTC23;IL7;HOMER1;CD226;MN1;POGLUT1;GRB10;IL1B;PTPN11;RELN;MT3;TP63;IRS1;LOXL3;TRIM44;NELL1;GHRL;TLR2;NID1;ZDHHC5;GAS6;SALL1;CNTN1;MACF1;TNFAIP3;DLG5;LY86;IHH;JAK2;LAMA2;NKX3-1;P2RY6;PRKCI;CD180;PRKCZ;YAP1;SHANK1;FGFR2;LIMS1;PTGIS;GATA3;WNT7A;CDH3;STAT3	GO_Biological_Process_2023
prerank	Positive Regulation Of Kinase Activity (GO:0033674)	0.4464603989416358	1.249766974918629	0.07028112449799197	0.230967107958263	0.999	47/100	31.16%	PTPRC;FGFR4;LRRK2;XRCC5;ALS2;ERBB4;MRE11;MUSK;MET;MAP2K3;PRKAG2;TAB2;KDR;PDGFRA;IGF1R;RELN;NTRK1;CENPE;RAD50;FGFR1;FLT3;RAPGEF2;MAP3K5;CCNA2;GAS6;SNX9;RASSF2;MERTK;NBN;DUSP19;ORC3;ROR1;EPHA2;NTRK3;FGFR2;MMD;ERBB2;CACUL1;EREG;CARTPT;ROR2;CCL19;CSF1R;CSF1;PDGFRB;ROS1;PTK2B	GO_Biological_Process_2023
prerank	Cellular Response To Metal Ion (GO:0071248)	0.44014662893371176	1.2510577584477984	0.049	0.23119929551779772	0.999	41/132	21.14%	SLC12A2;SYT1;PKD2;CPNE3;CAMK2D;MEF2C;MEF2A;NLGN1;NEK7;SNCA;LRRK2;DMTN;DLG2;SYT6;SYT9;PRKAA1;TFAP2A;ANK3;CPNE6;SYT2;F3;AKT1;CDKN2AIP;JUN;RASA4;ADGRV1;RASGRP2;ADCY8;MT3;ATP13A2;CRHBP;CLIC4;PRKN;ADCY7;CPNE8;MT1X;SLC25A24;MT1M;CPNE2;FOS;CLU	GO_Biological_Process_2023
prerank	Monoatomic Cation Transmembrane Transport (GO:0098655)	0.4323294190465272	1.2521678558658655	0.01	0.23253197970139342	0.999	99/274	26.79%	SLC12A2;KCNK2;PKD2;SLC4A4;ANO6;GRIN2A;TRPC4;DMAC2L;TRPC1;SLC39A8;KCNC2;TRPC6;SCN9A;KCNN2;ITGAV;SLC30A10;SLC4A8;SLC39A10;TRPC3;SLC1A3;TRPV1;COX15;SLC6A15;GRIN2B;SLC9C1;SLC6A19;KCNA4;ATP6V1C1;MCOLN3;SLC9A9;MCOLN2;CACNB1;NALCN;KCNH7;ATP2C2;ATP6V1H;KCNF1;SLC40A1;SLC41A2;KCNG3;KCNH8;SLC6A17;KCNB2;SLC9A8;SLC6A6;SCN3B;TRPM3;KCNK18;SLC11A2;TRPA1;SLC9A2;SLC8A3;KCNV1;ATP1A1;SLC9A3;HCN1;TRPM4;SCN4B;SLC6A12;SLC24A2;ATP6V0A1;GAS6;KCNK1;KCNJ2;SLC8A1;ATP6V1E1;SLC6A2;SCN2A;SCN10A;CNGA3;TRPC5;ATP1A3;KCNG2;CLU;HPN;TCIRG1;TRPM6;KCNA5;ATP6V1A;NNT;CACNG1;KCNE2;KCNK10;TRPC4AP;SLC36A2;KCNS3;SLC24A1;LRRC26;CACNA1C;ABCC9;ATP1B1;KCNK5;SLC6A13;TMCO1;SLC9A1;ATP6V0E2;ATP6V0D1;SLC30A8;TPCN2	GO_Biological_Process_2023
prerank	Negative Regulation Of Wnt Signaling Pathway (GO:0030178)	0.439014450916079	1.2452905676861403	0.05215646940822467	0.2327505869631868	1.0	39/136	19.31%	CAV1;DKK2;SFRP2;TPBG;SOX2;MLLT3;CSNK1A1L;CXXC4;BICC1;ANKRD6;CYLD;PTPRO;FZD6;TMEM64;TLE6;TRABD2A;NKX2-5;TLE3;FRZB;JADE1;GLI3;WWTR1;DACT1;IGFBP4;APC2;APCDD1;GRB10;LMBR1L;SHISA2;PRKN;DKK3;RBMS3;STK4;TLE1;CCDC88C;LZTS2;OTUD5;TSC2;NKD2	GO_Biological_Process_2023
prerank	Negative Regulation Of Nucleic Acid-Templated Transcription (GO:1903507)	0.4263829700512271	1.2437323794892798	0.001	0.23390158166893066	1.0	176/448	28.81%	YAF2;ZNF639;HMGB2;CBX3;SNX6;NIPBL;KCTD1;LHX9;PRMT6;FOXP1;ZBTB18;ALX1;RBPJ;SFRP2;MDFIC;HMBOX1;MECOM;GATA6;MDM2;ATP8B1;CRYAB;HOXA7;XRCC5;RUNX1T1;CITED2;HMGA2;SMAD4;ZNF219;WWP2;EPC1;HEY1;HNF4A;KDM5C;ZFPM2;MTA3;SIRT1;NAB1;CNOT7;GCFC2;BMP7;WT1;TFAP2A;FOXE1;MSX2;BASP1;GFI1;CTBP1;HDAC3;HEY2;FOXD1;MYB;DACH1;IKZF4;HDAC2;MLXIPL;PRDM5;ZBTB38;SUV39H2;WWP1;PLCB1;TFDP2;LDB1;RARA;NKX2-5;KAT6B;TWIST1;RCOR3;TBX20;GLI3;PA2G4;ZNF318;CRY2;ZNF827;CREBZF;JUN;YEATS2;TBX22;GMNN;HNRNPK;FERD3L;DNMT3A;ATF7IP;BAHD1;CLOCK;TFAP2B;KDM8;PAX9;POU3F3;NMNAT1;MTA2;BMP4;CDKN2A;TP63;ARID5B;CSF2;YWHAQ;NCOR2;KAT6A;DEPDC1;LOXL3;DKK3;KAT5;NACC1;TLE1;POU2F1;ATF5;RBM15B;RUNX2;NR1D2;HDAC9;ELF3;GAS6;CENPF;NR2F2;SALL1;EZH2;AHR;FOXP2;IFNG;TMPRSS6;SAP18;PPARG;RCOR2;SIX3;NRG1;NCOR1;NOTCH1;CHD3;EED;IFI16;ZNF706;NKX3-1;EHMT1;REST;PML;NR1I2;ZNF281;ZNF777;NKX2-1;INPP5K;PDGFB;FOXO1;TRIM33;LIMS1;PRICKLE1;GATA3;NR3C1;CTNNB1;HEYL;CD38;TRAF6;L3MBTL3;HSPA8;NIBAN2;HAND1;CDK5R1;MAEL;KAT8;BCL6;ZBTB4;PROX1;LEF1;RBM15;ZBTB7A;CTBP2;EREG;CHD8;CALCA;IL4;SHC1;ZNF746;SOX14;VGLL4;RBBP7;HMGA1;ZHX1	GO_Biological_Process_2023
prerank	Neuron Development (GO:0048666)	0.4385247359053619	1.2461725157897146	0.04504504504504504	0.23420244856272912	1.0	65/147	29.34%	POU3F2;CNTN4;ROBO2;TENM3;PPP1R9A;CLN5;MEF2C;NLGN1;GBA2;MAP2;CNTNAP2;GDNF;MYOC;B4GALT6;SH3GL2;ATP8A2;PPT1;EPHA5;TENM4;PTPRM;STMND1;UGDH;GPRIN3;POU4F1;TGFB2;ATXN10;DOCK7;ETV1;CDNF;APP;BLOC1S1;TENM2;GPM6A;RAB6A;ERCC6;RAB6B;RAPGEF2;FRYL;HS6ST1;ADCYAP1;BTG2;STX3;PALS1;NRTN;BLOC1S5;THOC2;RAB11A;LYN;INSM1;MICALL1;VSX1;CDK5R1;ROCK1;TENM1;TOR1A;MYT1L;LAMB1;PBX1;STMN4;NOVA2;RUNX3;LRP12;BLOC1S2;MAP4;UNK	GO_Biological_Process_2023
prerank	Neuron Projection Development (GO:0031175)	0.4343108510132936	1.2420122162491722	0.02002002002002002	0.23550282161624195	1.0	76/189	27.77%	CNTN4;BDNF;PPP1R9A;GRM7;VASH2;NCKAP1;NLGN1;LRRK2;ALS2;MAP2;CNTNAP2;GDNF;MYOC;DOCK10;SH3GL2;EPHA4;TNIK;NYAP2;PTEN;BMP7;TRIO;PTPRM;STMND1;GPRIN3;POU4F1;CTNND2;ATXN10;BHLHE22;DOCK7;OLIG1;SLC25A46;ADGRV1;CDNF;EPB41L3;APP;EPHB1;BLOC1S1;GPM6A;RAB6A;NTF3;ERCC6;RAB6B;RAPGEF2;NMNAT2;ATOH7;NGF;FRYL;PAK3;DICER1;DCLK1;BTG2;MNX1;STX3;MAP4K4;SHTN1;NRTN;NBL1;BLOC1S5;NYAP1;OLIG2;ATOH1;NTF4;SHANK1;MYO16;RAB11A;PAK1;WNT7A;LYN;WASL;MICALL1;CDK5R1;ROCK1;TSKU;TOR1A;LAMB1;STMN4	GO_Biological_Process_2023
prerank	Negative Regulation Of Macromolecule Metabolic Process (GO:0010605)	0.4348853788709381	1.2469702175690844	0.028	0.23590953449629853	1.0	63/185	26.07%	AP1AR;FGF2;FOXP1;PGR;PDCD10;SFRP2;MEF2C;PRKAR1A;ROBO1;FBXW7;CITED2;EDNRB;WWP2;SH3GL2;MTMR2;BMPR1A;PICALM;NTS;PRKAA1;SIRT1;CNOT7;NDFIP2;HEY2;EMILIN1;POU4F1;ITGB8;KDR;TGFB2;NOCT;APP;BMP4;MSR1;TARDBP;TIPARP;PTPN22;PRKN;EDN1;CRKL;RBMS3;SFMBT2;ACVRL1;DICER1;PARP15;SUB1;IFNG;SMO;HSP90AB1;PPARG;OPRD1;NOTCH1;MYCN;SORD;CXCL8;NKX3-1;REST;ZNF281;YAP1;PDGFB;LRP1;STAT3;FGF19;NOTCH2;CILP	GO_Biological_Process_2023
prerank	Regulation Of DNA Metabolic Process (GO:0051052)	0.44033705307567605	1.2399287278189814	0.06118355065195587	0.23851549732398925	1.0	36/123	22.13%	INO80D;ENY2;SMARCA5;TAF5L;UCHL5;XRCC5;ATXN7;ACTL6A;UBE2N;TAF2;INO80;ESCO2;BAZ1A;JADE2;NUCKS1;ZBTB38;JADE1;TRRAP;BAZ2A;GMNN;EHMT2;HNRNPD;SMC3;SUPT20H;CCDC88A;BARD1;FBXO5;CCNA2;ACVRL1;SUB1;THOC1;UBE2V2;ESCO1;INO80B;HDAC8;ORC3	GO_Biological_Process_2023
prerank	Generation Of Neurons (GO:0048699)	0.42817541901189227	1.2358685675999561	0.042	0.24320338793404747	1.0	69/169	29.66%	POU3F2;LMX1A;LHX9;CDK6;AUTS2;PTPRD;MEF2C;SH3RF1;MYEF2;EN2;WNT16;SEMA3A;LHX8;ADGRL3;FUT9;PEX13;NAV1;POU4F2;MET;NRCAM;RTN4;LDB1;TGFB2;FZD1;DISC1;MDGA1;NDNF;WNT6;RELN;GPM6A;FGFR1;ERCC6;RAPGEF2;NIF3L1;NELL1;RUNX2;CEP85L;SIX3;NRBP2;IRX1;PALS1;ASTN2;FZD7;ASTN1;THOC2;INSM2;DCC;WNT7A;ERBB2;INSM1;RAC1;PAFAH1B1;CDK5R1;WNT2B;FZD4;CFLAR;EN1;MYT1L;MAP2K1;NOVA2;RUNX3;LRP12;NR4A2;IRX2;TAFA1;EMX1;WNT1;LHX1;PLXNB2	GO_Biological_Process_2023
prerank	Positive Regulation Of Protein Phosphorylation (GO:0001934)	0.4245293552954234	1.2367857600461147	0.004	0.24406097751599612	1.0	159/369	31.90%	CAV1;FGF2;PDCD10;P2RY1;BDNF;SFRP2;BANK1;PDGFD;LEPR;PTPRC;SEMA4D;SNCA;LRRK2;XRCC5;CALCR;ALS2;EFNA5;NEK10;SMAD4;VEGFC;PDGFC;LIMCH1;TGFBR2;TNIK;BMPR1A;BMPR2;FNIP1;GDF11;ERBB4;SIRT1;PGF;MRE11;BRAT1;BMP7;SPRY2;MUSK;GDF10;ITGA5;PFN2;IGF2;HDAC3;RIPK2;AKT1;MAP2K3;TTK;PRKAG2;TAB2;RAP2A;TWSG1;RB1CC1;SLCO3A1;FBH1;CD44;KDR;TGFB2;AKAP9;GDF7;THBS4;PELI2;PRKD1;DOCK7;RAMP3;MOB1A;SDCBP;IL1B;HGF;GDF2;APP;PTPN11;RELN;NTRK1;MT3;CENPE;S1PR2;BMP4;RAD50;NTF3;MOB2;THPO;CSNK1D;IL5;RIPK1;BMP3;RAPGEF2;CRKL;STK4;NELL1;NGF;LEFTY2;MAP3K5;ADCYAP1;CCNA2;GAS6;ACVRL1;SNX9;FGF5;RASSF2;UBE2K;HSP90AB1;PPARG;GDF9;NBN;BMP8B;DUSP19;OPRD1;FLOT1;ACVR2A;RALB;ORC3;JAK2;NKX3-1;NTRK3;NTF4;PDGFB;CCND2;DVL3;PAK1;MOB1B;MMD;ERBB2;LYN;FGF19;RAC1;MOB3B;TBK1;ATG14;SPHK1;TXN;CIB1;CACUL1;EIF4G1;CD81;BMP6;TENM1;EREG;EFNA1;ACVR1;CARTPT;CALM3;NIBAN1;RARRES2;BMP15;RAF1;CCL19;CSF1R;TNK2;CSF1;PROM2;FAXDC2;BMP2;TCL1A;CALM2;PTK2B;FAS;CSNK2B;AGT;IL6;PDGFA;CLIP3	GO_Biological_Process_2023
prerank	Macroautophagy (GO:0016236)	0.4396638873431739	1.2342827455969763	0.07669021190716448	0.24456781292698102	1.0	24/103	15.63%	ATG10;CHMP2B;CHMP4C;VTA1;PIP4K2A;ZFYVE1;VPS4B;STAM;NBR1;PIK3C3;VPS36;TMEM74;VPS4A;PLAA;UBA5;VTI1B;ATG12;EPG5;STAM2;CHMP4A;ATP13A2;ARL8B;MAP1LC3C;PRKN	GO_Biological_Process_2023
prerank	Response To Endoplasmic Reticulum Stress (GO:0034976)	0.43495298079781936	1.2276064285402322	0.06841046277665996	0.2565210686147803	1.0	41/113	30.19%	ATG10;RASGRF2;RHBDD1;BCL2;RNF183;GORASP2;DNAJB9;CASP4;DERL1;CFTR;RNF139;TMX1;THBS4;JUN;UBA5;OS9;CDK5RAP3;MARCHF6;CREB3L2;PRKN;DNAJC10;ERO1A;MAP3K5;EIF2B5;TMEM117;SEC16A;ATF6B;ATF3;FLOT1;SEL1L;CXCL8;TMTC3;TMCO1;AIFM1;PDIA6;HERPUD1;PPP1R15B;NIBAN1;THBS1;PDIA4;ERLEC1	GO_Biological_Process_2023
prerank	Brain Development (GO:0007420)	0.4291020198947731	1.2296480052759426	0.043	0.2574309489541673	1.0	43/160	18.62%	CADM2;CTNNA2;EPHA7;CNTN4;NIPBL;ROBO2;JHY;ADGRL2;GRIN2A;CLN5;NDUFS4;CDH2;CXCR4;CNTNAP2;TGFBR2;PPT1;PTEN;GRIN2B;ADGRL3;NRCAM;RTN4;ZIC1;SCTR;CA10;ADGRG1;MDGA1;NFIB;SLC6A17;PTPN11;EOMES;RELN;NF1;CDK5RAP3;DSCAML1;CNTN5;B3GNT5;ZFHX2;RAPGEF2;MFSD2A;SHROOM4;UGP2;CENPF;CNTN1	GO_Biological_Process_2023
prerank	Small GTPase Mediated Signal Transduction (GO:0007264)	0.432677575553672	1.2276311719670556	0.07630522088353414	0.2607142739791744	1.0	38/110	22.13%	ARHGAP18;FGF2;DOK6;RIT2;RASGRF2;G3BP2;SOS2;RAPGEF5;KRIT1;PLK2;SOS1;DOK3;PLD2;RASGEF1A;PLCE1;RRAS2;DIRAS3;RERG;NUCB1;RASGRP2;NF1;CDKN2A;RGL1;RAPGEF2;CRKL;CCDC88A;CCDC88C;CCNA2;PLD1;RAPGEF3;NUCB2;RAPGEFL1;RRAGC;SHTN1;NTN1;ARHGAP33;RALB;ORC3	GO_Biological_Process_2023
prerank	Positive Regulation Of Stress-Activated MAPK Cascade (GO:0032874)	0.4348775326072167	1.2220261837933803	0.09090909090909091	0.26802994237121536	1.0	35/103	22.16%	CCN2;PDCD10;SASH1;STK39;SH3RF1;TPD52L1;ANKRD6;WNT16;TNIK;FCGR2B;SEMA3A;EIF2AK2;PLCB1;RELL1;TNFRSF19;TGFB2;SDCBP;IL1B;APP;TRAF3;BMP4;MAP3K4;MTURN;RIPK1;ARL6IP5;MAP3K5;GADD45A;RASSF2;DUSP19;TRAF1;SEMA4C;RELL2;FZD7;MBIP;SORD	GO_Biological_Process_2023
prerank	Transmembrane Receptor Protein Tyrosine Kinase Signaling Pathway (GO:0007169)	0.4183107191424816	1.2222130717594912	0.022	0.27146265170603	1.0	115/278	29.14%	EPHA7;FGF2;DOK6;EFNB2;NAMPT;BDNF;PDGFD;SULF1;PIK3CA;PHIP;IDE;FGFR4;YES1;GALNT3;FLRT2;CAV2;GAB1;EFNA5;AP3S1;VEGFC;PDGFC;EPHA4;ERBB4;FYN;PGF;EPHA5;MUSK;FOXC1;MET;EPHA6;ALKAL1;SAMD12;IGF2;CD8A;AKT1;ARHGEF7;PDK2;PLCB1;FRS2;DOK3;KDR;SORBS1;PDGFRA;PRKD1;IGF1R;SOCS2;GRB10;HGF;POLR1G;PTPN11;FRK;NTRK1;EPHB1;CSH1;NGEF;MTSS1;GRB14;IRS1;NTF3;FGFR1;FLT3;RAPGEF2;PTK6;NFATC4;KIF16B;NELL1;NGF;PAK3;KL;FGF5;KALRN;SH2D6;CASS4;TSC2;MUC20;MERTK;CD8B;NRG1;EFS;MMP2;JAK2;ROR1;GFRA2;ZAP70;EPHA2;NTRK3;ADRB2;IL31RA;PILRB;NTF4;COL4A2;PDGFB;FOXO1;PTPRG;FGFR2;PAK1;ERBB2;LYN;STAT3;FGF19;RAC1;ARHGEF28;EPHA3;EFNB1;IRS4;CDK5R1;RGS14;EFNA1;GFRAL;SHC1;MVP;RARRES2;RHOQ;ROR2;TIAM1	GO_Biological_Process_2023
prerank	Antigen Receptor-Mediated Signaling Pathway (GO:0050851)	0.43352296689828773	1.2147003036714623	0.09919839679358718	0.27826085762449415	1.0	39/106	25.28%	BCL10;PDE4B;PIK3CA;PTPRC;BCL2;MEF2C;TXK;VAV3;PDE4D;DENND1B;UBE2N;THEMIS;FYN;TNFRSF21;CD8A;RIPK2;CTLA4;RFTN1;FYB1;CD3G;TEC;FYB2;MALT1;NCOR2;PTPN22;IKBKB;GNAO1;EIF2B5;LAX1;NFKBIZ;CD8B;BTN3A1;ORC3;BTN2A2;ZAP70;RC3H2;GATA3;CD38;TRAF6	GO_Biological_Process_2023
prerank	Regulation Of Intracellular Signal Transduction (GO:1902531)	0.4191025223968583	1.2150555465819934	0.021	0.2811327275654649	1.0	99/290	25.96%	ARHGAP18;AKAP7;WWC1;ARHGAP5;NFKBIA;RIT2;AKAP12;VRK2;ARHGAP21;CMKLR1;RASGRF2;SGMS1;PEX5L;FAM13A;NLGN1;LRRK2;RICTOR;VAV3;EZR;ITGAV;PKHD1;SMYD2;DYRK2;MYOC;CD24;WWC2;PLEKHG1;CYLD;TNIK;UBE2N;PTEN;PIDD1;DIPK2A;ARHGAP29;TRIO;DOCK8;AKAP6;DOCK3;URB2;AKT1;RASD2;PRMT5;ARHGAP20;MCF2L;TNFSF11;KDR;ARHGAP26;TBCK;WWTR1;PTPN13;DLG1;IL1B;RHOF;NTRK1;TRAF3;FSHR;STARD13;TMBIM4;FAM83D;ARHGAP23;NGEF;KAT6A;PIP5K1B;PTPN22;STK4;SPATA13;CHN2;MCF2;PAK3;PLEKHG6;RASSF2;KALRN;ARHGAP45;RAPGEF3;PDPK1;SLC6A2;USP7;ARAP1;MAP4K4;RRAGC;TRAF1;NOP2;ARHGAP15;NTRK3;SPHK2;ARHGEF4;ARHGAP28;SEZ6L2;RPL11;BST1;SYDE2;PAK1;LYN;TRAF6;GNA12;ARHGEF3;MOB3B;FBXL2;ARHGEF28	GO_Biological_Process_2023
prerank	Regulation Of Anatomical Structure Morphogenesis (GO:0022603)	0.4273999174873238	1.2164313416010661	0.08108108108108109	0.28415765253649733	1.0	42/127	21.96%	FGF2;TSPAN12;NEDD4L;ADGRB3;PDLIM5;PDCD10;PHLDB2;PHIP;SH3D19;VASH2;MEF2C;SEMA4D;LRRK2;RUFY3;CDH2;EFNA5;BMPER;GDNF;KRIT1;EPHA4;TNIK;LRRC4C;KIF13B;RAP2A;CLDN4;POGLUT1;PPFIA2;NF1;ZMYM3;DAG1;PAK3;HECW2;CXCL13;TNFAIP3;RAPGEF3;WTIP;FITM2;ADGRA2;LZTS3;STRIP1;LZTS1;TANC2	GO_Biological_Process_2023
prerank	Organelle Organization (GO:0006996)	0.41607064280332157	1.215186758087302	0.008	0.28494222371404576	1.0	127/405	23.76%	PCLO;CAV1;PRPF40A;CHMP2B;PEX2;CHMP4C;PKD2;ARHGAP21;SPTSSB;MTFR1;PHIP;TRAPPC8;CFAP61;SH3D19;YTHDF1;DIAPH3;VPS4B;GORASP2;LMAN1;AGTPBP1;MREG;AFG1L;ATP8B1;LRRK2;RICTOR;DMTN;CAV2;WDPCP;DYNC2H1;FNBP1L;KRT76;LYSMD3;SH3KBP1;HACE1;SYNE1;ATXN7;SAR1B;TNIK;DIAPH1;SLC25A36;ABCD3;DES;PLAAT1;ADCK1;ZFYVE16;VPS13C;ABI2;SIRT5;ANK1;RHOT1;STX7;ARHGEF7;KRT4;PEX3;SNX10;RANBP9;MTX2;PALLD;PLD2;HPS3;MTX3;CATIP;DYM;PLCE1;CENPW;COG3;VPS4A;PRKD1;PEX1;TTC29;ABCD2;SEC61A1;GOLGA8J;TRAPPC12;MYO18A;DST;DYRK3;GOLGA5;CHMP4A;FBXW8;COG7;PI4K2B;PIKFYVE;KAT6A;CSNK1D;PRKN;RAB6B;PTCD2;RAB2B;ZMYM3;WASF3;MTFR2;TBC1D20;ARFGEF1;GOLPH3;UBXN2A;PITPNB;HAT1;SEMA6A;IRAG2;CHMP5;SEC16A;ZNF501;RAB32;PPARGC1A;CYP26C1;TNFAIP3;SNX11;WTIP;FITM2;SYNE3;MSTO1;PEX7;STRIP1;GOLGB1;KIF3A;TMED7;COG8;TTC17;FAF2;YTHDF2;RANBP10;TMEM135;PRKCI;BSCL2;CHMP7;TOR1B	GO_Biological_Process_2023
prerank	Golgi Organization (GO:0007030)	0.4286336047593767	1.2103714783966926	0.08016032064128256	0.28726736136756864	1.0	41/127	22.41%	PDCD10;ARHGAP21;YIPF7;TRAPPC8;GORASP2;LMAN1;BET1;ATP8B1;LRRK2;DYNC2H1;LYSMD3;HACE1;SYNE1;ARHGEF7;PRMT5;YWHAZ;DYM;COG3;PRKD1;VTI1B;GOLGA8J;TRAPPC12;MYO18A;GOLGA5;FBXW8;COG7;PI4K2B;CSNK1D;RAB6B;RAB2B;TBC1D20;GOLPH3;UBXN2A;TMED5;SEC16A;FHDC1;ZNF501;GOLGB1;YIPF4;TMED7;COG8	GO_Biological_Process_2023
prerank	Regulation Of MAP Kinase Activity (GO:0043405)	0.4346032650555706	1.2114157543819775	0.08048289738430583	0.287432913474981	1.0	50/113	32.02%	FGF2;SPRY1;PDCD10;PDGFD;MEF2C;ROBO1;TPD52L1;LRRK2;NEK10;PDGFC;CD24;SOS1;BMP7;SPRY2;TNFSF11;PIK3R5;IL1B;NF1;CDK5RAP3;BMP4;NTF3;FGFR1;FLT3;EDN1;HYAL2;EZH2;LAX1;PPARG;DUSP19;SNF8;NTRK3;TGFA;INPP5K;PDGFB;PTPN1;ERBB2;LYN;TRIB1;UCHL1;TENM1;RGS14;GSTP1;EDN3;THBS1;PDGFRB;BMP2;AGT;ADAM9;PDGFA;IRAK3	GO_Biological_Process_2023
prerank	Ras Protein Signal Transduction (GO:0007265)	0.41424516944356626	1.190200998365731	0.10710710710710711	0.3002294503545679	1.0	42/139	22.61%	NKIRAS1;FGF2;DOK6;ARHGAP5;RIT2;RASGRF2;EPS8;G3BP2;RAP2B;SOS2;NCKAP1;RAPGEF5;HACE1;PLK2;SOS1;ARHGAP29;RAP1B;RAP2A;DOK3;ADGRG1;RASGEF1A;PLCE1;RRAS2;FARP2;RASGRP2;NF1;RIPOR1;CDKN2A;RGL1;RAPGEF2;CRKL;CCNA2;PLD1;RAPGEF3;RAPGEFL1;SHTN1;NTN1;RALB;CTNNAL1;AGTR1;ORC3;EPS8L3	GO_Biological_Process_2023
prerank	Organelle Assembly (GO:0070925)	0.41468027952211217	1.2044925025853153	0.017	0.3015698822011015	1.0	106/316	26.54%	AP3B1;CEP126;CHMP2B;BBS7;CHMP4C;VTA1;PLK4;CCNO;TP53INP1;WDR19;PHIP;YTHDF1;VPS4B;GORASP2;CPLANE1;WDPCP;DYNC2H1;STAM;FNBP1L;CAPRIN1;AP3S1;TEKT4;RAB19;AMBRA1;ARL6;CDC14C;PIK3C3;SSX2IP;SPAG16;ARL13B;MACIR;RAB23;SEPTIN7;CCDC57;DYNC2I1;VPS36;STX7;DNAH5;SCLT1;RB1CC1;SNX10;HPS3;DISC1;IQUB;INTU;ABCC4;VPS4A;CENPJ;IFT74;ATG3;ATG12;MBD1;STAM2;CHMP4A;FBXW8;STING1;MAP1LC3C;CCDC65;MAK;IFT140;UBXN2A;ELAPOR1;CC2D2A;CHMP5;IFT27;RILPL1;NME8;CCDC28B;FHDC1;RAB32;ZAR1;ATG13;NOTCH1;SNF8;FUZ;KIF3A;ATG9A;CEP164;MKKS;CILK1;WIPI1;YTHDF2;RABL2B;BECN2;EHD4;PCNT;CHMP7;PIBF1;ABLIM1;IFT46;RAB11A;KIF24;DZIP1;ACTR3;STK36;IFT172;IFT57;CHMP6;DNAAF1;IST1;VPS37A;ATG14;TTC36;CCDC96;WDR90;ATP6V0D1	GO_Biological_Process_2023
prerank	Positive Regulation Of Cell Population Proliferation (GO:0008284)	0.40641134244305477	1.188835380615888	0.014	0.30158264890792	1.0	174/476	29.87%	LAMC2;FGF2;POU3F2;FOXP1;EFNB2;HPSE;CDK6;PDCD10;MEGF10;RBPJ;NAMPT;SFRP2;REG1B;TGFBR3;PDGFD;CD47;PHIP;PTPRC;NAP1L1;TNFRSF11A;BCL2;FGFR4;MEF2C;TSHR;AREG;KDM4C;MDM2;NDUFS4;IL12RB2;FTMT;OSMR;HMGA2;CD86;ITGAV;VEGFC;PDGFC;PKHD1;GDNF;HTR1A;TGFBR2;EPHA4;ACTL6A;BMPR1A;DPP4;ZFPM2;KITLG;PTEN;ERBB4;SIRT1;FN1;PGF;CNOT7;CDC123;AQP11;IGF2;AKT1;STAT1;HDAC2;MLXIPL;TTK;ESM1;RARA;NKX2-5;KDR;TGFB2;TBX20;INSL4;PTGFR;PDGFRA;WWTR1;IL7;KIF14;IGF1R;SDCBP;RTKN2;IL1B;DHX9;TFAP2B;POU3F3;S1PR2;BMP4;CSF2;IRS1;NTF3;S1PR3;THPO;FGFR1;PTN;TSC22D1;FLT3;EDN1;CRKL;REG3A;CXCL5;TSPAN31;NACC1;SRPK2;LIFR;COX17;TRPM4;FBXO5;CNOT6L;SIX2;CCAR1;CCNA2;GAS6;CAPNS1;FGF5;EZH2;CXCR2;IFNG;NKX2-6;ITGAX;GAB2;PRL;STX3;GDF9;NRG1;NOP2;NOTCH1;HBEGF;TCIRG1;HILPDA;JAK2;NKX3-1;GAREM1;TJP1;BMI1;NTRK3;TGFA;IL31RA;PRKCI;YAP1;PDGFB;CCND2;FGFR2;BST1;ACER3;NCCRP1;F2R;PAK1;ERBB2;LYN;INSM1;FGF19;CUL3;SPHK1;BAD;CIB1;CACUL1;CD81;PROX1;BMP6;LEF1;CDC7;TMEM250;EREG;SINHCAF;LAMB1;CDCA7L;EPO;CNOT6;IL4;SHC1;KRT6A;IL11RA;TIAM1;EDN3;WNT1;CSF1R;EPCAM;THBS1;CSF1;MARCHF7	GO_Biological_Process_2023
prerank	Interferon Gamma Response	0.4052572644887071	1.1689851493121948	0.098	0.30217350848034086	0.972	60/197	25.54%	SRI;ARL4A;PDE4B;NFKBIA;NOD1;ST8SIA4;CMKLR1;NAMPT;BANK1;AUTS2;MARCHF1;HERC6;CASP4;CD86;PTGS2;ISG20;IRF5;PLA2G4A;EIF4E3;STAT4;GCH1;RIPK2;STAT1;EIF2AK2;CASP7;RTP4;IFI44;IL7;SSPN;PFKP;IRF4;ARID5B;RIPK1;BPGM;PSMA2;PLSCR1;TNFAIP3;CASP8;SOD2;IRF8;TRIM14;IRF2;IFIH1;GZMA;JAK2;IFIT3;OAS2;DDX60;PML;EPSTI1;TOR1B;TNFAIP6;MTHFD2;TRIM21;PTPN1;BATF2;MYD88;CD38;STAT3;PNP	MSigDB_Hallmark_2020
prerank	Plasma Membrane Bounded Cell Projection Assembly (GO:0120031)	0.41099194448739984	1.1904959533782749	0.041	0.30263664757083336	1.0	96/268	26.54%	CEP126;CD2AP;BBS7;ANO6;PLK4;CCNO;WDR19;PHIP;ARF6;RAP2B;CPLANE1;DMTN;WDPCP;DYNC2H1;S1PR1;EZR;FNBP1L;TEKT4;TNIK;EMP1;ARL6;CDC14C;SSX2IP;SPAG16;ARL13B;PTPRO;MACIR;RAB23;SEPTIN7;CCDC57;DYNC2I1;RAP1B;ARHGEF7;DNAH5;SCLT1;RAP2A;SNX10;ARHGEF6;DISC1;IQUB;INTU;CENPJ;CARMIL1;IFT74;SDCBP;MBD1;S1PR2;FBXW8;MTSS1;RAPGEF2;CCDC65;MAK;CCDC88A;IFT140;SPATA13;NELL1;GOLPH3;CC2D2A;IFT27;RILPL1;NME8;CCDC28B;FHDC1;MAP4K4;SHTN1;NOTCH1;FUZ;NTN1;KIF3A;CEP164;MKKS;CILK1;RABL2B;ABLIM2;EHD4;ARHGEF4;PCNT;INPP5K;PIBF1;ABLIM1;IFT46;KIF24;SPAG6;DZIP1;ACTR3;RAC1;STK36;IFT172;IFT57;DNAAF1;ARFIP2;TTC36;CCDC96;PMP22;WDR90;ATP6V0D1	GO_Biological_Process_2023
prerank	mTORC1 Signaling	0.3969228612314945	1.1523415364226202	0.12	0.3038917160256945	0.985	50/194	21.36%	MTHFD2L;ME1;TES;ELOVL6;NAMPT;PLOD2;UCHL5;BCAT1;PSMD14;USO1;CXCR4;CYP51A1;HSPD1;GMPS;NFYC;PSMD12;FKBP2;CTSC;SLC7A11;CACYBP;UBE2D3;POLR3G;HSPE1;SERP1;MAP2K3;HSPA4;ACSL3;RDH11;EDEM1;HK2;ELOVL5;DHFR;SLC6A6;DAPP1;NMT1;IFRD1;PGM1;RRM2;NUFIP1;ERO1A;VLDLR;PITPNB;AK4;SEC11A;BTG2;GOT1;ACACA;STC1;GBE1;GLRX	MSigDB_Hallmark_2020
prerank	Proteasomal Protein Catabolic Process (GO:0010498)	0.4102842575247596	1.1910778865941096	0.064	0.3039628532092478	1.0	86/219	31.48%	TBL1XR1;NEDD4L;RHBDD1;PCNP;PMAIP1;MDM2;FBXW7;PSMA6;UBE2W;PSMD14;SOCS6;WWP2;PSME4;PSMD12;FBXL17;AMBRA1;TRIM2;TRIM13;SIRT1;PSMD4;DERL1;USP44;UBE2D3;DDI1;CRBN;KLHDC2;FBXL19;WWP1;RNF139;NHLRC3;TRIM72;KIF14;PLAA;APC2;PPP2R5C;KLHL42;DCAF11;STUB1;CLOCK;MARCHF6;HECTD1;RNF122;UBE3D;PRKN;KAT5;ARRB2;UBXN2A;ATE1;RHOBTB3;SKP2;NFE2L2;PSMA2;UBE2K;CDC34;SPOPL;SEL1L;PSMC1;RNF216;PML;TRIM21;CTNNB1;ENC1;PCBP2;AGAP3;APC;RNF4;CUL3;SPSB4;UCHL1;CUL4A;PSMD6;APPBP2;FBXO9;DTX4;PSMC4;TOPORS;ARMC8;COP1;ERLEC1;MAEA;RNF41;PRPF19;PEX10;RNF185;TRIM9;CUL1	GO_Biological_Process_2023
prerank	Regulation Of Macromolecule Metabolic Process (GO:0060255)	0.41747597819493454	1.1917266731298397	0.097	0.3049290911695821	1.0	62/159	29.61%	FOXP1;CDK6;CGGBP1;PTPRC;TXK;SOX2;RO60;MDM2;PM20D2;GDNF;MTMR2;AFF1;UTY;ZNF407;FUBP1;ATRAID;NPC1;IGF2BP2;ZNF827;ZNF683;ATXN7L3B;APP;HNRNPD;PCBP3;TARDBP;AFF3;TRIML2;TRIM44;KIF16B;NELL1;ZNF462;CRIP1;AFF4;AHR;ST18;ANKRA2;MTMR1;SLC8A1;STX3;NFKBIZ;IHH;NRG1;HNRNPDL;BMI1;TRIM49;TRIM64;HMHB1;TRIM4;ATP1B1;INSM1;PCBP2;CHD7;ALPK2;PROX1;TSKU;HNRNPAB;TRIM49C;NOVA2;HMG20A;HINFP;EDN3;LHX1	GO_Biological_Process_2023
prerank	Ubiquitin-Dependent Protein Catabolic Process (GO:0006511)	0.4103080677534198	1.204651078971933	0.016	0.30508942389522137	1.0	123/359	28.35%	TBL1XR1;UBA6;CHMP2B;FBXL4;CHMP4C;NEDD4L;RNF13;FBXO11;MIB1;PCNP;VPS4B;UBE2D1;RNF149;HERC6;MDM2;FBXW7;PSMA6;UBE2W;PSMD14;UBE2D2;RNF7;HACE1;RNF217;WWP2;PSMD12;FBXL17;AMBRA1;TRIM2;TRIM13;SIRT1;PSMD4;ELOC;USP44;HERC5;NTAN1;UBE2D3;RCHY1;NDFIP2;CRBN;KLHDC2;FBXL19;WWP1;HERC4;ANKIB1;RNF19A;FBXL7;NHLRC3;TRIM72;VPS4A;KIF14;PLAA;APC2;PPP2R5C;KLHL42;NEDD8;TRIM32;DCAF11;STUB1;CLOCK;OS9;UBR3;RNF11;MARCHF6;HECTD1;CHMP4A;RNF122;UBE3D;HERC3;RNF14;PRKN;KAT5;ARRB2;UBXN2A;ATE1;RNF144B;RHOBTB3;CCAR1;SKP2;CHMP5;NFE2L2;PSMA2;UBE2K;RNF111;CDC34;SPOPL;TNFAIP3;RNF25;RNF150;TOLLIP;FBXO8;UBE2E1;PSMC1;RNF216;MARVELD3;PML;TRPC4AP;CHMP7;RC3H2;TGFB1I1;CTNNB1;MYLIP;PCBP2;AGAP3;APC;UBE2D4;AMFR;CHMP6;VPS37A;RNF4;CUL3;SPSB4;UCHL1;CUL4A;HERPUD1;NUB1;RNF168;PSMD6;RNF146;OTUD7B;KLHL8;APPBP2;CHMP3;FBXO9	GO_Biological_Process_2023
prerank	Cytosolic Transport (GO:0016482)	0.42468959606852447	1.2023507920899903	0.10510510510510511	0.3063626834725978	1.0	28/122	17.61%	SNX16;EEA1;EVI5;SNX6;RAB5A;PIP4K2A;CLN5;VPS54;RGP1;DCTN1;HOOK1;PIK3C3;VPS13C;VPS26A;STX6;VPS50;HEATR5B;PHETA2;VTI1B;HEATR5A;RAB6A;PIKFYVE;RAB6B;DENND2A;PHETA1;KIF16B;RAB9B;RHOBTB3	GO_Biological_Process_2023
prerank	Inorganic Cation Transmembrane Transport (GO:0098662)	0.41195818242265214	1.1931954637287525	0.034	0.30676276384159423	1.0	97/279	26.79%	SLC12A2;KCNK2;PKD2;SLC4A4;ANO6;TRPC4;DMAC2L;TRPC1;SLC39A8;KCNC2;TRPC6;SCN9A;KCNN2;ITGAV;SLC30A10;SLC4A8;SLC39A10;TRPC3;SLC1A3;TRPV1;COX15;SLC6A15;SLC9C1;SLC6A19;KCNA4;ATP6V1C1;MCOLN3;SLC9A9;MCOLN2;CACNB1;NALCN;KCNH7;ATP2C2;ATP6V1H;P2RX3;KCNF1;SLC40A1;SLC41A2;KCNG3;KCNH8;SLC6A17;KCNB2;SLC9A8;SLC6A6;SCN3B;TRPM3;KCNK18;SLC11A2;TRPA1;SLC9A2;SLC8A3;KCNV1;ATP1A1;SLC9A3;HCN1;TRPM4;SCN4B;SLC6A12;SLC24A2;ATP6V0A1;GAS6;KCNK1;KCNJ2;SLC8A1;ATP6V1E1;SLC6A2;SCN2A;SCN10A;TRPC5;ATP1A3;KCNG2;CLU;HPN;TCIRG1;TRPM6;KCNA5;ATP6V1A;NNT;CACNG1;KCNE2;KCNK10;TRPC4AP;SLC36A2;KCNS3;SLC24A1;LRRC26;CACNA1C;ABCC9;ATP1B1;KCNK5;SLC6A13;TMCO1;SLC9A1;ATP6V0E2;ATP6V0D1;SLC30A8;TPCN2	GO_Biological_Process_2023
prerank	Estrogen Response Early	0.3979685616342443	1.1466480254222382	0.138	0.30686184543058903	0.989	49/195	20.99%	NPY1R;MPPED2;WWC1;PGR;SYBU;NRIP1;ELF1;TPBG;MYBL1;BCL2;PMAIP1;AREG;MREG;TPD52L1;CALCR;NAV2;PRSS23;RETREG1;AFF1;LAD1;TBC1D30;FOXC1;SNX24;MYB;RARA;CD44;SLC7A2;IGFBP4;IGF1R;ELOVL2;ELOVL5;TTC39A;BCL11B;FRK;SLC1A1;NCOR2;TIPARP;RHOBTB3;RBBP8;ELF3;DHRS3;GAB2;ABCA3;RAPGEFL1;SEMA3B;GFRA1;SLC22A5;FCMR;FOS	MSigDB_Hallmark_2020
prerank	Positive Regulation Of Autophagy (GO:0010508)	0.4255158951222273	1.1951601685461961	0.14646464646464646	0.30707963935548965	1.0	43/103	28.20%	EPM2A;TP53INP1;SH3GLB1;LRRK2;TRIM13;PLK2;FOXO3;PRKAA1;SIRT1;TRIM34;TFEB;DCN;WAC;RB1CC1;SH3BP4;KDR;RNF152;SCOC;PRKD1;TRIM32;STING1;PRKN;USP20;MTDH;KAT5;TMEM59;SESN1;IFNG;TSC2;SESN3;CCNY;TRIM38;ATG13;LARP1;FOXO1;TRIM21;PAFAH1B2;TBK1;BAD;ROCK1;TRIM8;DAPK1;IL4	GO_Biological_Process_2023
prerank	Calcium Ion Homeostasis (GO:0055074)	0.42513383200608074	1.1921352115866202	0.1267605633802817	0.3072412425987655	1.0	30/100	25.79%	CAV1;TMTC2;ANK2;SNCA;STIM1;STIM2;PKHD1;GCM2;TPT1;SELENON;TNNI3;ATP2C2;EDNRA;ATP13A5;ATP13A2;ATP13A3;TRPA1;SLC8A3;EDN1;CIB2;RYR2;SLC24A2;SLC8A1;STC1;RMDN3;ATP13A4;SLC24A1;SLC10A7;ATP1B1;CASR	GO_Biological_Process_2023
prerank	Protein Modification By Small Protein Conjugation (GO:0032446)	0.4101355052015696	1.1971076160686553	0.021	0.30733616429736194	1.0	133/354	28.45%	UBA6;ATG10;NEDD4L;PCMTD1;CAND1;TRIM61;DCUN1D1;FBXO11;MIB1;PCNP;RNF183;SH3RF1;LMO7;ASB5;HERC6;MDM2;FBXW7;UBA3;FBXL5;UBE2D2;TRIM60;PDZRN3;RNF7;ZNF451;HACE1;WWP2;FBXL17;RNF44;TRIM13;UBE2N;COPS2;SIRT1;ZMIZ2;UVSSA;ELOC;TRIM62;HERC5;DTX2;UBE2D3;RCHY1;CRBN;WWP1;FBXL3;FBH1;RNF138;HERC4;FBXO32;FBXL7;RNF139;RNF152;TRIM72;UBE2E2;TRIM47;RNF220;UBA5;NEDD8;TRIM32;ATG3;STUB1;OS9;UBR3;FBXO4;COPS7B;CDK5RAP3;MARCHF6;FBXW8;HERC3;RNF14;PRKN;TRIML2;MKRN1;TRIM44;MIB2;ARRB2;TRPM4;RNF181;BARD1;HDAC9;CCAR1;CBLL1;NFE2L2;LOC122319436;SENP1;RNF111;BIRC6;CDC34;HECW2;UBE2V2;TRIM14;RNF103;USP7;RNF25;UCHL3;FBXO24;IFIH1;ANAPC16;COPS6;DCUN1D4;UBE2E1;TRIM54;MARVELD3;PML;MARCHF3;TRIM15;TRIM49;TRPC4AP;TRIM33;TRIM10;UHRF2;GAN;TRIM64;TRIM21;MGRN1;ENC1;MYLIP;TRIM4;RNF157;UBE2D4;CUL9;FBXL2;CUL3;SPSB4;SMC6;CUL4A;NUB1;RNF168;TRIM49C;OTULIN;EIPR1;KLHL8;FBXO9;TRIM24;DTX4	GO_Biological_Process_2023
prerank	Adenylate Cyclase-Modulating G Protein-Coupled Receptor Signaling Pathway (GO:0007188)	0.41692722765844215	1.1862035988181494	0.083	0.30791225157996205	1.0	55/160	28.61%	ADGRG6;NPY1R;PTGER3;PTH2R;HTR1F;AKAP12;ADGRB3;ADGRL2;MTNR1A;RIMS2;TSHR;CALCR;ADGRF5;GPR37;ADGRL3;PRKACB;SCTR;PTGFR;ADRA1B;PTGER2;ADGRG1;ADM2;RAMP3;ADGRL4;CNR1;ADCY8;ADCY2;CCR3;ADCY7;ADGRE5;MC5R;CALCRL;OXER1;GPR157;GNAO1;ADCYAP1;IAPP;ADGRG7;ADCY6;GPR37L1;GNAS;ADGRB1;ADRB2;TBXA2R;GNA12;GNA14;LHCGR;GABBR1;GNAQ;MC4R;ADCY9;OPRK1;CALCA;CRHR2;ADCY5	GO_Biological_Process_2023
prerank	Positive Regulation Of Transferase Activity (GO:0051347)	0.4212969258644984	1.193857661769908	0.07622868605817452	0.3079480970108794	1.0	41/137	25.08%	DCUN1D1;HMBOX1;GINS2;FGFR4;NEK7;FBXW7;XRCC5;PRIM2;HNRNPA2B1;UBE2N;ERBB4;MRE11;MUSK;PKIB;MET;IGF2;KDR;PDGFRA;IGF1R;HNRNPD;NTRK1;SERINC5;RAD50;FGFR1;MAP3K4;FLT3;HSP90AB1;MERTK;ARRDC3;NBN;RFC2;DCUN1D4;AGTR1;ROR1;BMI1;EPHA2;NTRK3;GINS4;FGFR2;CTNNB1;ERBB2	GO_Biological_Process_2023
prerank	Regulation Of Protein Ubiquitination (GO:0031396)	0.4247031393713889	1.1959469659359665	0.11345381526104417	0.3079582072606253	1.0	28/106	19.89%	CAV1;BCL10;DCUN1D1;SASH1;UBE2D1;FBXW7;LRRK2;UBE2N;DERL1;SPRY2;RCHY1;NDFIP2;HDAC3;RIPK2;AKT1;BAG2;IVNS1ABP;STUB1;FBXO4;CDK5RAP3;MALT1;PRKN;ARRB2;HSP90AB1;PTTG1IP;HSPBP1;SPOPL;TNFAIP3	GO_Biological_Process_2023
prerank	Potassium Ion Transmembrane Transport (GO:0071805)	0.4229527105424177	1.1973017290400654	0.10932798395185557	0.3105888676385924	1.0	47/136	25.65%	KCNT2;SLC12A2;KCNK2;PKD2;KCNC2;KCNN2;SLC1A3;SLC9C1;KCNA4;SLC9A9;SLC12A8;NALCN;KCNH7;KCNF1;KCNG3;KCNH8;KCNB2;SLC9A8;KCND3;KCNK18;SLC9A2;KCNV1;ATP1A1;SLC9A3;HCN1;SLC24A2;KCNK1;KCNJ2;KCNJ14;KCNJ5;ATP1A3;KCNG2;HPN;KCNA5;KCNE2;KCNJ3;KCNK10;SLC12A9;KCNS3;SLC24A1;LRRC26;ABCC9;ATP1B1;KCNK5;KCNIP2;KCNJ12;SLC9A1	GO_Biological_Process_2023
prerank	Response To Lipid (GO:0033993)	0.4272657585632807	1.200261012537705	0.12588116817724068	0.3106460794790346	1.0	37/108	25.46%	HMGB2;FOXP1;ILDR1;TNFRSF11A;FGFR4;VPS4B;GATA6;SNCA;FOXO3;SPP1;IL12A;CD36;GCH1;PAQR8;TAB2;CPS1;RARA;ALAS1;FBXO3;NOCT;SOCS2;IL1B;LIAS;PALM3;PTPN22;STRN3;OTUD5;PPARG;EHHADH;POLR2D;JAK2;NKX3-1;FOXO1;CTNNB1;F2R;STAT3;TRIB1	GO_Biological_Process_2023
prerank	Inflammatory Response	0.40103631039837206	1.1556899316548794	0.106	0.31066989238341536	0.984	46/197	18.87%	ATP2B1;TACR3;SRI;PDE4B;NFKBIA;DCBLD2;CD55;SLC4A4;CXCL6;CMKLR1;NAMPT;TPBG;SEMA4D;NPFFR2;OSMR;ABCA1;LAMP3;MET;ITGA5;GCH1;F3;RIPK2;EIF2AK2;ITGB8;SLC7A2;RTP4;PTGER2;PIK3R5;IL1B;IL1R1;CD82;IL18R1;SLC1A2;MMP14;MSR1;SGMS2;SLC11A2;EDN1;HRH1;CALCRL;TLR2;RNF144B;KCNMB2;AHR;KCNJ2;BTG2	MSigDB_Hallmark_2020
prerank	Adenylate Cyclase-Activating G Protein-Coupled Receptor Signaling Pathway (GO:0007189)	0.42635205519685465	1.1991350723974998	0.11746987951807229	0.31119041311689594	1.0	40/108	28.61%	ADGRG6;PTGER3;ADGRB3;ADGRL2;TSHR;CALCR;ADGRF5;ADGRL3;DRD2;GNG2;PTGFR;ADRA1B;PTGER2;ADGRG1;ADM2;RAMP3;ADGRL4;ADCY8;ADCY2;ADCY7;RAPGEF2;ADGRE5;MC5R;CALCRL;GPR157;ADCYAP1;IAPP;ADGRG7;ADCY6;GNAS;ADGRB1;ADRB2;TBXA2R;LHCGR;GNAQ;MC4R;ADCY9;ADRB1;CALCA;ADCY5	GO_Biological_Process_2023
prerank	p53 Pathway	0.4046251149418797	1.1604899727712825	0.09509509509509509	0.3113372820555602	0.98	78/195	31.17%	HSPA4L;ERCC5;LDHB;TM4SF1;RAP2B;MDM2;FBXW7;TPD52L1;SDC1;ZMAT3;PLK2;FOXO3;SLC7A11;PIDD1;KIF13B;RCHY1;HDAC3;CDKN2AIP;PTPN14;WWP1;JUN;SLC35D1;PHLDA3;STOM;SEC61A1;S100A4;CD82;APP;ST14;CDKN2A;TP63;FAM162A;TSC22D1;IRAG2;GADD45A;SESN1;CYFIP2;ANKRA2;BTG2;RHBDF2;STEAP3;ATF3;EPHX1;SERPINB5;SP1;FOS;TPRKB;NOTCH1;HBEGF;EPHA2;TGFA;NOL8;CCND2;F2R;HINT1;RPS12;DDB2;S100A10;NDRG1;SPHK1;CDK5R1;RRAD;CD81;DRAM1;CTSF;CGRRF1;CCNG1;EPS8L2;PLXNB2;PERP;SLC19A2;BTG1;IER5;ABCC5;BMP2;TCHH;TOB1;FAS	MSigDB_Hallmark_2020
prerank	Regulation Of Cell Migration (GO:0030334)	0.41010665387393214	1.1979036500660434	0.011	0.3119830976844748	1.0	169/421	30.47%	TMEFF2;CAV1;CTNNA2;BRMS1L;LAMC2;FGF2;PDCD10;SFRP2;PDGFD;SLIT2;SULF1;IGSF10;CPNE3;TP53INP1;MAGI2;SASH1;RAP2B;SEMA4D;NTNG1;ROBO1;PPP3CA;SEMA3E;RUFY3;SEMA5A;NAV3;AMOTL1;SEMA3D;CITED2;CXCR4;PDGFC;PRKX;HACE1;LIMCH1;MYOC;DOCK10;EPHA4;FOXO3;MCTP1;SYNE2;PTEN;ERBB4;FYN;ARID4B;DRD2;TET1;PLAU;SPRY2;SERPINE2;DNAI3;DACH1;AKT1;HDAC2;EMILIN1;RAP2A;LDB1;TWIST1;KDR;TBCCD1;LDB2;PDGFRA;SMIM22;CLDN4;KIF14;CARMIL1;ARPIN;IGF1R;SDCBP;TRIM32;IL1B;HGF;COL1A1;RELN;NF1;ARSB;EMILIN2;MMP14;RIPOR1;PLXNC1;SAP30;CLIC4;ELP5;NTF3;APLP2;ADARB1;KIF2A;EDN1;TMSB15A;DAG1;SPATA13;ARID2;CAMSAP3;CCAR1;CBLL1;SEMA4F;CCNA2;ACVRL1;FGF5;PRR5L;CNTN1;ITGAX;SMO;CASS4;MACF1;MITF;SOD2;STC1;DLG5;SEMA3B;MAP4K4;FRMD5;NOTCH1;HBEGF;FUZ;TCAF1;SEMA4C;RDX;NTNG2;LRRC15;MEAK7;TJP1;EPHA2;NTRK3;SRGAP1;CAMK2B;ACTG1;NKX2-1;PDGFB;LMNA;TRADD;SGK3;SEMA3C;F2R;PAK1;SEMA5B;PHACTR1;CDH11;STAT3;GNA12;APC;FGF19;RAC1;SPHK1;CIB1;ROCK1;FZD4;SEMA3F;RHOB;LEF1;SINHCAF;FERMT2;LAMB1;ACVR1;SEMA6D;IL4;SST;SEMA4B;BEX4;RBBP7;DPYSL3;ROR2;TIAM1;CSF1R;PLXNB2;THBS1;CSF1;PDGFRB;VCL;RNF41;CTSH	GO_Biological_Process_2023
prerank	Regulation Of Signal Transduction (GO:0009966)	0.40991173536700104	1.1841163825440442	0.0990990990990991	0.3130584874625051	1.0	55/187	22.20%	CD55;KCTD8;MDFIC;SULF1;PHIP;CDK13;ZDHHC17;LRRK2;SEMA5A;GDNF;CD24;FBXL17;SIRT1;FYN;CD36;HHIP;SH3TC2;CDKN2AIP;RORA;ZIC1;NUCKS1;LURAP1L;PLCB1;INTU;KCTD12;YWHAG;PLCE1;IGFBP4;HOMER1;PRKD1;SOCS2;APP;RGS6;RGS7;FOXL1;NCAM1;USP20;SLC8A3;TCF7L1;VEPH1;NELL1;RGS11;ADCYAP1;PLSCR1;PIGBOS1;SIK2;TSC2;GRK1;PTCH1;CLU;IRAK2;RIC8B;FUZ;CDC42SE2;RGS8	GO_Biological_Process_2023
prerank	Heart Development (GO:0007507)	0.41153033821181234	1.1825746174343155	0.08	0.31576837518934603	1.0	58/168	26.93%	SRI;NIPBL;PKD2;PDLIM5;FGF12;TGFBR3;PHIP;MEF2C;MEF2A;FLRT2;CITED2;TGFBR2;BMPR2;ZFPM2;PTEN;ERBB4;FN1;TBXT;CACYBP;BMP7;WT1;UTY;FOXC1;POU4F2;TNNI3;TAB2;POU4F1;NKX2-5;TGFB2;PLCE1;GJA5;PTPN11;NF1;ISL1;BMP4;FOXL1;PCSK5;CRIP1;HDAC9;ACVRL1;SALL1;NKX2-6;TSC2;CASP8;POLR2D;NOTCH1;PDLIM4;APELA;MKKS;NTRK3;PDGFB;CACNA1C;DZIP1;CER1;HAND1;SYNPO2L;CHD7;ALPK2	GO_Biological_Process_2023
prerank	Protein Ubiquitination (GO:0016567)	0.40245071755597794	1.1795506416535135	0.02	0.3206256908281452	1.0	154/423	28.45%	UBA6;PEX2;KBTBD8;NEDD4L;PCMTD1;CAND1;RNF13;TRIM61;FBXO11;SASH1;MIB1;PCNP;MARCHF1;BCL2;RNF183;SH3RF1;UBE2D1;LMO7;ASB5;HERC6;MDM2;FBXW7;UBE2W;FBXL5;UBE2D2;DZIP3;TRIM60;PDZRN3;RNF7;HACE1;RNF217;WWP2;FBXL17;RNF44;AMBRA1;TRIM2;TRIM13;UBE2N;SIRT1;TRIM34;FANCL;UVSSA;ELOC;TRIM62;HERC5;DTX2;UBE2D3;RCHY1;CRBN;WWP1;FBXL3;FBH1;RNF138;HERC4;ANKIB1;RNF19A;FBXO32;FBXL7;RNF139;RNF152;NHLRC3;TRIM72;RAG1;PELI2;TRIM47;RNF220;KLHL42;NEDD8;TRIM32;ATG3;STUB1;OS9;UBR3;FBXO4;RNF11;MARCHF6;UBE2J1;FBXW8;RNF122;UBE3D;HERC3;RNF14;TNKS2;PRKN;TRIML2;MKRN1;TRIM44;MIB2;ARRB2;RNF181;BARD1;RNF144B;TRIM56;FANCC;CCAR1;CBLL1;NFE2L2;LOC122319436;UBE2K;RNF111;BIRC6;CDC34;HECW2;UBE2V2;TRIM14;RNF103;USP7;RNF25;TRIM38;UCHL3;FBXO24;ANAPC16;LNPEP;UBE2E1;TRIM54;MARVELD3;MARCHF3;TRIM15;TRIM49;TRPC4AP;TRIM33;TRIM10;UHRF2;GAN;RC3H2;TRIM64;TRIM21;MGRN1;CTNNB1;ENC1;MYLIP;TRIM4;RNF157;TRAF6;DDB2;UBE2D4;AMFR;CUL9;FBXL2;FAAP20;RNF4;CUL3;SPSB4;CUL4A;NUB1;RNF168;RNF146;TRIM49C;OTULIN;EIPR1;KLHL8;FBXO9;TRIM24;DTX4	GO_Biological_Process_2023
prerank	Apoptotic Process (GO:0006915)	0.4094404880781489	1.1786710325743623	0.075	0.3207395197619956	1.0	79/222	27.34%	PAWR;NFKBIA;PIK3CA;BCL2;PMAIP1;NCKAP1;MAGI3;MDM2;GML;EFNA5;CASP4;CXCR4;HSPD1;TGFBR2;EMP1;GZMB;PIDD1;BRAT1;BCL2L14;TNFRSF21;AHCYL1;RIPK2;AKT1;RTN4;CASP7;ARHGEF6;TNFRSF19;JADE1;RNF152;NDUFS1;DIABLO;HK2;HIP1;IL1B;APP;TP63;IL17A;FAM162A;RIPK1;CSRNP1;STK4;AIFM2;TLR2;SEMA6A;FASTKD2;GADD45A;IAPP;PAX3;PLSCR1;AHR;CYFIP2;IFNG;TSC2;THOC1;CASP2;ERCC3;BCL2L13;PRUNE2;CASP8;SCN2A;RRAGC;TRPC5;GZMA;BNIP2;TNFRSF10A;JAK2;YARS1;FOXO1;GAPDH;TRADD;MYD88;NOTCH2;IFT57;AIFM1;PMP22;BAD;CIB1;RHOB;CFLAR	GO_Biological_Process_2023
prerank	Negative Regulation Of Intracellular Signal Transduction (GO:1902532)	0.4093936550593108	1.1802726890068567	0.072	0.3212892937113127	1.0	88/225	29.80%	CAV1;PDE11A;WWC1;CD2AP;EPM2A;BANK1;SLIT2;DUSP16;MAGI2;SLC39A8;BCL2;MDM2;PDE4D;TRIM60;PKHD1;WWC2;CYLD;PTEN;FNIP1;PRKAA1;SIRT1;DRD2;BMP7;PPM1B;PPM1N;PBLD;STAT1;MAP2K3;RORA;TSC1;CCN3;TWIST1;RHOH;SH3BP4;PRDM15;DGKG;IGF1R;PHLDA3;RTKN2;TANK;NF1;DUSP26;RIPK1;USP20;DAG1;TRIM59;VEPH1;TLE1;ARRB2;TNIP3;HYAL2;HDAC9;DUSP4;PPARA;TSC2;CDC34;PPARG;NR1H4;TNFAIP3;CASP8;WTIP;DLG5;PDE10A;ADIPOR1;SORD;EPHA2;TRIM15;INPP5K;LRP1;MGRN1;TNFAIP8L1;LYN;CILP;NUAK2;CIB1;HERPUD1;DUSP6;OTUD7B;DGKD;MAPKBP1;C1QTNF3;VGLL4;GSTP1;HLA-G;NLRP2;NLRC3;THBS1;SPRED1	GO_Biological_Process_2023
prerank	Double-Strand Break Repair Via Homologous Recombination (GO:0000724)	0.4168397932458609	1.1769394348584459	0.14859437751004015	0.3242695894437849	1.0	43/110	29.23%	NIPBL;ERCC5;GINS2;PSMD14;LIG3;GEN1;FANCM;EPC1;UBE2N;INO80;MRE11;REV3L;MCM3;NUCKS1;RECQL;FBH1;RNF138;SPIDR;NPC1;SLX4;MMS22L;NABP1;KAT5;RBBP8;MCM6;RAD21L1;RAD52;WDR48;NBN;ZFYVE26;MCM9;GINS4;RAD51B;XRCC1;SMC6;RNF169;CDC7;RECQL5;HELQ;MCM7;RAD21;AUNIP;RMI1	GO_Biological_Process_2023
prerank	Regulation Of Protein Phosphorylation (GO:0001932)	0.4058285893092833	1.175457064618422	0.068	0.32643867955934586	1.0	85/257	25.63%	EPHA7;FGF2;P2RY1;SLIT2;LEPR;PHIP;SEMA4D;NDUFS4;LRRK2;GRM5;EFNA5;VEGFC;BMPER;LIMCH1;SH3GL2;TNIK;PTEN;FNIP1;ERBB4;SIRT1;FN1;FYN;PGF;BRAT1;BMP7;MUSK;IGF2;PLPP3;HDAC3;AKT1;RAP2A;RB1CC1;SLCO3A1;FBH1;KDR;WWTR1;PLCE1;PELI2;MOB1A;PTPN13;IL1B;HGF;APP;RELN;NTRK1;CDK5RAP3;MT3;BMP4;MOB2;THPO;CSNK1D;TARDBP;RIPK1;PRKN;CRKL;DNAJC10;CCDC88A;IMPACT;STK4;CCDC88C;CCNA2;GAS6;FGF5;PRR5L;CCNY;NRG1;FLOT1;ACVR2A;RALB;SORD;NKX3-1;NTRK3;INPP5K;CCND2;TTN;BST1;DVL3;PAK1;MOB1B;ERBB2;LYN;INSM1;FGF19;RAC1;MOB3B	GO_Biological_Process_2023
prerank	Positive Regulation Of Cellular Biosynthetic Process (GO:0031328)	0.4088691182720837	1.1738153112881193	0.122	0.32974342587329175	1.0	60/171	25.39%	FGF2;TLR6;PKD2;ELAVL1;YTHDF1;FGFR4;SSB;SNCA;ZEB2;DDAH1;PTGS2;DYRK2;LPGAT1;PRR16;SIRT1;CD36;IGF2;AKT1;PIWIL2;MLXIPL;ARPP19;SORBS1;METTL14;ELOVL5;IL1B;HGF;HNRNPD;UPF3A;EIF4A3;SAMD4A;IRS1;NMD3;LARP1B;EDN1;KAT5;MFSD2A;NAT10;GUF1;GUCY2C;IFNG;RPS6KB1;HSP90AB1;PLD1;PPARGC1A;NR1H4;ZNF205;LARP1;CLU;CXCL8;AVPR1B;SLC45A3;PDGFB;FOXO1;METTL3;PCIF1;ASIP;CTNNB1;ERBB2;CDH3;DUOXA1	GO_Biological_Process_2023
prerank	Positive Regulation Of Multicellular Organismal Process (GO:0051240)	0.4012418389426215	1.171664977845341	0.041	0.3346873103131164	1.0	146/381	29.72%	CAV1;BRMS1L;FGF2;PTH2R;BMPR1B;ALX1;ELOVL6;CMKLR1;LEPR;TNFRSF11A;TXK;TSHR;FST;CADM1;NCOA2;CXCR4;MAP3K13;GATM;SMAD4;NMBR;PDGFC;GDNF;FFAR4;ESRRG;TGFBR2;ZNF516;GHSR;ACTL6A;BMPR1A;BMPR2;PRKAA1;SIRT1;SPP1;DIO2;ARID4B;TET1;PLA2R1;FABP5;CD36;CRH;TMEM64;FOXC1;TLE6;CACNB1;HDAC3;FOXD1;FGA;EIF2AK2;HDAC2;RTN4;PLCB1;KDM3A;TWIST1;TNFSF11;NR2C2;TGFB2;WWTR1;LPIN1;IGF1R;SDCBP;HADHA;UTP25;GRB10;IL1B;COL1A1;PTPN11;IRF4;OMA1;BMP4;SAP30;APLP2;PTN;ACADL;NKX6-1;IL17F;NELL1;TRPM4;GHRL;DBH;ADCYAP1;GAS6;EZH2;IFNG;ITGAX;SMO;GLIPR2;PPARGC1B;DECR1;PPARG;PPARGC1A;PRL;EHHADH;ACSL1;ADIPOR1;HILPDA;FLOT1;IFI16;BTN3A1;APELA;JAK2;GNAS;CACNG1;EHMT1;RPS19;REST;ADRB2;AVPR1B;BSCL2;IL20;TBXA2R;INPP5K;ESRRB;PDGFB;GAPDH;LRP1;CLEC9A;GRP;TGFB1I1;PPIB;CTNNB1;F2R;APC;NIBAN2;BAD;EBF2;ROCK1;TSKU;LEF1;MC4R;AGPAT1;EREG;SINHCAF;PLEKHM1;FERMT2;ACVR1;ADRB1;DYNC1H1;IL4;C1QTNF3;RBBP7;TIAM1;HLA-G;OLFM1;RBM19;LHX1;TMIGD2	GO_Biological_Process_2023
prerank	Intracellular Monoatomic Cation Homeostasis (GO:0030003)	0.40683925732032666	1.1707055290179231	0.101	0.33497372307403855	1.0	60/187	27.18%	CAV1;SLC12A2;SLC30A7;ANK2;SLC39A8;FTMT;FBXL5;STIM1;SMAD4;STIM2;SLC30A10;PKHD1;SLC39A10;PICALM;GCM2;TPT1;TNNI3;F3;ATP2C2;EDNRA;ATP13A5;TMEM199;SLC40A1;GDF2;APP;CCDC115;MT3;SLC30A9;ATP13A2;ATP13A3;SLC11A2;TRPA1;BOLA2;SLC8A3;EDN1;ATP7B;ATP1A1;RYR2;SLC24A2;KCNJ2;TMPRSS6;SLC8A1;FRRS1;STC1;ATP1A3;CYBRD1;RMDN3;CP;ATP6V1A;ATP13A4;SLC24A1;SLC10A7;ATP1B1;SLC9A1;CLDN16;CASR;ATP6V0D1;SLC30A8;TPCN2;BMP6	GO_Biological_Process_2023
prerank	Potassium Ion Transport (GO:0006813)	0.41356066574636746	1.1654980180471723	0.15731462925851702	0.3494185721749245	1.0	42/122	25.65%	KCNK2;PKD2;KCNC2;KCNN2;SLC1A3;KCNAB1;SLC9C1;KCNA4;SLC9A9;NALCN;KCNH7;KCNF1;KCNG3;KCNH8;KCNMB3;KCNB2;SLC9A8;KCND3;KCNK18;SLC9A2;KCNV1;SLC9A3;HCN1;SLC24A2;KCNMB2;KCNK1;KCNJ2;KCNJ5;KCNG2;HPN;KCNA5;KCNE2;KCNJ3;KCNK10;KCNS3;SLC24A1;LRRC26;ABCC9;KCNK5;KCNIP2;KCNJ12;SLC9A1	GO_Biological_Process_2023
prerank	Cytoskeleton Organization (GO:0007010)	0.413538187849125	1.1656692616958102	0.17842741935483872	0.3522411011477408	1.0	29/109	20.29%	PCLO;PRPF40A;ARHGAP21;PHIP;SH3D19;DIAPH3;RICTOR;DMTN;WDPCP;KRT76;SH3KBP1;TNIK;DIAPH1;DES;ANK1;KRT4;RANBP9;PALLD;PLD2;PLCE1;EPB41L3;DST;ZMYM3;WASF3;SEMA6A;TNFAIP3;WTIP;FITM2;SYNE3	GO_Biological_Process_2023
prerank	Regulation Of JNK Cascade (GO:0046328)	0.412249557605202	1.16306116844695	0.16464646464646465	0.3561483122686071	1.0	36/108	22.78%	CCN2;MDFIC;TGFBR3;MECOM;SH3RF1;TPD52L1;ANKRD6;WNT16;CYLD;TNIK;FCGR2B;SEMA3A;HDAC3;RAP2A;PLCB1;TNFRSF19;DACT1;IGF1R;SDCBP;IL1B;APP;TRAF3;EPHB1;MTURN;RIPK1;PRKN;MAP3K5;GADD45A;RASSF2;MAP4K4;DUSP19;NCOR1;TRAF1;FZD7;MBIP;MARVELD3	GO_Biological_Process_2023
prerank	Positive Regulation Of Cellular Catabolic Process (GO:0031331)	0.40565451521144874	1.1613873486494324	0.14859437751004015	0.35990481913528904	1.0	41/141	20.69%	SLC4A4;GRSF1;TP53INP1;SH3D19;ZBTB20;SH3GLB1;SNCA;LRRK2;LIN28B;AMBRA1;PLK2;FOXO3;PRKAA1;TRIM34;CNOT7;TFEB;DCN;MLXIPL;RB1CC1;TWIST1;SH3BP4;RNF152;PRKD1;TRIM32;ABCD2;IL1B;APP;IRS1;ZC3HAV1;USP20;MTDH;KAT5;TMEM59;SNX9;PRR5L;IFNG;SNX33;PPARA;CCNY;TRIM38;ATG13	GO_Biological_Process_2023
prerank	Negative Regulation Of Multicellular Organismal Process (GO:0051241)	0.4030039117377789	1.1598709438205526	0.087	0.3632342799855462	1.0	66/225	22.78%	ATP2B1;BRMS1L;ELAPOR2;SPRY1;LAMA4;WWC1;RBPJ;SFRP2;PHF14;MEF2C;ROBO1;HOXA7;CYP51A1;FFAR4;WWC2;EPHA4;BMPR2;FCGR2B;PTEN;IFNGR1;ARID4B;TET1;LGR4;PTPRO;SPRY2;ACVR1C;PFN2;HDAC2;EMILIN1;TWSG1;PON1;TLE3;NFIB;DOCK7;USF3;IL1B;CHSY1;IL18R1;BMP4;CRHBP;NPR3;SAP30;PTPRR;PLCL2;REG3A;TACSTD2;HDAC9;GAS6;IFNG;PROC;ARRDC3;NR1H4;SRSF6;STC1;NOVA1;IP6K1;PTCH1;NOTCH1;ADIPOR1;HPN;LNPEP;BTN2A2;ZNF706;NKX3-1;RPS19;MARVELD3	GO_Biological_Process_2023
prerank	Pperoxisome	0.4000981499498715	1.1259634809270092	0.23517587939698492	0.36445037679708575	0.995	37/103	26.69%	CAT;BCL10;PEX2;IDE;VPS4B;ESR2;ABCB9;CADM1;ABCB4;HSD17B11;ABCD3;PEX13;CTBP1;RDH11;ABCD2;ELOVL5;HSD17B4;CACNA1B;DHRS3;IDH2;ERCC3;EHHADH;SOD2;ACOT8;ACSL1;ACOX1;ALB;MSH2;PABPC1;SERPINA6;NR1I2;NUDT19;SEMA3C;GNPAT;IDH1;ABCB1;PEX11B	MSigDB_Hallmark_2020
prerank	Negative Regulation Of Protein Phosphorylation (GO:0001933)	0.40358321110152623	1.1586468357004094	0.14156626506024098	0.36494526184409437	1.0	58/148	28.34%	CAV1;CNKSR3;SFRP2;SLIT2;PTPRC;SEMA4D;SNCA;LRRK2;DMTN;PDE4D;SH3GL2;TARBP2;PTEN;SPRY2;PLPP3;SNX25;AKT1;EMILIN1;MLXIPL;PRKAG2;WWTR1;YWHAG;PTPN13;NF1;DNAJC3;CDK5RAP3;ENPP1;NTF3;TARDBP;PRKN;CRKL;DNAJC10;IMPACT;SAMSN1;RASSF2;PRR5L;TSC2;PPARG;PDPK1;DUSP19;SORD;DBNDD1;NTRK3;PRKCZ;INPP5K;LRP1;LYN;INSM1;TRIB1;ATG14;CIB1;GNAQ;EIF4G1;PPP1R15B;PARD3;CALM3;NIBAN1;MVP	GO_Biological_Process_2023
prerank	Mitotic Sister Chromatid Segregation (GO:0000070)	0.4126949446981148	1.154479755772039	0.16398390342052313	0.37206049774077604	1.0	42/109	32.01%	MZT1;CHMP2B;MAP9;CHMP4C;NCAPG;VPS4B;INO80;NDC80;SGO1;VPS4A;KIF14;SMC3;CENPE;CHMP4A;KIF2A;MISP;BOD1;SMC2;SMC1A;CHMP5;ZWINT;NCAPD3;BCCIP;ANKRD53;CHMP7;TTN;PIBF1;RAB11A;DCTN2;SPAG5;PHF13;CHMP6;CUL3;ABRAXAS1;WAPL;CHMP3;KMT5A;KNSTRN;SPDL1;STAG2;TUBG2;CCDC61	GO_Biological_Process_2023
prerank	Positive Regulation Of MAPK Cascade (GO:0043410)	0.39947337841009084	1.15601414356157	0.06606606606606606	0.3724724330500165	1.0	111/301	29.78%	FGF2;CCN2;WWC1;DOK6;RIT2;PDCD10;P2RY1;PDGFD;PTPRC;FGFR4;MEF2C;SOX2;ROBO1;FBXW7;TPD52L1;LRRK2;CAV2;CALCR;NEK10;SLC30A10;BMPER;PDGFC;FFAR4;CD24;GPR37;ERBB4;SPRY2;CD36;MUSK;ALKAL1;IGF2;FGA;EIF2AK2;OPRM1;MAP4K1;DOK3;TNFSF11;CD44;KDR;TGFB2;ADRA1B;PDGFRA;PLCE1;PELI2;PIK3R5;RAMP3;IGF1R;IL1B;APP;PTPN11;NTRK1;MT3;FSHR;BMP4;NTF3;THPO;FGFR1;PTPN22;MTURN;FLT3;EDN1;RAPGEF2;CRKL;NELL1;ARRB2;GHRL;ARL6IP5;CCL4;ADCYAP1;GSDME;IAPP;GAS6;EZH2;GLIPR2;DUSP19;GPR37L1;NRG1;NOTCH1;SEMA4C;APELA;ROR1;GAREM1;NTRK3;ADRB2;TGFA;P2RY6;AVPR1B;PRKCZ;PDGFB;FGFR2;F2R;ERBB2;FGF19;NOTCH2;CIB1;ROCK1;CD81;TENM1;FERMT2;MAP2K1;CARTPT;CCL20;GFRAL;SHC1;RAF1;ROR2;DENND2B;CCL19;EDN3;CSF1R;THBS1	GO_Biological_Process_2023
prerank	Cellular Component Assembly (GO:0022607)	0.40123587627768015	1.1551332561631662	0.101	0.3728922400509217	1.0	44/251	11.29%	PCLO;PAWR;CD2AP;CAPZA2;JHY;PDCD10;EPS8;NEMF;WDR19;PLS1;PTPRD;SYCP2;YTHDF1;NCKAP1;GORASP2;NIFK;MDM2;NLGN1;RIMS1;DMTN;EZR;RSPH4A;LIN7A;SPTBN1;SHOC1;APBA1;PICALM;PALS2;SYCP1;SPAG16;SCIN;ANK3;SHROOM1;FGA;STX7;RTN4;CAPG;QSOX1;CD3G;RANBP9;YWHAZ;FZD1;MNAT1;TEAD2	GO_Biological_Process_2023
prerank	Negative Regulation Of DNA-templated Transcription (GO:0045892)	0.3910165544387068	1.1524458850209527	0.006	0.3735718730199287	1.0	355/996	29.42%	TBL1XR1;ATF2;MIER1;YAF2;CAV1;ZNF639;HMGB2;ORC2;BRMS1L;CBX3;SNX6;NIPBL;WWC1;PEX2;CNOT2;KCTD1;LHX9;PRMT6;FOXP1;SATB1;THAP5;ZBTB18;NRIP1;SMARCA5;MIER3;THRB;SHOX2;ALX1;RBPJ;CGGBP1;SFRP2;MDFIC;PHF14;ZNF608;HMBOX1;MECOM;ZBTB20;MEF2C;TPR;DNAJB4;PRDM1;SOX2;FST;UBE2D1;SEMA4D;GATA6;ESR2;MDM2;MEF2A;CREB1;SNCA;ATP8B1;CRYAB;HOXA7;XRCC5;RUNX1T1;EZR;HIVEP1;CITED2;KDM1B;HMGA2;THAP1;SMAD4;ZEB2;KLF12;EDNRB;SMYD2;ZNF219;WWP2;EPC1;WWC2;HEY1;HNF4A;KDM2B;KDM5C;ZFPM2;BATF3;TCF21;FOXO3;FNIP1;COPS2;MTA3;SIRT1;NAB1;TBXT;DMRT1;PHF21A;ARID4B;CNOT7;TET1;TRPS1;GCFC2;BMP7;WT1;ZNF77;TFAP2A;RARB;FOXC1;UBE2D3;TLE6;POU4F2;FOXE1;MSX2;BASP1;GFI1;CTBP1;IGF2;HDAC3;HEY2;FOXD1;MYB;DACH1;JAZF1;STAT1;DDX5;IKZF4;E2F7;HDAC2;MLXIPL;PRDM5;ZBTB38;SUV39H2;MYOZ2;WWP1;ZNF20;PLCB1;TFDP2;LDB1;ZNF343;RARA;POU4F1;NKX2-5;KAT6B;BEND3;NAB2;TWIST1;NR2C2;PRDM6;RCOR3;CUX1;YWHAZ;TBX20;GLI3;LDB2;PA2G4;ZNF318;CRY2;ZNF827;LARP7;CREBZF;DACT1;TGIF1;JUN;NFIB;YEATS2;BAZ2A;TBX22;DLG1;ZNF599;GMNN;SDCBP;HNRNPK;FERD3L;ZNF134;APBB2;DNMT3A;ATF7IP;EHMT2;BAHD1;CLOCK;FRK;EOMES;ZNF248;ZNF587B;ISL1;GLIS3;TFAP2B;KDM8;PAX9;TCFL5;POU3F3;TENM2;NMNAT1;MTA2;ZFP57;BMP4;MNT;CDKN2A;TP63;ARID5B;CSF2;SAP30;DUSP26;YWHAQ;NCOR2;KAT6A;NKX6-1;PRKN;DNAJB1;DEPDC1;EDN1;NIF3L1;MTDH;LOXL3;NFATC4;SOX10;DKK3;KAT5;NACC1;IMPACT;TLE1;FOXD3;ZNF641;POU2F1;ATF5;ZBTB2;RBM15B;ZNF692;RUNX2;TCERG1;NR1D2;HDAC9;ZNF131;GADD45A;ELF3;GAS6;CENPF;DICER1;NR2F2;PAX6;SALL1;PARP15;EZH2;AHR;FOXP2;IFNG;TMPRSS6;SAP18;PPARA;CBX1;PPARG;MITF;ATF3;NR1H4;IRF8;RCOR2;SIX3;ZNF205;PTCH1;IRF2;NRG1;NCOR1;IRX1;NOTCH1;CHD3;HDAC8;EED;ZNF431;ZBTB45;IFI16;ZNF706;NKX3-1;EHMT1;BMI1;REST;PML;NR1I2;ZNF281;YAP1;ZNF777;NKX2-1;INPP5K;PDGFB;FOXO1;TRIM33;FGFR2;LIMS1;PRICKLE1;KCNIP3;INSM2;ZNF558;SCRT2;MED9;GATA3;NR3C1;RORC;NR1I3;CTNNB1;E2F6;HEYL;DR1;CD38;INSM1;ZNF79;TRAF6;STAT3;MORC3;L3MBTL3;HSPA8;ZNF785;DDX20;NIBAN2;SARS1;ZBTB10;MLIP;HAND1;ZNF75A;ZNF3;CDK5R1;ZNF529;MAEL;ZFP69;KAT8;BCL6;ZBTB4;PROX1;BMP6;LEF1;RBM15;ZBTB7A;MAGED2;EN1;CTBP2;EREG;CHD8;SINHCAF;EFNA1;MYT1L;MYOZ1;CALCA;EPO;RIPPLY2;OTUD7B;RUNX3;IL4;SHC1;FHL2;ETV7;ZNF746;NR4A2;SOX14;VGLL4;IRX2;RBBP7;ZNF536;HMGA1;ZHX1;PURA;N4BP2L2;HINFP;GFI1B;ANKRD2;HOXB13;NUPR2;MIER2	GO_Biological_Process_2023
prerank	Negative Regulation Of Gene Expression (GO:0010629)	0.39684539497864113	1.1528784266156524	0.059	0.37514151892291914	1.0	107/332	25.38%	ATP2B1;FGF2;PTBP2;FOXP1;PGR;PDCD10;SFRP2;MRPL13;MEF2C;SHQ1;PRKAR1A;ROBO1;FBXW7;SYNCRIP;CITED2;CAPRIN1;NUDT12;FFAR4;WWP2;EPC1;SH3GL2;EPHA4;TRIM2;BMPR1A;FCGR2B;DHX36;PICALM;NTS;GZMB;PRKAA1;SIRT1;EIF4E2;CNOT7;LGR4;NDFIP2;SERBP1;HEY2;EIF2AK2;PIWIL2;EMILIN1;TSC1;SUV39H2;TWSG1;POU4F1;ITGB8;KDR;TGFB2;RNF139;IGF2BP2;NHLRC3;CREBZF;NOCT;APP;RPS13;DHFR;EIF4A3;PIWIL4;BMP4;MSR1;RBM4;TARDBP;TIPARP;PTPN22;PRKN;CRKL;PPHLN1;RBMS3;SFMBT2;DDX6;HDAC9;DCP2;ACVRL1;DICER1;PARP15;EZH2;LSM5;IFNG;BTG2;SMO;PPARG;ZAR1;PHF19;LARP1;OPRD1;NOTCH1;MYCN;PABPC1;SORD;BTN2A2;CXCL8;NKX3-1;PIWIL1;BMI1;YTHDF2;REST;ZNF281;TIA1;YAP1;PDGFB;GAPDH;LRP1;METTL3;PCIF1;ENC1;TDRD1;STAT3;FGF19	GO_Biological_Process_2023
prerank	External Encapsulating Structure Organization (GO:0045229)	0.40582555756329247	1.149164321450472	0.20060180541624875	0.3806235779344537	1.0	46/107	32.90%	COL14A1;ADAMTS3;SLC39A8;COL9A1;COL24A1;MMP16;MMP27;COL4A3;MMP13;COL22A1;ADAMTS13;COL5A2;ADAMTS4;ADAMTS19;NDNF;COL11A1;MANSC4;ADAMTS9;COL1A1;APP;NF1;ADAMTS1;COL16A1;MMP14;VIT;GFOD2;COL5A1;ADAMTS20;ADAMTS17;COL8A2;MMP2;ADAMTS18;COL4A2;ADAMTS14;DMP1;MMP23B;COL8A1;MMP24;MMP1;COL3A1;ADAMTS7;COL9A3;FURIN;ADAMTS2;COLQ;POSTN	GO_Biological_Process_2023
prerank	Positive Regulation Of Cell Differentiation (GO:0045597)	0.39746333579792165	1.1494108576089253	0.087	0.3829994679940628	1.0	108/281	27.63%	CCN2;BMPR1B;TENT5A;ALX1;CMKLR1;SFRP2;MYF5;BRINP3;CDS1;MEF2C;CREB1;PPP3CA;MYF6;SMAD4;GDNF;FFAR4;TGFBR2;ACTL6A;BMPR1A;BMPR2;DHX36;HOXD3;KITLG;TCF4;NUDT21;BMP7;CD36;MEDAG;TMEM64;FOXC1;POU4F2;DNAI3;NRCAM;AKT1;ATRAID;PLCB1;NKX2-5;TWIST1;FRZB;KDR;TGFB2;PA2G4;PPP1R13L;WWTR1;PRKD1;NOCT;SDCBP;TRIM32;IL1B;HGF;COL1A1;BRINP2;TCF15;ISL1;SLC6A6;BMP4;MSR1;TP63;CSF2;RBM4;FGFR1;PTN;RANBP3L;RAPGEF2;KAT5;IMPACT;NELL1;NGF;TACSTD2;TRPM4;ARID2;RUNX2;FBXO5;NID1;CCNA2;ACVRL1;EZH2;GLIPR2;HSP90AB1;PPARG;RIPOR2;FBN2;NBL1;ACVR2A;AGTR1;BLOC1S5;LAMA2;ADIRF;REST;BEND6;ATOH1;YAP1;HOXA5;TGFB1I1;CTNNB1;HEYL;MMD;INSM1;PKDCC;PCP4;HOXA11;BMP6;LEF1;GPRC5B;FERMT2;LMO3;LAMB1;ACVR1	GO_Biological_Process_2023
prerank	Negative Regulation Of Transcription By RNA Polymerase II (GO:0000122)	0.389649570696884	1.1446991979228218	0.019	0.3867651863616291	1.0	258/740	29.42%	TBL1XR1;ATF2;MIER1;CAV1;HMGB2;ORC2;BRMS1L;CBX3;NIPBL;WWC1;PEX2;CNOT2;SATB1;THAP5;ZBTB18;NRIP1;MIER3;THRB;SHOX2;ALX1;RBPJ;CGGBP1;PHF14;ZNF608;HMBOX1;ZBTB20;MEF2C;TPR;DNAJB4;PRDM1;SOX2;FST;UBE2D1;SEMA4D;GATA6;ESR2;MDM2;MEF2A;SNCA;HOXA7;EZR;HIVEP1;CITED2;KDM1B;HMGA2;THAP1;SMAD4;ZEB2;KLF12;ZNF451;EDNRB;SMYD2;ZNF219;WWP2;EPC1;WWC2;HEY1;KDM2B;ZFPM2;BATF3;TCF21;FOXO3;FNIP1;COPS2;MTA3;SIRT1;TBXT;DMRT1;PHF21A;ARID4B;TET1;TRPS1;WT1;ZNF77;TFAP2A;RARB;FOXC1;UBE2D3;TLE6;POU4F2;FOXE1;MSX2;GFI1;CTBP1;IGF2;HDAC3;HEY2;MYB;DACH1;JAZF1;STAT1;DDX5;E2F7;HDAC2;PRDM5;SUV39H2;MYOZ2;ZNF20;LDB1;ZNF343;RARA;POU4F1;NKX2-5;BEND3;TWIST1;NR2C2;PRDM6;CUX1;YWHAZ;TBX20;GLI3;LDB2;CRY2;LARP7;DACT1;TGIF1;JUN;YEATS2;TBX22;DLG1;ZNF599;SDCBP;ZNF134;APBB2;DNMT3A;EHMT2;FRK;EOMES;ZNF248;ZNF587B;ISL1;GLIS3;TFAP2B;TCFL5;TENM2;MTA2;ZFP57;BMP4;MNT;ARID5B;SAP30;DUSP26;NCOR2;NKX6-1;PRKN;DNAJB1;EDN1;NIF3L1;MTDH;SOX10;KAT5;IMPACT;FOXD3;ZNF641;ZBTB2;ZNF692;TCERG1;NR1D2;HDAC9;ZNF131;GADD45A;DICER1;NR2F2;PAX6;SALL1;PARP15;EZH2;IFNG;TMPRSS6;PPARA;CBX1;PPARG;MITF;ATF3;NR1H4;IRF8;ZNF205;PTCH1;IRF2;NCOR1;IRX1;NOTCH1;CHD3;HDAC8;EED;ZNF431;ZBTB45;IFI16;EHMT1;BMI1;REST;NR1I2;ZNF281;YAP1;NKX2-1;TRIM33;FGFR2;KCNIP3;INSM2;ZNF558;SCRT2;MED9;GATA3;NR3C1;RORC;NR1I3;E2F6;DR1;INSM1;ZNF79;TRAF6;STAT3;MORC3;ZNF785;DDX20;SARS1;ZBTB10;MLIP;HAND1;ZNF75A;ZNF3;ZNF529;ZFP69;BCL6;ZBTB4;PROX1;BMP6;LEF1;ZBTB7A;MAGED2;EN1;CTBP2;CHD8;SINHCAF;EFNA1;MYT1L;MYOZ1;EPO;RIPPLY2;OTUD7B;RUNX3;IL4;FHL2;ETV7;ZNF746;NR4A2;SOX14;IRX2;RBBP7;ZNF536;ZHX1;PURA;N4BP2L2;GFI1B;ANKRD2;HOXB13;NUPR2;MIER2	GO_Biological_Process_2023
prerank	Positive Regulation Of Phosphorylation (GO:0042327)	0.3976904026504333	1.1448581510178844	0.119	0.389422874884369	1.0	88/227	31.17%	FGF2;BCL10;P2RY1;LEPR;ANG;FGFR4;SEMA4D;LRRK2;EFNA5;VEGFC;LIMCH1;TNIK;FNIP1;ERBB4;SIRT1;PGF;MRE11;BRAT1;MUSK;MET;IGF2;HDAC3;AKT1;RAP2A;RB1CC1;SLCO3A1;FBH1;KDR;PDGFRA;PELI2;MOB1A;IGF1R;SDCBP;IL1B;HGF;APP;RELN;NTRK1;MT3;BMP4;RAD50;MOB2;THPO;FGFR1;CSNK1D;RIPK1;FLT3;CRKL;STK4;NELL1;CCNA2;GAS6;FGF5;MERTK;NBN;FLOT1;ACVR2A;RALB;FZD7;ROR1;NKX3-1;EPHA2;NTRK3;CCND2;FGFR2;DVL3;PAK1;MOB1B;ERBB2;LYN;FGF19;RAC1;MOB3B;ATG14;CIB1;EREG;EFNA1;NIBAN1;RARRES2;ROR2;CSF1R;THBS1;PDGFRB;PROM2;FAXDC2;BMP2;ROS1;FAS	GO_Biological_Process_2023
prerank	Regulation Of Wnt Signaling Pathway (GO:0030111)	0.4085440067170537	1.145463616807312	0.20080726538849647	0.3899031235198312	1.0	42/104	29.14%	RSPO2;CDK14;SFRP2;MDFIC;SULF1;LRRK2;CXXC4;WLS;CRBN;TRABD2A;FRZB;CTNND2;DISC1;DACT1;APCDD1;GRB10;APP;FOXL1;RNF14;SHISA2;PRKN;TCF7L1;TLE1;TLR2;SALL1;TSC2;NKD2;MACF1;TNFAIP3;CCNY;PPP1CA;FZD7;FAM53B;FGFR2;LRP1;CER1;GNAQ;TSKU;OTULIN;RSPO3;VGLL4;TIAM1	GO_Biological_Process_2023
prerank	Metabolism Of Steroids R-HSA-8957322	0.4439081617927137	1.2749136038884101	0.02106318956870612	0.389950817568215	0.937	42/152	21.09%	TBL1XR1;GC;SLCO1A2;INSIG2;ELOVL6;SEC24B;SEC24D;SYCP2;SH3D19;OSBPL3;GGPS1;NCOA2;LIN9;CYP51A1;NFYC;SAR1B;HSD17B11;CUBN;CYP27A1;SLC51A;AMACR;SLC10A1;OSBPL1A;CYP7B1;CHD9;ABCB11;STARD3;GPAM;HSD17B4;MSMO1;SRD5A2;OSBPL6;PPARA;STARD6;NR1H4;HSD11B1;CYP39A1;ACOT8;ACACA;AKR1C1;ALB;CYP19A1	Reactome_2022
prerank	Negative Regulation Of Cellular Biosynthetic Process (GO:0031327)	0.4032361658418451	1.1459617798161208	0.1781781781781782	0.39111365736948556	1.0	46/129	28.51%	CAV1;MRPL13;FBXW7;SYNCRIP;CAPRIN1;EPHA4;TRIM2;BMPR2;DHX36;GZMB;SIRT1;EIF4E2;FYN;SERBP1;GFI1;DACH1;EIF2AK2;TSC1;RNF139;IGF2BP2;NHLRC3;GDF2;DHFR;EIF4A3;RBM4;ACADL;RAPGEF2;DDX6;APOC1;ACVRL1;BTG2;ZAR1;USP7;LARP1;TIA1;PDGFB;GAPDH;PTGIS;PCIF1;ENC1;FGF19;NIBAN2;PROX1;CNOT10;DAPK1;C1QTNF3	GO_Biological_Process_2023
prerank	Membrane Organization (GO:0061024)	0.3983401541223858	1.1415517437011031	0.1683366733466934	0.3969425680900699	1.0	51/162	25.92%	GCA;CHMP2B;CHMP4C;TTPA;ANK2;VPS4B;SH3GLB1;RIMS1;STAM;FNBP1L;USO1;ATP10B;HACE1;SAR1B;SPTBN1;DPP4;PPT1;PICALM;EXOC6B;ANK3;SERP1;VPS36;NEMP1;REEP3;RTP4;NPC1;SPAST;VPS4A;RTP2;VTI1B;STAM2;CHMP4A;TMEM43;CCDC88A;UBXN2A;CHMP5;EXOC3;SNF8;EXOC2;PRKCI;CPTP;CHMP7;TOR1B;LMNA;LPCAT2;OPA1;WASL;S100A10;HSPA8;CHMP6;VPS37A	GO_Biological_Process_2023
prerank	Transport To Golgi And Subsequent Modification R-HSA-948021	0.447459896892882	1.2781319851364261	0.017034068136272545	0.40179158259526687	0.934	53/162	23.96%	MAN2A2;CAPZA2;CD55;ST8SIA6;SEC24B;DYNC1I1;ANK2;SEC24D;AREG;LMAN1;BET1;DYNC1LI1;DCTN1;USO1;SAR1B;SPTBN1;B4GALT6;KDELR2;CTSC;MAN1A1;MANEA;ANK3;COPB2;ANK1;CAPZA3;SEC22A;GOSR2;COG3;SEC13;CHST8;ST6GAL1;ST8SIA3;COG7;CSNK1D;TBC1D20;DYNC1I2;SEC16A;CD59;MOGAT1;ARF3;MAN2A1;DCTN6;FUT8;SEC22C;TFG;PTGES2;DCTN4;GOLGB1;TMED7;COG8;TGFA;COPB1;MAN1A2	Reactome_2022
prerank	Positive Regulation Of Protein Kinase Activity (GO:0045860)	0.39670587969096593	1.1370600216777285	0.17334669338677355	0.41323960794810544	1.0	62/143	31.36%	BORA;PDCD10;PTPRC;SNCA;LRRK2;GRM5;XRCC5;ALS2;HMGA2;TGFBR2;EPHA4;MAP2K3;PRKAG2;TAB2;NAB2;TGFB2;KIF14;NOX4;RELN;CENPE;RAPGEF2;CCDC88A;ETAA1;STRADB;MAP3K5;ADCYAP1;CCNA2;GAS6;SNX9;RASSF2;EZH2;IFNG;HSP90AB1;CASS4;DUSP19;CLU;RALB;ORC3;ADRB2;PDGFB;CAB39L;PTPN1;MMD;TRAF6;CIB1;CACUL1;EREG;GPRC5B;EFNA1;MAP2K1;CALCA;CARTPT;CALM3;CCL19;CSF1R;CSF1;MAP2K2;ECT2;TCL1A;CALM2;PTK2B;AGT	GO_Biological_Process_2023
prerank	PI5P, PP2A And IER3 Regulate PI3K/AKT Signaling R-HSA-6811558	0.44892479125652635	1.2535132414302075	0.06124497991967871	0.4133341588394538	0.98	36/104	25.38%	PIP4K2A;PIK3CA;FGFR4;NRG3;AREG;ESR2;CD86;PPP2R5E;KITLG;SOS1;ERBB4;FYN;AKT1;FRS2;IRAK4;PDGFRA;PPP2R5C;NRG2;PTPN11;IRS1;FGFR1;PIP5K1B;FLT3;KL;FGF5;GAB2;NRG1;HBEGF;TGFA;ICOS;PDGFB;FGFR2;MYD88;ERBB2;TRAF6;FGF19	Reactome_2022
prerank	Positive Regulation Of ERK1 And ERK2 Cascade (GO:0070374)	0.3952232047418378	1.1352164953822346	0.16933867735470942	0.4140478615272328	1.0	67/174	31.16%	FGF2;CCN2;P2RY1;PDGFD;PTPRC;TNFRSF11A;FGFR4;FBXW7;CALCR;SLC30A10;BMPER;PDGFC;FFAR4;ERBB4;SPRY2;CD36;MUSK;ALKAL1;FGA;OPRM1;TNFSF11;CD44;KDR;PDGFRA;RAMP3;APP;PTPN11;NTRK1;MT3;FSHR;THPO;PTPN22;MTURN;RAPGEF2;CRKL;NELL1;ARRB2;CCL4;ADCYAP1;GAS6;GLIPR2;NRG1;NOTCH1;APELA;ROR1;GAREM1;NTRK3;P2RY6;PRKCZ;PDGFB;FGFR2;F2R;FGF19;NOTCH2;CIB1;FERMT2;MAP2K1;CCL20;SHC1;ROR2;DENND2B;CCL19;CSF1R;PDGFRB;GATA4;BMP2;PTK2B	GO_Biological_Process_2023
prerank	Protein Processing (GO:0016485)	0.40344930066780704	1.1358958303657065	0.20301507537688443	0.41459113985093354	1.0	29/114	21.66%	CPE;CPM;IMMP2L;PCSK1;ADAMTS3;CLN5;SEC11C;MME;CASP4;MMP16;APH1B;PIDD1;METAP2;ADAMTS13;ECE2;PCSK6;TLL1;PRSS12;OMA1;MMP14;PCSK5;PARL;PITRM1;SEC11A;CNTN1;CASP2;PTCH1;PRSS3;SPG7	GO_Biological_Process_2023
prerank	Transcriptional Regulation By RUNX2 R-HSA-8878166	0.4537329729112041	1.2874960415447436	0.035140562248995984	0.4148731690053454	0.912	40/117	24.66%	AREG;YES1;FBXW7;ZNF521;PSMA6;PSMD14;SMAD4;ITGBL1;PSME4;PSMD12;HEY1;MMP13;PSMD4;PSMD5;ITGA5;MSX2;HDAC3;HEY2;AKT1;STAT1;NKX3-2;WWP1;TWIST1;GLI3;WWTR1;COL1A1;STUB1;PSMB11;SATB2;RUNX2;SKP2;PSMA2;PPARGC1B;PPARGC1A;IHH;PSMC1;YAP1;CDK1;NR3C1;SMAD1	Reactome_2022
prerank	Positive Regulation Of DNA-templated Transcription (GO:0045893)	0.3822099411502277	1.1339681578897751	0.006	0.41652838793837094	1.0	417/1215	29.67%	TBL1XR1;PAXBP1;EDRF1;ATF2;YAF2;ZNF639;INO80D;HMGB2;FGF2;E2F3;POU3F2;ENY2;TET2;PTPRN;LMX1A;BCL10;BMPR1B;PEX2;NFKBIA;PKD2;ZBTB18;HNF4G;PRKRA;PGR;MEOX2;NRIP1;ELF1;SMARCA5;THRB;ALX1;RBPJ;NAMPT;SFRP2;MDFIC;RFX6;NPAS3;TP53INP1;PHIP;AUTS2;MYBL1;MECOM;TAF5L;MED4;MEF2C;TXK;SOX2;CDK13;GATA6;LMO7;ESR2;PITX2;MEF2A;EHF;MLLT3;GTF2I;CREB1;PPP3CA;HOXA7;UCHL5;MYF6;NCOA2;ELF2;HIVEP1;CITED2;KDM1B;HMGA2;CD86;SMAD4;ZEB2;NRL;GDNF;NFYC;ATXN7;PCGF5;LPIN2;EPC1;ESRRG;ZNF516;HEY1;CCDC62;ACTL6A;HNF4A;BMPR1A;BMPR2;ZFPM2;SF3B1;DHX36;TCF21;FOXO3;HOXD3;TAF2;ICE1;PICALM;PRKAA1;ERBB4;MTA3;NAA15;SIRT1;INO80;ZMIZ2;TBXT;DMRT1;SPP1;TCF4;IRF5;TET1;MED12L;BMP7;WT1;H2AZ1;TFAP2A;TFEB;STAT4;RARB;FOXC1;POU4F2;FOXE1;MET;HOXC4;DCN;IGF2;KLF5;HDAC3;CAMK4;HEY2;RIPK2;MYB;RASL11A;HSF2;AKT1;STAT1;FOXJ2;E2F7;HDAC2;MLXIPL;MAP2K3;RORA;PRDM5;WAC;ZIC1;NUCKS1;ZBTB38;ZSCAN21;PLCB1;TET3;KDM3A;TFDP2;NPAS2;PPP1R12A;LDB1;DEK;RARA;POU4F1;NKX2-5;KAT6B;TWIST1;TNFSF11;NR2C2;TGFB2;FZD1;POU2AF1;TRRAP;GLI3;UBP1;ASCL3;ING3;GDF7;LDB2;YEATS4;PRDM15;TEAD2;ZNF318;WWTR1;CREBZF;UTP15;JUN;NFIB;BHLHE22;PRKD1;ATF7;LPIN1;BMAL2;ETV1;USF3;OLIG1;IL1B;APBB2;HGF;GDF2;NCOA7;ATF7IP;COL1A1;BCL11B;CLOCK;APP;HNRNPD;EOMES;TCF15;IRF4;ISL1;DHX9;GLIS3;SCAF8;TFAP2B;FOSL2;KDM8;MT3;POU3F3;SATB2;ASXL3;MTA2;BMP4;GTF2A2;CREB3L2;TP63;TMF1;STING1;RNF14;IL17A;SUPT20H;KAT6A;ERCC6;TCF12;LMO2;GARS1;EFCAB7;NKX6-1;RIPK1;PRKN;CSRNP1;TOX3;IKBKB;ZNF609;HMGN1;EDN1;NIF3L1;NUFIP1;STAT5A;SSBP2;SOX10;KAT5;ATOH7;FOXD3;TRIM44;GLMP;POU2F1;ATF5;TLR2;RUNX2;TCERG1;NR1D2;HYAL2;CDC5L;MAP3K5;ELF3;ADCYAP1;CCNA2;ACVRL1;NFE2L2;NR2F2;PAX6;SALL1;PAX3;PLSCR1;AHR;RGMB;ST18;TMPRSS6;NKX2-6;PPARGC1B;SENP1;PFKM;RNF111;LITAF;PPARA;FAM170A;ATF6B;DBP;THOC1;CREBRF;PPARG;PPARGC1A;ZNF496;PRL;MITF;ATF3;NR1H4;TFDP1;IRF8;JUNB;INO80B;IRF2;FOS;HOXD8;MLLT1;NOTCH1;CHD3;MYCN;ACVR2A;UBE2E1;POU2F2;FZD7;IFI16;CSRNP3;NKX3-1;NFIA;ADIRF;TCF20;REST;OLIG2;USP16;NR1I2;IL31RA;ZNF281;SUPT16H;ATOH1;YAP1;NKX2-1;INPP5K;HOXA5;ESRRB;PDGFB;FOXO1;GLYR1;MED30;ATAD2B;FGFR2;MED9;GABPA;GATA3;TGFB1I1;NFE2;NR5A2;MED6;NR3C1;RORC;NR1I3;DVL3;CTNNB1;F2R;HEYL;DR1;CD38;WNT7A;ERBB2;WASL;GTF2A1;ACTR3;TRAF6;STAT3;S100A10;CRTC3;HOXB3;SLC9A1;GRHL3;SP6;NIBAN2;RNF4;MLIP;HAND1;TBK1;TAF15;MYRF;AFAP1L2;PRDM10;KAT8;FZD4;RFXANK;HOXA11;CD81;PROX1;BARX2;BMP6;LEF1;CTBP2;CHD8;LMO3;HNRNPAB;ACVR1;TAF5;MAML3;PBX1;MAP2K1;EPO;RBM23;RUNX3;IL4;SHC1;WBP2NL;HOXB2;SETD3;RGMA;CKAP2;ZNF746;NR4A2;SOX14;ATAD2;RBBP7;ZFX;HMGA1;EBF4;PLAG1;HTATIP2;TFCP2;RHOQ;HINFP;SPAG8;DLX5;GTF2F1;MAPK7;NEUROG2;WNT1;EPCAM;LHX1;KCNH2;LBHD1;REL	GO_Biological_Process_2023
prerank	Detection Of Chemical Stimulus Involved In Sensory Perception (GO:0050907)	-0.20895145290790965	-1.0906420512006054	0.001	0.418552036199095	0.21777777777777776	38/127	23.15%	OR2L3;OR6K3;OR10H4;OR10H5;OR5V1;OR2C1;OR2M3;OR6N1;SLC24A4;OR2B3;OR10Z1;OR10H3;OR10H2;OR10AG1;OR2H1;OR2S2;OR12D2;OR10J5;OR2K2;OR2G3;OR10J1;OR2M4;OR2G6;OR2A1;OR2W1;OR6A2;OR2AE1;OR2AJ1;OR2C3;OR2D2;OR2B6;OR10R2;OR2T4;OR6K6;OR2T33;OR2T27;OR2J3;OR10T2	GO_Biological_Process_2023
prerank	ER To Golgi Anterograde Transport R-HSA-199977	0.44533567455912326	1.2609063091513057	0.044310171198388724	0.4186763369842153	0.971	41/131	23.40%	CAPZA2;CD55;SEC24B;DYNC1I1;ANK2;SEC24D;AREG;LMAN1;BET1;DYNC1LI1;DCTN1;USO1;SAR1B;SPTBN1;KDELR2;CTSC;ANK3;COPB2;ANK1;CAPZA3;SEC22A;GOSR2;COG3;SEC13;COG7;CSNK1D;TBC1D20;DYNC1I2;SEC16A;CD59;ARF3;DCTN6;SEC22C;TFG;PTGES2;DCTN4;GOLGB1;TMED7;COG8;TGFA;COPB1	Reactome_2022
prerank	Response To Tumor Necrosis Factor (GO:0034612)	0.40008134381379257	1.121490212366477	0.2330978809283552	0.425703948867759	1.0	49/104	36.40%	ASAH1;NFKBIA;TNFRSF11A;LRRK2;SIRT1;TNFRSF21;GCH1;AKT1;BAG4;TRIM32;TANK;DHX9;CD58;CRHBP;RIPK1;IKBKB;AFF3;HYAL2;CCL4;GSDME;NFE2L2;SPAM1;CASP8;SLC22A5;JAK2;CXCL8;NKX3-1;INPP5K;GATA3;TRADD;HMHB1;SPHK1;CIB1;NUB1;CCL20;CCL19;ZFAND6;ADAMTS7;TCL1A;UBD;ADAM9;CCL21;YBX3;ZFP36L2;ERBIN;OCSTAMP;GBA1;CHI3L1;GBP3	GO_Biological_Process_2023
prerank	Modification-Dependent Protein Catabolic Process (GO:0019941)	0.3916172744363372	1.1311414157712005	0.16316316316316315	0.42588445274223935	1.0	56/187	28.10%	UBA6;FBXL4;NEDD4L;RNF13;FBXO11;MIB1;UBE2D1;RNF149;HERC6;MDM2;PSMD14;UBE2D2;RNF7;HACE1;RNF217;ELOC;HERC5;NTAN1;UBE2D3;RCHY1;NDFIP2;HERC4;ANKIB1;RNF19A;FBXL7;NEDD8;TRIM32;STUB1;OS9;UBR3;RNF11;HERC3;RNF14;PCYOX1;PRKN;RNF144B;CCAR1;UBE2K;CDC34;RNF25;RNF150;TOLLIP;FBXO8;UBE2E1;MARVELD3;TRPC4AP;RC3H2;MYLIP;UBE2D4;CUL3;SPSB4;HERPUD1;NUB1;RNF168;RNF146;KLHL8	GO_Biological_Process_2023
prerank	Ion Channel Transport R-HSA-983712	0.44294529022494017	1.2643740343421728	0.029	0.4275051197923062	0.965	56/172	24.97%	ATP8A1;ANO5;ATP2B1;SRI;NEDD4L;ANO6;TRPC4;TRPC1;CAMK2D;ATP8B1;TRPC6;ATP10D;ATP10B;TRPC3;ATP8A2;TRPV1;CUTC;FKBP1B;SLC9C1;ATP6V1C1;SLC9B2;MCOLN3;MCOLN2;NALCN;ATP2C2;ATP6V1H;SLC9B1;ATP13A5;ANO4;WWP1;TTYH2;STOM;ATP13A2;TRPM3;TRPA1;CLCN2;ATP7B;RYR2;TRPM4;CAMK2G;ATP6V0A1;ATP6V1E1;ANO3;TRPC5;ATP1A3;TCIRG1;TRPM6;ATP6V1A;OSTM1;CAMK2B;TRPC4AP;ATP13A4;FXYD1;ANO8;SGK3;ATP1B1	Reactome_2022
prerank	Negative Regulation Of Cell Population Proliferation (GO:0008285)	0.3847292744512902	1.1218073404813977	0.111	0.4277262782074709	1.0	152/370	31.81%	E2F3;BMPR1B;PEX2;PKD2;PRKRA;CDK6;TES;SFRP2;TGFBR3;PHF14;ANG;TP53INP1;MAGI2;SOX2;GATA6;GML;DDAH1;BTG3;SMYD2;COL4A3;HNF4A;ATP8A2;KDM2B;BMPR2;PTEN;ERBB4;DRD2;CNOT7;IL12A;WT1;TFAP2A;SCIN;ACVR1C;AQP11;CTBP1;CD33;E2F7;EIF2AK2;OPRM1;AZGP1;KRT4;TSC1;CCN3;PTPN14;ATRAID;RB1CC1;FRZB;SH3BP4;TGFB2;ADGRG1;RNF139;P3H2;PPP2R5C;MN1;TRIM32;RERG;IL1B;NOX4;APP;NTRK1;NF1;ADAMTS1;TFAP2B;BMP4;CDKN2A;MTSS1;APLP2;ADARB1;RAPGEF2;CXCL1;NELL1;NGF;ATF5;ARID2;GSDME;ACVRL1;ST18;IFNG;BTG2;TSC2;PPARG;PPARGC1A;TNFAIP3;SOD2;TFDP1;DLG5;ATG13;NRG1;POLR2D;NOTCH1;HPN;FUZ;JAK2;IFIT3;CXCL8;NKX3-1;REST;ADGRB1;MARVELD3;PML;ZNF777;LMNA;MED9;GATA3;TGFB1I1;MYO16;CTNNB1;F2R;PAK1;LYN;INSM1;MORC3;APC;TRIB1;CER1;NIBAN2;FABP3;CCN6;CDK10;CIB1;RBM5;PROX1;CTBP2;TENM1;EREG;MAP2K1;CGRRF1;COL18A1;RUNX3;SST;TIAL1;VGLL4;HMGA1;GSTP1;RAF1;NUPR2;TINF2;CHERP;NLRC3;THBS1;CDKN1B;BTG1;IGFBP3;RNF41;BMP2;TOB1;PTK2B;MYOCD;CSNK2B;IL6;CDC73;ING4	GO_Biological_Process_2023
prerank	Nervous System Development R-HSA-9675108	0.4372222333977038	1.2793761777545465	0.001	0.4294658887737992	0.932	177/532	25.51%	RPL15;EPHA7;ADGRG6;POU3F2;CHL1;RPL22L1;ROBO2;PKN2;DOK6;LHX9;EFNB2;CACNB4;NELL2;ST8SIA4;MYO10;SLIT2;RPL39L;MRPL13;PIK3CA;TRPC4;ANK2;TRPC1;PTPRC;SOS2;UTRN;SEMA4D;YES1;ROBO1;GAP43;CREB1;TRPC6;CACNB2;SCN9A;SEMA3E;PSMA6;VAV3;COL9A1;SEMA5A;EFNA5;EZR;PSMD14;RPL30;CXCR4;CYP51A1;COL4A4;ITGAV;GDNF;SH3KBP1;SCN7A;SPTBN1;PSME4;COL4A3;PSMD12;CD24;UPF2;SH3GL2;EPHA4;APH1B;TRPC3;SEMA3A;UNC5C;SOS1;GRIN2B;NAB1;FYN;PSMD4;COL6A2;ELOC;EPHA5;TRIO;RPS8;DPYSL5;ANK3;PSMD5;ITGA5;PFN2;EPHA6;CACNB1;ANK1;NRCAM;ARHGEF7;HDAC2;PRKACB;SCN11A;ITGA2;MPP3;FRS2;RANBP9;NAB2;LDB2;RPL10L;RPS21;ALCAM;WWTR1;POTEF;DLG1;SDCBP;NRP2;UNC5B;GRB10;RPL9;ADGRV1;FARP2;PTPN11;PSMB11;RPS13;RELN;ISL1;RPL6;UPF3A;EIF4A3;EPHB1;DSCAML1;SCN3B;PLXNC1;NTN4;NGEF;FGFR1;NCAM1;SOX10;DAG1;VLDLR;SRGAP2;SCN4B;SEMA6A;RPL36AL;RPL34;SCN8A;ENAH;PSMA2;KALRN;CNTN1;RGMB;HSP90AB1;MYL12A;GAB2;CSNK2A2;CAP1;SCN2A;RPL19;DOK1;RPL7;SCN10A;GFRA1;SHTN1;TRPC5;ITGA9;CRMP1;NRTN;NTN1;MMP2;RPL4;PABPC1;RDX;PSMC1;LAMA2;GFRA2;RPS19;EPHA2;RPL29;ABLIM2;SRGAP1;ACTG1;YAP1;COL4A2;RPL11;ABLIM1;DCC;CACNA1C;CNTN6;ERBB2;LYN;RPS12;WASL;ACTR3;MYL9;HSPA8	Reactome_2022
prerank	Extracellular Structure Organization (GO:0043062)	0.39996067687413905	1.1285519791910914	0.23493975903614459	0.43048395404420503	1.0	32/106	21.96%	COL14A1;ADAMTS3;SLC39A8;COL9A1;COL24A1;MMP16;MMP27;COL4A3;MMP13;COL22A1;ADAMTS13;COL5A2;ADAMTS4;ADAMTS19;NDNF;COL11A1;MANSC4;ADAMTS9;COL1A1;APP;NF1;ADAMTS1;COL16A1;MMP14;VIT;GFOD2;COL5A1;ADAMTS20;ADAMTS17;COL8A2;MMP2;ADAMTS18	GO_Biological_Process_2023
prerank	Positive Regulation Of Intracellular Signal Transduction (GO:1902533)	0.38652514166732954	1.1277541836349956	0.055	0.43082016359835396	1.0	157/513	25.28%	MIER1;CAV1;SCHIP1;FGF2;WWC1;DOK6;BCL10;NOD1;TLR6;RIT2;HPSE;RNF13;PDGFD;PIK3CA;SASH1;PTPRC;TRAF3IP2;PMAIP1;SOX2;SEMA4D;NLGN1;ZDHHC17;RICTOR;CAV2;SEMA3E;CALCR;SEMA5A;CD86;SMAD4;ITGAV;PDGFC;FFAR4;IFIT5;MYOC;GOLT1B;WNT16;BMPR1A;TRIM13;BMPR2;PLK2;DHX36;UBE2N;NTS;FNIP1;GPR37;SIRT1;FN1;TRIM34;LAMTOR3;WLS;BMP7;SPRY2;TRIM62;MUSK;OSBPL8;NDFIP2;DCN;IGF2;HDAC3;RIPK2;RASD2;EIF2AK2;RTN4;MAP4K1;P2RX3;SCTR;TAB2;FRMD1;DOK3;TNFSF11;TNFRSF19;KDR;TGFB2;IRAK4;ADRA1B;PDGFRA;LAMTOR5;PLCE1;PELI2;PIK3R5;PRKD1;RAMP3;SEC13;HIP1;IGF1R;TRIM32;RTKN2;RRAGA;UNC5B;IL1B;HGF;ADGRV1;S100A4;APP;RRAGD;RELN;NTRK1;CDK5RAP3;MALT1;FSHR;BMP4;IQCJ-SCHIP1;THPO;FGFR1;RIPK1;PRKN;IKBKB;FLT3;RAPGEF2;MTDH;TRIM44;MIB2;GHRL;GOLPH3;TLR2;TRIM56;FRMD6;CCL4;GSDME;IAPP;GAS6;CNTN1;HSP90AB1;CASS4;LITAF;PPARG;ARRDC3;CASP8;DLG5;GPR61;TFG;DUSP19;TRIM38;GPR37L1;HBEGF;JAK2;ROR1;NKX3-1;NTRK3;ADRB2;SPHK2;AVPR1B;MIOS;PPP5C;TIFA;PDGFB;FGFR2;GAPDH;LIMS1;TRIM21;GATA3;TRADD;F2R;MYD88;ERBB2;LYN;TRAF6	GO_Biological_Process_2023
prerank	Protein Dephosphorylation (GO:0006470)	0.39563028596081784	1.1218449916201636	0.2399598393574297	0.43085461182833507	1.0	34/123	18.86%	PTPRZ1;CTDSP2;DUSP16;PTPRC;PTPRD;PTPRB;PPEF1;PPP3CA;PPM1K;MTMR2;PPP2R5E;PTEN;PPP4R3C;PTPRO;PPM1B;PTPRM;PPM1H;PPM1N;PPP1R12A;PPP2R5C;PTPN13;UBLCP1;PTPN5;PTPN11;DAPP1;DUSP26;PDP1;PTPN22;PTPRR;PTPN3;PPP3CC;MTMR7;PTPN12;MTMR6	GO_Biological_Process_2023
prerank	Positive Regulation Of Protein Serine/Threonine Kinase Activity (GO:0071902)	0.40163106052291353	1.1223901946464734	0.23061430010070494	0.4315324712733702	1.0	50/116	31.75%	FGF2;PKD2;PDCD10;PDGFD;MEF2C;ROBO1;SNCA;TPD52L1;LRRK2;NEK10;HMGA2;PDGFC;CD24;DIPK2A;SIRT1;AKT1;TNFSF11;PIK3R5;IL1B;NTF3;FGFR1;FLT3;EDN1;RAPGEF2;ETAA1;EZH2;IFNG;CCNY;RALB;NTRK3;ADRB2;TGFA;PDGFB;CCND2;ERBB2;CIB1;PROX1;TENM1;FERMT2;MAP2K1;CALM3;EDN3;CSF1R;THBS1;PDGFRB;MAP2K2;TCL1A;CALM2;ADAM9;PDGFA	GO_Biological_Process_2023
prerank	Protein Modification Process (GO:0036211)	0.38200482813687264	1.1268624821183242	0.035	0.431561065529331	1.0	176/695	19.64%	EPHA7;ATG10;PTPRZ1;PRKG2;PKN2;BMPR1B;MAN2A2;CTDSP2;PRMT6;CPE;CDK14;CDKL2;VRK2;ST8SIA6;CDK6;ST8SIA4;PLK4;CSNK1G3;RHBDD1;DUSP16;FBXO11;PTPRC;PTPRD;PLOD2;CAMK2D;B3GALNT2;TXK;STK39;QPCT;ST3GAL6;PTPRB;AGA;YES1;NEK7;CREB1;LRRK2;PPEF1;PPP3CA;NGLY1;NEK10;UBA3;PRKG1;MAP3K21;UBE2D2;CDKL1;MAP3K13;RNF7;STK17B;DYRK2;PRKAR1B;WWP2;CHRM3;TGFBR2;ATR;EPHA4;MTMR2;TNIK;BMPR1A;HLCS;BMPR2;PLK2;F13A1;PPP2R5E;TAF2;PTEN;PEAK1;COPS2;PIK3C3;PRKAA1;HASPIN;FN1;FYN;FUT9;JAK1;PPP4R3C;PTPRO;EPHA5;METAP2;ACVR1C;PPM1B;UBE2D3;FUT6;AQP11;EPHA6;PTPRM;PPM1H;CTBP1;USP6;SERP1;CAMK4;KRT2;PGAP1;AKT1;CDK18;EIF2AK2;PDK2;MAP4K1;JADE2;PRKACB;PRKAG2;RB1CC1;PPP1R12A;RARA;PIGH;PDK3;JADE1;TGFB2;YWHAZ;NPC1;TBCK;ADM2;COG3;GALNTL5;PPP2R5C;PTPN13;NEDD8;FAM20B;UBLCP1;PTPN5;NEK11;ATG12;LOX;APP;PTPN11;NTRK1;DYRK3;EPHB1;DAPP1;ST8SIA3;COG7;OGFOD1;PHKA2;CSF2;DUSP26;FGFR1;CSNK1D;B3GNT5;PDP1;PTPN22;HIPK3;PTPRR;IKBKB;ERO1A;PTK6;MAK;MAPK10;STK4;PTPN3;SRPK2;ARFGEF1;TMEM59;ATE1;PAK3;F13B;STRADB;MAP3K5;CCNA2;PPP3CC;GAS6;ACVRL1;PRRT1;STK10;MAP3K1;MANBA;SIK2;DCLK1;MTMR7;PTPN12;MTMR6;BIRC6;PORCN;CDC34;GRK1;MAN2A1;LRRK1;USP25	GO_Biological_Process_2023
prerank	Metabolism Of Water-Soluble Vitamins And Cofactors R-HSA-196849	0.44786471907962233	1.2544977869656242	0.04212637913741224	0.43203660380653847	0.979	47/120	24.95%	MTHFD2L;SP8;NAMPT;NT5E;PTGS2;NUDT12;HLCS;ST20-MTHFS;VNN1;PANK3;CUBN;TPK1;PCCB;PARP8;SLC5A6;NADK2;MTHFD1L;MTRR;PANK2;MCCC2;PPCDC;PANK1;NMRK2;DHFR;PPCS;SLC25A32;NMNAT1;ENPP1;SLC19A1;PCCA;NMNAT2;LMBRD1;ALDH1L1;MMADHC;SLC19A3;MTR;PROC;GSTO2;ACACA;PRSS3;ACACB;SLC5A8;MTHFD2;BST1;PTGIS;PDXK;CD38	Reactome_2022
prerank	Regulation Of Small GTPase Mediated Signal Transduction (GO:0051056)	0.39983704659480734	1.1288769805173136	0.2243460764587525	0.43268740536065575	1.0	31/115	20.53%	ARHGAP18;CD2AP;ARHGAP5;ARHGAP21;RASGRF2;SLIT2;FAM13A;VAV3;ITGAV;PLEKHG1;ARHGAP29;TRIO;DOCK8;DOCK3;ARHGAP20;MCF2L;ARHGAP26;PLCE1;RHOF;RELN;STARD13;ARHGAP23;NGEF;SPATA13;CHN2;MCF2;PLEKHG6;KALRN;ARHGAP45;SLC6A2;ARAP1	GO_Biological_Process_2023
prerank	Regulation Of Cell Motility (GO:2000145)	0.39497479096244353	1.1175939239198653	0.22088353413654618	0.43320446079642455	1.0	47/120	29.66%	ARHGAP18;FGF2;PKN2;CDK6;SPOCK3;AMOTL1;PRKX;HACE1;DOCK10;ERBB4;FYN;SERPINE2;AKT1;LDB1;TWIST1;TBCCD1;LDB2;KIF14;TRIM32;PLXNC1;KIF2A;TMSB15A;SPATA13;TACSTD2;SPINT2;CAMSAP3;FGF5;MACF1;FRMD5;NTN1;C1QTNF8;CCDC25;MEAK7;LMNA;GATA3;SGK3;FGF19;RAC1;ROCK1;RHOB;SST;BEX4;PRAG1;RAF1;CCL19;CSF1R;PLXNB2	GO_Biological_Process_2023
prerank	Regulation Of Protein Kinase B Signaling (GO:0051896)	0.393743581839959	1.1183055316253059	0.239	0.4333093209945863	1.0	38/133	19.26%	FGF2;HPSE;BANK1;PIK3CA;MAGI2;RICTOR;CALCR;SEMA5A;PKHD1;MYOC;NTS;PTEN;SIRT1;DRD2;SPRY2;OSBPL8;IGF2;RASD2;RTN4;PIK3R5;RAMP3;HIP1;IGF1R;PHLDA3;NTRK1;THPO;FGFR1;MTDH;DAG1;ARRB2;HYAL2;IAPP;GAS6;CNTN1;HSP90AB1;CASS4;PPARA;TSC2	GO_Biological_Process_2023
prerank	Regulation Of Protein Secretion (GO:0050708)	0.4025969866165996	1.1225640217283623	0.2442211055276382	0.4340406042795171	1.0	27/100	19.06%	CD2AP;SLC12A2;RFX6;ANG;ARF6;EZR;CYP51A1;HNF4A;DRD2;IL12A;ARFIP1;SNAP25;FGA;CD33;TGFB2;HADHA;IL1B;CLOCK;ADCY8;MYO18A;TFAP2B;ATP13A2;GOLPH3;EXPH5;STXBP5L;IFNG;RHBDF2	GO_Biological_Process_2023
prerank	Endomembrane System Organization (GO:0010256)	0.39090985816083546	1.1227616663572326	0.181	0.4364500766477431	1.0	49/191	19.38%	CHMP2B;ARHGAP21;SPTSSB;TRAPPC8;GORASP2;LMAN1;ATP8B1;LRRK2;CAV2;DYNC2H1;ALS2;LYSMD3;HACE1;SYNE1;SPTBN1;HOOK1;ANXA8;ANK3;SERP1;ARHGEF7;SNX10;REEP3;DYM;COG3;VPS4A;PRKD1;PHETA2;SEC61A1;GOLGA8J;TRAPPC12;MYO18A;GOLGA5;FBXW8;COG7;PI4K2B;RAB22A;CSNK1D;RAB6B;RAB2B;PHETA1;TBC1D20;ARFGEF1;GOLPH3;UBXN2A;LAPTM4B;SEC16A;PLEKHA3;SNX33;ZNF501	GO_Biological_Process_2023
prerank	Skeletal System Development (GO:0001501)	0.38924209150961186	1.1183114960656784	0.23346693386773548	0.43649711412750414	1.0	56/146	28.19%	KIAA1217;SHOX2;CMKLR1;SULF1;EPYC;MMP16;MYOC;ANKH;HOXD3;GDF11;EXT1;TBX4;TRPS1;BMP7;HHIP;GDF10;ADAMTS4;RAB33B;NKX3-2;ITGB8;FRZB;CD44;TGFB2;TLL1;DYM;PAPSS1;GDF2;COL1A1;HOXA13;MMP14;CREB3L2;NPR3;FGFR1;BMP3;PCSK5;IL17F;GHRL;HYAL2;SPAM1;STC1;BMP8B;IHH;POLR2D;GNAS;FGFR2;PPIB;SLC10A7;CDH11;PKDCC;XYLT1;CHD7;HOXA11;BMP6;EN1;COL18A1;EXTL1	GO_Biological_Process_2023
prerank	Negative Regulation Of Protein Metabolic Process (GO:0051248)	0.3941909466116434	1.1238965325787789	0.22645290581162325	0.43820051430243395	1.0	44/143	24.82%	MRPL13;CRYAB;RGP1;SYNCRIP;SERPINB12;CYP51A1;CAPRIN1;ITGAV;EDNRB;EPHA4;TRIM2;DHX36;GZMB;EIF4E2;SERBP1;SERPINE2;AKT1;EIF2AK2;TSC1;ATRAID;PFDN2;RNF139;IGF2BP2;NHLRC3;DHFR;EIF4A3;CDK5RAP3;RBM4;EDN1;NELL1;DDX6;IAPP;BTG2;HSP90AB1;ZAR1;DNAJC1;PFDN6;LARP1;CLU;MAD2L1;TIA1;GAPDH;PCIF1;ENC1	GO_Biological_Process_2023
prerank	Negative Regulation Of Cell Differentiation (GO:0045596)	0.38930870473867807	1.1141054181930161	0.19119119119119118	0.43882040538707323	1.0	64/206	23.85%	CAV1;CNTN4;SPRY1;PEX2;NFKBIA;CDK6;BBS12;SFRP2;SOX2;SEMA4D;RUNX1T1;ITGAV;NBR1;HEY1;EPHA4;ACTL6A;PTEN;SIRT1;CRIM1;BMP7;SPRY2;TRIO;TMEM64;GDF10;POU4F2;IGF2;MYB;COL5A2;NKX3-2;RORA;TWIST1;WWTR1;NOCT;USF3;METTL14;ADGRV1;PTPN11;SUZ12;ENPP1;BMP4;RANBP3L;TRPM4;COL5A1;HDAC9;TENT5C;IFNG;PPARA;PPARG;HOPX;SIX3;PTCH1;NOTCH1;ADIPOR1;HPN;PTGR3;SORD;HOXA9;YTHDF2;REST;YAP1;NKX2-1;ESRRB;FOXO1;TNFAIP6	GO_Biological_Process_2023
prerank	Protein Homooligomerization (GO:0051260)	0.3972020861446162	1.1228337624017342	0.23470411233701102	0.4395671985332049	1.0	48/125	30.68%	BCL10;PKD2;ME1;ELAVL1;G3BP2;KCNC2;ALS2;TRPV1;SYCP1;RS1;AQP11;POLQ;IKZF4;P2RX3;BEND3;TRIM72;SPAST;ADCY8;SLC1A2;APLP2;TRPA1;CBR4;HCN1;GLRA3;TRPM4;KCNJ2;PRMT8;SOD2;AQP4;CLYBL;CLU;GLS;USP16;EHD4;TIFA;ACACB;KCNJ12;APIP;ATL3;ZNF746;TMEM120A;HLA-G;ALAD;ZBTB1;THG1L;TNPO1;ECT2;STEAP4	GO_Biological_Process_2023
prerank	Positive Regulation Of Transcription By RNA Polymerase II (GO:0045944)	0.379953484341113	1.124267580213732	0.025	0.4399962635405582	1.0	224/910	20.03%	TBL1XR1;PAXBP1;ATF2;ZNF639;HMGB2;FGF2;E2F3;POU3F2;TET2;PTPRN;LMX1A;BMPR1B;PEX2;NFKBIA;PKD2;ZBTB18;HNF4G;PRKRA;PGR;MEOX2;NRIP1;ELF1;SMARCA5;THRB;ALX1;RBPJ;NAMPT;SFRP2;ELL2;RFX6;PHIP;AUTS2;MYBL1;MED4;MEF2C;TXK;SOX2;CDK13;GATA6;LMO7;PITX2;MEF2A;EHF;GTF2I;CREB1;PPP3CA;HOXA7;MYF6;NCOA2;HIVEP1;CITED2;KDM1B;HMGA2;SMAD4;ZEB2;NRL;GDNF;NFYC;PCGF5;LPIN2;EPC1;ESRRG;HEY1;CCDC62;HNF4A;BMPR1A;BMPR2;ZFPM2;SF3B1;DHX36;TCF21;FOXO3;HOXD3;TAF2;SIRT1;INO80;ZMIZ2;TBXT;DMRT1;TCF4;IRF5;TET1;PWWP2A;MED12L;WT1;H2AZ1;TFAP2A;TFEB;STAT4;RARB;FOXC1;POU4F2;MET;HOXC4;DCN;IGF2;KLF5;HDAC3;HEY2;RIPK2;MYB;HSF2;STAT1;FOXJ2;E2F7;HDAC2;MLXIPL;RORA;PRDM5;NUCKS1;ZBTB38;ZSCAN21;TET3;TFDP2;PPP1R12A;LDB1;DEK;RARA;POU4F1;NKX2-5;TWIST1;TNFSF11;NR2C2;POU2AF1;GLI3;UBP1;ASCL3;LDB2;MED23;PRDM15;WWTR1;LARP7;CREBZF;JUN;NFIB;BHLHE22;PRKD1;ATF7;LPIN1;BMAL2;ETV1;USF3;OLIG1;APBB2;HGF;GDF2;NCOA7;BCL11B;APP;EOMES;TCF15;IRF4;ISL1;DHX9;GLIS3;TFAP2B;FOSL2;SATB2;ASXL3;BMP4;GTF2A2;TP63;TMF1;STING1;IL17A;ERCC6;TCF12;LMO2;GARS1;EFCAB7;NKX6-1;RIPK1;PRKN;CSRNP1;TOX3;IKBKB;ZNF609;EDN1;NUFIP1;STAT5A;SSBP2;KAT5;ATOH7;FOXD3;GLMP;POU2F1;ATF5;TLR2;RUNX2;TCERG1;NR1D2;HYAL2;CDC5L;ELF3;ADCYAP1;CCNA2;MED7;ACVRL1;NFE2L2;NR2F2;PAX6;SALL1;PAX3;PLSCR1;AHR;ST18;TMPRSS6;NKX2-6;PPARGC1B;SENP1;PFKM;LITAF;PPARA;ATF6B;DBP;CREBRF;PPARG;PPARGC1A;MITF;ATF3;NR1H4;TFDP1;IRF8;JUNB	GO_Biological_Process_2023
prerank	Fatty Acid Metabolism	0.38103997658421396	1.0867732779255492	0.2782782782782783	0.44002214520275745	1.0	47/154	25.90%	SUCLG2;BMPR1B;ME1;GPD2;ENO2;RAP1GDS1;FABP2;HSD17B11;VNN1;H2AZ1;CD36;UGDH;CPOX;MDH1;SUCLG1;AADAT;RDH11;OSTC;ELOVL5;ADH7;HADHB;HSPH1;DLD;HSD17B4;BCKDHB;ACADL;CD1D;ACSS1;DECR1;PPARA;EHHADH;EPHX1;ACOT8;NBN;GAD2;ACSL1;ACOX1;SLC22A5;SUCLA2;PRDX6;CA2;ODC1;PTPRG;INMT;S100A10;IDH1;NTHL1	MSigDB_Hallmark_2020
prerank	DNA Metabolic Process (GO:0006259)	0.38471123264483387	1.1143287911567008	0.148	0.44099163737056635	1.0	79/283	22.70%	INO80D;HMGB2;ORC2;SMARCA5;TOP2B;ERCC5;NAP1L1;MSH6;TERF1;NT5E;UCHL5;XRCC5;MSH3;PRIM2;ORC4;LIG3;GEN1;PSME4;ATR;ACTL6A;PDS5A;UBE2N;DUT;INO80;ISG20;MRE11;FANCL;HPF1;DMC1;FOXE1;PWWP3A;OGG1;POLQ;MCM3;USP45;TSN;RECQL;FBH1;POLB;TRRAP;MNAT1;DNASE1;GTF2H4;RAG1;SLX4;ZNF827;POLD3;ORC1;POLD2;DCLRE1C;NABP1;DNA2;RAD50;DONSON;ORC6;BARD1;NUDT1;SMC1A;FANCC;GADD45A;RBBP8;MCM6;REV1;NEIL3;BTG2;POLE2;RAD52;CDC34;ERCC3;UBE2V2;NBN;KIN;INO80B;MSH2;RFC2;PCLAF;ORC3;ZRANB3;MCM9	GO_Biological_Process_2023
prerank	Regulation Of Translation (GO:0006417)	0.3863865073085328	1.1126818515052013	0.20240480961923848	0.44172057585379704	1.0	50/196	19.39%	ELAVL1;MRPL13;TSFM;YTHDF1;SSB;GRM5;SYNCRIP;PUM3;CAPRIN1;EPHA4;TRIM2;DHX36;PRR16;FOXO3;GZMB;EIF4E2;ELP4;MSI2;SERBP1;EIF2AK2;PIWIL2;TSC1;MTIF2;RNF139;IGF2BP2;NHLRC3;METTL14;GEMIN5;APP;EIF3H;DHFR;HNRNPD;DHX9;UPF3A;EIF4A3;SAMD4A;OGFOD1;EIF5B;RBM4;ELP5;LARP1B;BZW2;IMPACT;DDX6;NAT10;ELP2;GUF1;BTG2;RPS6KB1;PLD1	GO_Biological_Process_2023
prerank	Positive Regulation Of Cellular Process (GO:0048522)	0.37932389159851665	1.1145592299874372	0.07	0.44316576403932084	1.0	210/582	29.94%	CAV1;ZNF639;LAMC2;FGF2;POU3F2;CCN2;EFNB2;PDCD10;NAMPT;SFRP2;REG1B;PDGFD;CD47;PHIP;NAP1L1;TNFRSF11A;BCL2;FGFR4;TSHR;AREG;KDM4C;MDM2;RICTOR;PPP3CA;IL12RB2;FTMT;OSMR;CITED2;CD86;ITGAV;MYL1;VEGFC;PDGFC;PKHD1;GDNF;HTR1A;TGFBR2;EPHA4;ACTL6A;DPP4;FCGR2B;DHX36;KITLG;PTEN;PRKAA1;ERBB4;SIRT1;FKBP1B;INO80;FN1;PGF;BRAT1;CNOT7;IL12A;CDC123;EXOSC9;TENM4;POU4F2;AQP11;AKAP6;IGF2;AKT1;HDAC2;MLXIPL;CDKN2AIP;TTK;ESM1;RARA;NKX2-5;TWIST1;KDR;TGFB2;PTGFR;ADGRG1;PDGFRA;PA2G4;PPP1R13L;WWTR1;CSPP1;IL7;KIF14;IGF1R;SDCBP;TRIM32;RTKN2;IL1B;ISL1;TFAP2B;SLC6A6;POU3F3;MMP14;S1PR2;BMP4;CSF2;DUSP26;IRS1;NTF3;S1PR3;THPO;FGFR1;PTN;TSC22D1;FLT3;EDN1;CRKL;REG3A;CXCL5;PTK6;TSPAN31;NACC1;MFSD2A;RYR2;HBZ;SRPK2;LIFR;COX17;TRPM4;ARID2;TLR2;FBXO5;NID1;CNOT6L;CCAR1;CAPNS1;DICER1;FGF5;EZH2;CXCR2;IFNG;NKX2-6;ITGAX;HSP90AB1;GAB2;PRL;STX3;GDF9;ARMC12;FRMD5;NRG1;NOP2;NOTCH1;HBEGF;HPN;TCIRG1;HILPDA;NTN1;C1QTNF8;CCDC25;LAMA2;NKX3-1;GAREM1;TJP1;NTRK3;TGFA;IL31RA;YAP1;PDGFB;CCND2;FGFR2;BST1;ACER3;NCCRP1;TRIM21;PRR5;CTNNB1;F2R;PAK1;ERBB2;LYN;CDH3;INSM1;SPAG5;FGF19;CUL3;SPHK1;HDGFL2;MYRF;CIB1;CACUL1;EIF4G1;CD81;PROX1;BMP6;LEF1;CDC7;TMEM250;EREG;SINHCAF;LAMB1;CDCA7L;PARD3;EPO;CNOT6;DYNC1H1;IL4;SHC1;KRT6A;IL11RA;FUT7;TIAM1;CCL19;SUPV3L1;EDN3;WNT1;CSF1R;EPCAM;THBS1;CSF1;MARCHF7;TEAD1	GO_Biological_Process_2023
prerank	Epigenetic Regulation Of Gene Expression R-HSA-212165	0.4822401404372331	1.3711290963287894	0.009027081243731194	0.4435936444319838	0.475	39/116	21.69%	CBX3;TET2;SMARCA5;POLR1D;AEBP2;SF3B1;MTA3;SIRT1;ARID4B;TET1;H2AZ1;DPEP2;HDAC2;TET3;DEK;MNAT1;CCNH;GTF2H4;POLR1E;POTEF;BAZ2A;SAP30BP;DNMT3A;POLR1G;EHMT2;SUZ12;MTA2;SAP30;ERCC6;TAF1A;GTF2H2;POLR2H;EZH2;SAP18;ERCC3;PHF19;SAP130;CHD3;EED	Reactome_2022
prerank	Regulation Of Protein Kinase Activity (GO:0045859)	0.3923109612571231	1.1099954247960908	0.2442211055276382	0.44402531842442206	1.0	44/112	31.16%	PTPRC;RAP2B;SNCA;LRRK2;XRCC5;ALS2;TARBP2;SIRT1;AKT1;MAP2K3;PRKAG2;TAB2;WWTR1;YWHAG;PLCE1;RELN;NF1;CENPE;RAPGEF2;MAP3K5;CCNA2;GAS6;SNX9;RASSF2;TSC2;PDPK1;CCNY;DUSP19;ORC3;DBNDD1;INPP5K;TTN;MMD;TRIB1;CACUL1;GNAQ;EREG;CARTPT;GSTP1;CCL19;CSF1;SPRED1;ECT2;PTK2B	GO_Biological_Process_2023
prerank	Cellular Response To Tumor Necrosis Factor (GO:0071356)	0.39364259824231373	1.110578653337193	0.26479438314944836	0.4444971300792315	1.0	51/116	36.40%	ASAH1;NFKBIA;TNFRSF11A;LRRK2;FOXO3;SIRT1;TNFRSF21;AKT1;STAT1;TNFSF11;BAG4;RRAGA;TANK;TRAF3;DHX9;CD58;CRHBP;RIPK1;IKBKB;HYAL2;CCL4;GSDME;NFE2L2;ST18;SPAM1;TRAF1;JAK2;CXCL8;NKX3-1;INPP5K;LIMS1;GATA3;TRADD;HMHB1;TRAF6;CIB1;CCL20;CCL19;ZFAND6;ADAMTS7;TCL1A;PTK2B;PLVAP;CCL21;YBX3;ZFP36L2;ERBIN;OCSTAMP;GBA1;CHI3L1;GBP3	GO_Biological_Process_2023
prerank	Protein Localization (GO:0008104)	0.3817465978740906	1.10846169977917	0.128	0.44470123940201295	1.0	114/343	28.38%	CAV1;AP3B1;SNX6;NIPBL;ARL4A;BBS7;NBEAL1;RAB5A;CPE;LYST;SLU7;LRBA;PEX5L;PHIP;ANK2;ARF6;ATP8B1;LRRK2;INSC;USO1;RAB28;RABL2A;SAR1B;RAB19;MYO7A;ARL6;NBEA;HOOK1;SEPTIN9;DRD2;LAMTOR3;WLS;ARFIP1;ANK3;VPS26A;PEX13;AKAP11;STX6;COPB2;RAB23;HEY2;ODR4;STX7;SYNRG;GRID2;RAP2A;RTP4;HEATR5B;RAB20;COG3;SEC13;RTP2;RAB21;CEP128;PARD3B;RRAGA;FHIP1A;GRPEL2;RRAGD;HEATR5A;SCFD2;COG7;RAB6A;RAB22A;RAB6B;TM9SF3;TNS4;STX2;TMED5;PRRT1;IFT27;SNX9;TM9SF2;CCDC68;ARF3;TSC2;RAB32;ERCC3;STX3;SNX13;RRAGC;ATG13;VANGL2;KIF3A;ATG9A;GRPEL1;TMED7;WIPI1;RABL2B;MARVELD3;FBLN5;AP4E1;AKAIN1;CTNNB1;NIN;DUOXA1;ABHD17A;IST1;ARFIP2;ARL4C;CNTLN;CD81;EIF2D;ACD;NBEAL2;DOC2B;FERMT2;STX5;RAB18;MYO6;PARD3;PACS2;HEG1;SCFD1	GO_Biological_Process_2023
prerank	Mitotic Cell Cycle Phase Transition (GO:0044772)	0.3946079816817499	1.1109755811106143	0.24397590361445784	0.44585026596952126	1.0	34/109	27.28%	E2F3;CDK14;CDK6;EPS8;CCNO;TPD52L1;BCAT1;CDC25C;PLK2;TAF2;CCDC57;RCC1;ARPP19;PLCB1;FBXL7;SPAST;CCNJL;KDM8;CHMP4A;CCNA2;DBF4;RPS6KB1;CDC34;CCNY;GPR132;CCNG2;CHMP7;CCND2;CDK1;CUL3;CCNA1;CUL4A;CACUL1;CDC7	GO_Biological_Process_2023
prerank	Protein-Containing Complex Organization (GO:0043933)	0.3952686574241708	1.108495037502359	0.2562814070351759	0.44763217907371966	1.0	39/121	25.68%	CD2AP;CAPZA2;NEMF;WDR19;TPR;NIFK;MDM2;RIMS1;DMTN;LIN7A;APBA1;PICALM;PALS2;FGA;CAPG;CD3G;RANBP9;MNAT1;TEAD2;SLC25A46;GEMIN5;DHX9;WASF3;FANCC;NDC1;SNX9;SLC7A9;NUP54;PPARGC1A;MITF;DNAJB14;TRAF1;PML;YAP1;SHANK1;GPAA1;WASL;APC;LPXN	GO_Biological_Process_2023
prerank	Negative Regulation Of Growth (GO:0045926)	0.38997348552942285	1.1065791411239114	0.254	0.4500649890464471	1.0	26/119	18.24%	DCBLD2;SFRP2;SLIT2;OSGIN2;ESR2;SMAD4;HNF4A;BMPR2;PPT1;SIRT1;WT1;RTN4;CDKN2AIP;CCN3;FRZB;JADE1;SH3BP4;TGFB2;RERG;GDF2;MT3;ENPP1;CDKN2A;HYAL2;MT1X;ACVRL1	GO_Biological_Process_2023
prerank	Positive Regulation Of Peptidyl-Tyrosine Phosphorylation (GO:0050731)	0.3909627457745807	1.1058286574144074	0.24524524524524524	0.45018773196746953	1.0	48/127	31.93%	BANK1;PTPRC;SEMA4D;GRM5;EFNA5;EPHA4;ERBB4;IL12A;ITGA5;IGF2;RIPK2;CD44;THBS4;HGF;NOX4;PTPN11;RELN;CSH1;CSF2;NTF3;IL5;FLT3;PTK6;NELL1;GAS6;IFNG;CASS4;ARL2BP;JAK2;IL31RA;IL20;PDGFB;PIBF1;PTPN1;LYN;CD81;BMP6;GPRC5B;EFNA1;ACVR1;EPO;IL4;CSF1R;TNK2;PTK2B;AGT;IL6;DOK7	GO_Biological_Process_2023
prerank	HCMV Infection R-HSA-9609646	0.43098507810515413	1.2236773949589068	0.07823470411233702	0.45064261956523405	0.997	34/121	25.92%	TBL1XR1;CHMP2B;CHMP4C;PCSK1;DYNC1I1;TPR;CREB1;DYNC1LI1;DUT;VPS36;HDAC3;VPS4A;SEC13;KCNH8;HNRNPK;SUZ12;HSD17B4;IRS1;NCOR2;DYNC1I2;NDC1;EZH2;NUP54;CBX1;NUP42;TXN2;NCOR1;SNF8;EED;PML;CHMP7;TRMU;CHMP6;VPS37A	Reactome_2022
prerank	Axon Guidance R-HSA-422475	0.42529279846624185	1.243510320554581	0.001	0.45184477036315274	0.988	180/508	27.88%	RPL15;EPHA7;CHL1;RPL22L1;ROBO2;PKN2;DOK6;LHX9;EFNB2;CACNB4;NELL2;ST8SIA4;MYO10;SLIT2;RPL39L;MRPL13;PIK3CA;TRPC4;ANK2;TRPC1;PTPRC;SOS2;SEMA4D;YES1;ROBO1;GAP43;CREB1;TRPC6;CACNB2;SCN9A;SEMA3E;PSMA6;VAV3;COL9A1;SEMA5A;EFNA5;EZR;PSMD14;RPL30;CXCR4;COL4A4;ITGAV;GDNF;SH3KBP1;SCN7A;SPTBN1;PSME4;COL4A3;PSMD12;CD24;UPF2;SH3GL2;EPHA4;APH1B;TRPC3;SEMA3A;UNC5C;SOS1;GRIN2B;FYN;PSMD4;COL6A2;ELOC;EPHA5;TRIO;RPS8;DPYSL5;ANK3;PSMD5;ITGA5;PFN2;EPHA6;CACNB1;ANK1;NRCAM;ARHGEF7;PRKACB;SCN11A;ITGA2;MPP3;FRS2;RANBP9;LDB2;RPL10L;RPS21;ALCAM;POTEF;DLG1;SDCBP;NRP2;UNC5B;GRB10;RPL9;FARP2;PTPN11;PSMB11;RPS13;RELN;ISL1;RPL6;UPF3A;EIF4A3;EPHB1;DSCAML1;SCN3B;PLXNC1;NTN4;NGEF;FGFR1;NCAM1;DAG1;VLDLR;SRGAP2;SCN4B;SEMA6A;RPL36AL;RPL34;SCN8A;ENAH;PSMA2;KALRN;CNTN1;RGMB;HSP90AB1;MYL12A;GAB2;CSNK2A2;CAP1;SCN2A;RPL19;DOK1;RPL7;SCN10A;GFRA1;SHTN1;TRPC5;ITGA9;CRMP1;NRTN;NTN1;MMP2;RPL4;PABPC1;RDX;PSMC1;GFRA2;RPS19;EPHA2;RPL29;ABLIM2;SRGAP1;ACTG1;COL4A2;RPL11;ABLIM1;DCC;CACNA1C;CNTN6;ERBB2;LYN;RPS12;WASL;ACTR3;MYL9;HSPA8;ARHGEF28;EPHA3;MYL12B;NCBP2;EFNB1;CDK5R1;ROCK1;ARPC2;EIF4G1;RHOB;PSMD6;EFNA1;LAMB1;MAP2K1;SEMA6D	Reactome_2022
prerank	UV Response Up	0.37750681353834253	1.0742616196186778	0.31162324649298595	0.4523233502961542	1.0	67/156	34.55%	TACR3;NFKBIA;SHOX2;PTPRD;ENO2;BTG3;HSPA13;PPT1;ATP6V1C1;NAT1;GCH1;MGAT1;NKX2-5;ALAS1;PPAT;STARD3;RAB27A;TST;MMP14;PRPF3;DNAJB1;CLCN2;NXF1;POLR2H;ARRB2;SLC6A12;HYAL2;CDC5L;BTG2;CDC34;ATF3;EPHX1;SOD2;JUNB;CYB5R1;FOS;GRPEL1;GLS;NTRK3;CA2;LYN;NPTXR;CXCL2;TARS1;ABCB1;TGFBRAP1;RRAD;CHRNA5;RHOB;MAPK8IP2;OLFM1;CREG1;EPCAM;KCNH2;BTG1;BMP2;TCHH;IL6;NPTX2;FURIN;TYRO3;DGAT1;CDO1;CEBPG;EIF5;CDK2;CLTB	MSigDB_Hallmark_2020
prerank	Allograft Rejection	0.37418458695442314	1.078649780854042	0.272	0.45405711259661735	1.0	52/195	22.64%	BCL10;TLR6;ST8SIA4;CD47;PTPRC;UBE2D1;BCAT1;CD86;GCNT1;FCGR2B;UBE2N;GZMB;IFNGR1;IL12A;STAT4;C2;CD8A;RIPK2;AKT1;STAT1;MAP4K1;CAPG;LY75;FYB1;CD3G;MTIF2;TGFB2;IL7;RPL9;IL1B;IRF4;DYRK3;CDKN2A;IL2RG;IKBKB;HLA-DMB;NCF4;CD1D;TLR2;RARS1;HDAC9;CCL4;IFNG;CXCL13;IRF8;LY86;CD8B;GZMA;ACVR2A;JAK2;RPS19;ZAP70	MSigDB_Hallmark_2020
prerank	Lysosomal Transport (GO:0007041)	0.39555528623095043	1.1035860409234808	0.26532663316582916	0.45408872401318273	1.0	39/102	30.00%	SNX16;CHMP2B;CHMP4C;TMEM106B;VPS54;ALS2;HOOK1;PIK3C3;ZFYVE16;SCARB2;NPC1;VPS4A;EPG5;ARSB;CHMP4A;ATP13A2;ARL8B;PRKN;USE1;CHMP5;NCOA4;BECN2;RAB7B;CHMP7;RAB12;LRP1;MGRN1;ASB15;CHMP6;ATG14;TGFBRAP1;RHOB;PLEKHM1;CHMP3;RBSN;HGSNAT;AP4M1;GCC2;VIPAS39	GO_Biological_Process_2023
prerank	Positive Regulation Of Intracellular Protein Transport (GO:0090316)	0.38785607474883915	1.1036966317637595	0.2710843373493976	0.45660042217858415	1.0	32/123	21.64%	ZDHHC2;PDCD10;LEPROT;TPR;SH3GLB1;FBXW7;RUFY3;SAR1B;ICE1;GZMB;FYN;ANK3;UBE2D3;C2CD5;HDAC3;ZIC1;IL1B;MBD1;ZFAND1;RIPOR1;NMT1;EFCAB7;HYAL2;GAS6;PRR5L;IFNG;MTCL1;RBM22;RAPGEF3;CSNK2A2;ATG13;TCAF1	GO_Biological_Process_2023
prerank	O-linked Glycosylation R-HSA-5173105	0.45703911284878607	1.287905431762609	0.052313883299798795	0.4581287404431821	0.912	45/100	31.05%	THSD7A;ST6GALNAC3;ADAMTS3;B3GALNT2;GALNT3;GALNTL6;SEMA5A;SBSPON;ADAMTSL3;B4GALT6;GCNT1;B3GNT6;ADAMTSL1;ADAMTS13;GALNT6;ADAMTS4;ADAMTS19;GCNT4;GCNT3;GALNTL5;ADAMTS9;ST6GAL1;ADAMTS1;B3GNT4;B3GNT5;DAG1;ADAMTS20;ADAMTS17;MUC20;C1GALT1;SPON2;ADAMTS18;MUC17;GALNT2;SEMA5B;ADAMTS14;MUC12;MUC13;GALNT10;THBS1;ST3GAL4;GALNT1;B3GNT8;ADAMTS7;THSD1	Reactome_2022
prerank	heme Metabolism	0.3767747816445911	1.0869883319004978	0.258	0.46040353239819326	1.0	61/192	24.60%	TYR;CAT;BMP2K;CAST;ELL2;DCUN1D1;HEBP1;NEK7;SNCA;DMTN;SLC30A10;GMPS;MINPP1;LPIN2;FOXO3;SLC7A11;PICALM;EIF2AK1;DAAM1;ANK1;CPOX;FOXJ2;MAP2K3;ABCG2;TFDP2;CIR1;RNF19A;MGST3;SDCBP;TRAK2;DCAF11;ACSL6;CCDC28A;SLC11A2;NARF;LMO2;BPGM;FBXO34;MKRN1;HBZ;KLF3;ALDH1L1;ATP6V0A1;SMOX;TENT5C;BTG2;EPB42;GAPVD1;EPB41;ADIPOR1;PIGQ;NCOA4;NNT;ARL2BP;MBOAT2;RANBP10;CA2;GYPC;TRIM10;NFE2;NR3C1	MSigDB_Hallmark_2020
prerank	PI3K/AKT Signaling In Cancer R-HSA-2219528	0.46090521931185896	1.2941677230442183	0.03919597989949749	0.4636340446654686	0.889	38/105	25.38%	PIK3CA;FGFR4;NRG3;AREG;ESR2;MDM2;CREB1;RICTOR;CD86;FOXO3;KITLG;PTEN;SOS1;ERBB4;FYN;AKT1;FRS2;PDGFRA;NRG2;PTPN11;IRS1;FGFR1;FLT3;KL;FGF5;TSC2;GAB2;PDPK1;NRG1;HBEGF;TGFA;ICOS;PDGFB;FOXO1;FGFR2;PRR5;ERBB2;FGF19	Reactome_2022
prerank	HATs Acetylate Histones R-HSA-3214847	0.4374215699928013	1.2238103727652634	0.09346733668341708	0.4695087845578666	0.997	27/103	18.51%	ENY2;TAF5L;NCOA2;GDNF;ATXN7;EPC1;KDELR2;ACTL6A;BRPF3;JADE2;KAT14;ZZZ3;KAT6B;JADE1;TRRAP;ING3;YEATS4;POTEF;YEATS2;CLOCK;ELP5;SUPT20H;KAT6A;KAT5;HAT1;ELP2;PAX3	Reactome_2022
prerank	PI3K/AKT/mTOR  Signaling	0.386784686769901	1.0893673034067006	0.30452261306532663	0.4718611829481939	1.0	50/105	36.99%	NOD1;PITX2;VAV3;CXCR4;UBE2N;PTEN;UBE2D3;CAMK4;AKT1;ITPR2;MAP2K3;PLCB1;IRAK4;PTPN11;DAPP1;ADCY2;IL2RG;PIKFYVE;RIPK1;MAPK10;NGF;TSC2;ACACA;PPP1CA;RALB;CAB39L;CDK1;MYD88;ACTR3;RAC1;GNA14;TBK1;IL4;ARPC3;RAF1;TIAM1;CDKN1B;CSNK2B;PRKAA2;MAP3K7;DDIT3;CDK2;RPTOR;CAB39;NFKBIB;ARHGDIA;MKNK1;PDK1;PAK4;HSP90B1	MSigDB_Hallmark_2020
prerank	Negative Regulation Of PI3K/AKT Network R-HSA-199418	0.4375679996578209	1.2266346686347622	0.08224674022066199	0.47225152853608593	0.995	37/111	25.38%	PIP4K2A;PIK3CA;FGFR4;NRG3;AREG;ESR2;CD86;PPP2R5E;KITLG;PTEN;SOS1;ERBB4;FYN;AKT1;FRS2;IRAK4;PDGFRA;PPP2R5C;NRG2;PTPN11;IRS1;FGFR1;PIP5K1B;FLT3;KL;FGF5;GAB2;NRG1;HBEGF;TGFA;ICOS;PDGFB;FGFR2;MYD88;ERBB2;TRAF6;FGF19	Reactome_2022
prerank	Protein-Containing Complex Assembly (GO:0065003)	0.37851837281076	1.097740333859886	0.186	0.47304943982631437	1.0	99/318	25.85%	CD2AP;DNAI4;CAPZA2;ANO6;BBS12;CAND1;NEMF;TBCE;WDR19;TRAPPC8;SHQ1;NIFK;MDM2;RIMS1;SNCA;LRRK2;DMTN;CASP4;RSPH4A;SMAD4;HSPD1;LIN7A;KRIT1;APBA1;ARL6;PICALM;PALS2;CHCHD4;FN1;TCF4;CDC123;BBS10;DNAAF2;FGA;CAPG;HSPA4;CD3G;RANBP9;MNAT1;NPC1;TEAD2;CENPW;GPX4;HIP1;SLC25A46;GEMIN5;FARP2;WDCP;TRAPPC12;ADCY8;OMA1;DHX9;CENPE;COL16A1;CHMP4A;CENPC;STING1;STXBP6;CSNK1D;GARS1;RIPK1;CCDC65;WASF3;DNAAF11;STMP1;FANCC;MCU;CENPF;SNX9;SLC7A9;HIGD1A;HSP90AB1;PPARGC1A;HOPX;MITF;PFDN6;NRG1;DNAJB14;TRAF1;CLU;ANLN;MKKS;ADRB2;PML;SRPRB;SLC31A1;YAP1;PILRB;SHANK1;OPA1;GPAA1;WASL;APC;CCDC39;HIGD2B;SLC9A1;LPXN;AIFM1;DNAAF1	GO_Biological_Process_2023
prerank	Xenobiotic Metabolism	0.3810487849294194	1.0945603331424412	0.2502502502502503	0.47440867957831506	1.0	56/197	23.60%	TYR;CAT;ENPEP;TTPA;PDLIM5;PTGR1;BCAT1;SAR1B;LPIN2;HNF4A;MAN1A1;VNN1;DHRS1;CD36;CYP27A1;GCH1;UGDH;CNDP2;ARPP19;MCCC2;TGFB2;ARG1;NPC1;ALAS1;IGFBP4;SLC35D1;ADH5;ABCD2;ELOVL5;IL1R1;ADH7;SLC6A6;MARCHF6;COMT;NMT1;CES1;ACOX3;SLC6A12;SPINT2;SMOX;CYFIP2;GSTA3;HSD11B1;EPHX1;IRF8;CYP26A1;ACOX1;TPST1;NDRG2;RBP4;EPHA2;SERPINA6;CA2;PAPSS2;TAT;CYP2S1	MSigDB_Hallmark_2020
prerank	Positive Regulation Of Cell Migration (GO:0030335)	0.38127341759301997	1.0981209999237542	0.197	0.4744587882459596	1.0	103/266	29.79%	CAV1;LAMC2;NIPBL;PDCD10;PDGFD;CPNE3;PTPRC;SEMA4D;DMTN;PPP3CA;SEMA3E;GAB1;RUFY3;SEMA5A;SEMA3D;CXCR4;PDGFC;MYOC;EPHA4;BMPR2;SYNE2;SEMA3A;FN1;PLAU;SPRY2;ARHGEF7;RTN4;TWIST1;KDR;TGFB2;PDGFRA;SMIM22;CLDN4;CARMIL1;PLAA;IGF1R;SDCBP;TRIM32;IL1B;HGF;COL1A1;MMP14;RIPOR1;ELP5;NTF3;ZNF609;EDN1;RAPGEF2;CRKL;TMSB15A;NELL1;SEMA6A;FBXO5;CCAR1;CBLL1;SEMA4F;CCNA2;CNTN1;IFNG;ITGAX;SMO;GLIPR2;CASS4;SOD2;SEMA3B;MAP4K4;SHTN1;NOTCH1;HBEGF;SEMA4C;APELA;RDX;LRRC15;TJP1;EPHA2;NTRK3;PDGFB;TRADD;RAB11A;SEMA3C;F2R;PAK1;SEMA5B;STAT3;APC;SPHK1;CIB1;FZD4;SEMA3F;LEF1;FERMT2;LAMB1;ACVR1;SEMA6D;FERMT1;IL4;SRGAP2C;SEMA4B;ROR2;TIAM1;CSF1R;THBS1;CSF1	GO_Biological_Process_2023
prerank	Positive Regulation Of Macromolecule Biosynthetic Process (GO:0010557)	0.3858471083311299	1.0933227265984573	0.3058350100603622	0.47655644223930527	1.0	33/119	19.39%	FGF2;NAMPT;ELAVL1;YTHDF1;FGFR4;SSB;DYRK2;PRR16;SIRT1;IGF2;AKT1;PIWIL2;LDB1;KDR;TGFB2;SORBS1;METTL14;IL1B;HGF;HNRNPD;HSPH1;UPF3A;EIF4A3;SAMD4A;IRS1;NMD3;LARP1B;TLR2;NAT10;GUF1;IFNG;RPS6KB1;PLD1	GO_Biological_Process_2023
prerank	Positive Regulation Of NF-kappaB Transcription Factor Activity (GO:0051092)	0.3849537480391987	1.0947484647902934	0.27	0.47663842936422235	1.0	58/148	27.51%	CAV1;BCL10;NOD1;TLR6;TNFRSF11A;PSMA6;MAP3K13;TRIM13;UBE2N;NTS;PIDD1;TRIM34;CD36;TRIM62;RIPK2;EIF2AK2;USP14;SLCO3A1;TNFSF11;LAMTOR5;PRKD1;TRIM32;RTKN2;IL1B;CLOCK;APP;IL18R1;NTRK1;DHX9;MALT1;RIPK1;IKBKB;MTDH;TLR2;TRIM14;RNF25;TRIM38;TRAF1;CLU;IRAK2;FLOT1;ROR1;PRKCI;RAB7B;TRIM15;PRKCZ;TRIM21;TRADD;RIPK4;MYD88;TRAF6;STAT3;SPHK1;CIB1;CARD16;CFLAR;ZBTB7A;TRIM8	GO_Biological_Process_2023
prerank	Actin Filament Organization (GO:0007015)	0.38220249939507933	1.095258420706805	0.274	0.4777107776414466	1.0	48/141	28.94%	CD2AP;SERPINB8;CNN3;EPS8;PPP1R9A;PLS1;DMTN;RUFY3;SH3KBP1;GHSR;ERMN;NOSTRIN;MYO7A;SCIN;ABI2;TLE6;MYO5C;CAPG;XIRP2;CARMIL1;HIP1;DLG1;RHOF;VILL;MYO5A;GHRL;TPM2;SHROOM4;GAS2;MCU;ENAH;CASS4;CLRN1;MARCKSL1;MYO1B;EFS;COBL;ACTC1;GAS2L3;TTN;WASL;RAC1;MYO15A;PROX1;MYO6;FAT1;DPYSL3;MYO7B	GO_Biological_Process_2023
prerank	Regulation Of Cellular Response To Stress (GO:0080135)	0.3931434837650366	1.095816201739346	0.28585858585858587	0.4782752762401484	1.0	27/107	20.54%	INO80D;ENY2;TAF5L;UCHL5;SMYD2;ATXN7;ATR;ACTL6A;UBE2N;TAF2;SIRT1;INO80;OPRM1;TRRAP;ADCY8;DYRK3;CHORDC1;CRHBP;SUPT20H;PRKN;DNAJB1;AIFM2;BARD1;ETAA1;NFE2L2;UBE2V2;INO80B	GO_Biological_Process_2023
prerank	Negative Regulation Of Cellular Process (GO:0048523)	0.3723964460037657	1.0936503773038802	0.12	0.47829063985495834	1.0	190/523	31.26%	CCN2;CHMP2B;DCBLD2;CHMP4C;PKD2;THAP5;PRKRA;CDK6;SPOCK3;TES;SFRP2;SLIT2;PHF14;OSGIN2;TP53INP1;MAGI2;BRINP3;MYBL1;VPS4B;SEMA4D;ESR2;PACRG;CRYAB;GML;SEMA5A;SMAD4;DDAH1;BTG3;SMYD2;COL4A3;WNT16;EPHA4;ACTL6A;HNF4A;ATP8A2;BMPR2;ADAM22;PPT1;PTEN;ERBB4;SIRT1;DRD2;CNOT7;TNFRSF21;BMP7;WT1;TFAP2A;SCIN;VPS13C;POU4F2;AQP11;HOXC9;CTBP1;ANXA6;CD33;E2F7;EIF2AK2;PIWIL2;RTN4;OPRM1;EMILIN1;CDKN2AIP;AZGP1;TSC1;CCN3;PTPN14;CD164;RB1CC1;BRINP1;FRZB;JADE1;SH3BP4;TGFB2;ADGRG1;RNF139;VPS4A;P3H2;PPP2R5C;GMNN;RERG;IL1B;GDF2;NOX4;APP;SUZ12;BRINP2;NTRK1;ADAMTS1;TFAP2B;MT3;PIWIL4;CHMP4A;ENPP1;BMP4;PLXNC1;CDKN2A;APLP2;ADARB1;RAPGEF2;CXCL1;NGF;TACSTD2;ATF5;ARID2;BARD1;HYAL2;SPINT2;CBLL1;GSDME;CHMP5;ACVRL1;TENT5C;ST18;BTG2;TSC2;RIPOR2;HOPX;SOD2;DLG5;SUSD2;FRMD5;ATG13;NRG1;CLU;NOTCH1;FUZ;JAK2;IFIT3;CXCL8;NKX3-1;PIWIL1;REST;ADGRB1;PML;SPHK2;ZNF777;CHMP7;LMNA;GATA3;TGFB1I1;MYO16;CTNNB1;F2R;LYN;INSM1;APC;CER1;LPXN;CHMP6;NIBAN2;FABP3;HOXD10;CCN6;CDK10;CIB1;RBM5;BCL6;PROX1;RHOB;CTBP2;TENM1;EREG;SINHCAF;MAP2K1;CGRRF1;COL18A1;RUNX3;SST;TIAL1;CHMP3;VGLL4;RBBP7;HMGA1;RAF1;NUPR2;CHERP;PLXNB2;THBS1;CDKN1B;BTG1;IGFBP3;NME6;TP53I13;RNF41;CTTNBP2NL;BMP2;TOB1;PTK2B;MYOCD;CSNK2B	GO_Biological_Process_2023
prerank	TCR Signaling R-HSA-202403	0.42706266176895	1.213446500742629	0.0986908358509567	0.4796833883163529	0.998	19/112	9.79%	PKN2;BCL10;NFKBIA;PIK3CA;PTPRC;UBE2D1;PSMA6;PSMD14;UBE2D2;PSME4;PSMD12;UBE2N;PTEN;PSMD4;PSMD5;RIPK2;ARHGEF7;TAB2;FYB1	Reactome_2022
prerank	G Alpha (S) Signaling Events R-HSA-418555	0.428161563032759	1.215605798328232	0.05005005005005005	0.4841957411995054	0.998	45/152	23.12%	PDE11A;PTH2R;GNG12;GNB4;RXFP1;GPR150;TSHR;PRKAR1A;CALCR;PDE4D;PDE7A;PRKAR1B;PDE7B;CRH;TAAR6;ITGA5;GNG2;TAAR5;PTGDR;PRKACB;SCTR;PTGER2;ADM2;PDE8B;RAMP3;GNG3;ADCY8;FSHR;ADCY2;PDE4C;ADCY7;MC5R;GNG5;ARRB2;CALCRL;ADCYAP1;IAPP;RLN2;PDE1A;ADCY6;PDE10A;GNAS;PDE4A;ADRB2;GPR27	Reactome_2022
prerank	Positive Regulation Of Nucleic Acid-Templated Transcription (GO:1903508)	0.37247713061930465	1.0904390532085646	0.124	0.4863300480983294	1.0	184/550	29.75%	TBL1XR1;EDRF1;YAF2;INO80D;HMGB2;FGF2;ENY2;BCL10;ELF1;ALX1;MDFIC;RFX6;NPAS3;TP53INP1;PHIP;MYBL1;MECOM;TAF5L;MED4;MEF2C;SOX2;GATA6;ESR2;MLLT3;CREB1;UCHL5;ELF2;CITED2;HMGA2;CD86;SMAD4;ATXN7;EPC1;ZNF516;ACTL6A;HNF4A;FOXO3;TAF2;PICALM;PRKAA1;ERBB4;MTA3;NAA15;INO80;SPP1;TCF4;BMP7;WT1;TFAP2A;TFEB;FOXC1;FOXE1;CAMK4;MYB;AKT1;STAT1;HDAC2;MLXIPL;MAP2K3;RORA;WAC;ZIC1;PLCB1;KDM3A;NPAS2;RARA;NKX2-5;KAT6B;FZD1;TRRAP;GLI3;ING3;GDF7;YEATS4;TEAD2;ZNF318;JUN;NFIB;BMAL2;IL1B;GDF2;ATF7IP;COL1A1;CLOCK;HNRNPD;EOMES;IRF4;TFAP2B;KDM8;MT3;POU3F3;MTA2;BMP4;CREB3L2;TP63;RNF14;SUPT20H;KAT6A;IKBKB;NIF3L1;SOX10;KAT5;TRIM44;ATF5;RUNX2;NR1D2;MAP3K5;ACVRL1;NR2F2;PAX6;SALL1;PAX3;AHR;RGMB;RNF111;PPARA;FAM170A;PPARG;PPARGC1A;ZNF496;MITF;NR1H4;INO80B;FOS;MLLT1;NOTCH1;CHD3;MYCN;FZD7;NKX3-1;REST;USP16;NR1I2;IL31RA;ZNF281;YAP1;NKX2-1;INPP5K;ESRRB;PDGFB;FOXO1;MED30;GATA3;TGFB1I1;NFE2;NR5A2;RORC;DVL3;CTNNB1;F2R;CD38;WNT7A;STAT3;NIBAN2;RNF4;TAF15;MYRF;AFAP1L2;KAT8;FZD4;HOXA11;LEF1;CHD8;HNRNPAB;ACVR1;TAF5;MAP2K1;EPO;RBM23;RUNX3;IL4;SHC1;WBP2NL;SETD3;ATAD2;RBBP7;HMGA1;HINFP;DLX5;WNT1;LHX1;KCNH2;LBHD1;CEP290	GO_Biological_Process_2023
prerank	Metabolism Of Vitamins And Cofactors R-HSA-196854	0.42962354029091426	1.227615430185773	0.03807615230460922	0.4867773990689058	0.995	74/181	29.21%	PRKG2;MTHFD2L;SP8;TTPA;NAMPT;NT5E;SDC1;PTGS2;NUDT12;HLCS;ST20-MTHFS;VNN1;PANK3;CUBN;TPK1;GPC6;PCCB;PARP8;GCH1;SLC5A6;NADK2;AKT1;MTHFD1L;MTRR;PANK2;MCCC2;COQ3;PPCDC;RDH11;PANK1;NMRK2;LPL;GPC5;DHFR;PPCS;SLC25A32;NMNAT1;ENPP1;SLC19A1;PCCA;SDC4;NMNAT2;LMBRD1;ALDH1L1;MMADHC;SLC19A3;LRAT;MTR;PROC;COQ9;GSTO2;ACACA;RBP1;AKR1C1;PRSS3;RBP4;COQ6;ACACB;SLC5A8;MTHFD2;BST1;PTGIS;PDXK;CD38;IDH1;MOCOS;GCHFR;LDLRAP1;MTHFD1;HSPG2;BCO2;LRP12;GPHN;SLC52A3	Reactome_2022
prerank	Muscle Contraction R-HSA-397014	0.4712621481351126	1.3465253216350597	0.001	0.4898218069337648	0.619	69/194	25.41%	KCNIP4;ATP2B1;GUCY1B1;SRI;PKN2;KCNK2;PDE5A;GUCY1A1;FGF12;TRPC1;TMOD3;CAMK2D;CACNB2;SCN9A;STIM1;MYL1;SCN7A;ORAI2;SORBS3;FKBP1B;DES;AHCYL1;TNNI3;CACNB1;ANXA6;ITPR2;SCN11A;GUCY1A2;NKX2-5;AKAP9;SORBS1;TRIM72;WWTR1;ACTA2;SCN3B;KCND3;KCNK18;CES1;SLC8A3;RYR2;SCN4B;TPM2;CAMK2G;SCN8A;KCNK1;KCNJ2;TNNT3;MYL12A;SLC8A1;KCNIP1;KCNJ14;SCN2A;HIPK1;SCN10A;ATP1A3;KCNA5;DYSF;KCNE2;KCNK10;CAMK2B;KCNIP3;FXYD1;CACNA1C;ABCC9;ATP1B1;KCNK5;KCNIP2;KCNJ12;MYL9	Reactome_2022
prerank	Integration Of Energy Metabolism R-HSA-163685	0.4385598287533017	1.2343883504629511	0.10240963855421686	0.4900288759707268	0.993	45/104	34.09%	GNG12;GNB4;KCNC2;PRKAR1A;CACNB2;PRKAR1B;CHRM3;CD36;AHCYL1;SNAP25;GNG2;ITPR2;MLXIPL;PRKACB;PRKAG2;PLCB1;ACSL3;GNG3;ADCY8;ADCY2;ADCY7;GNG5;RAPGEF3;ADCY6;ACACA;KCNG2;ADIPOR1;GNAS;ACACB;KCNS3;CACNA1C;GNA14;CACNA1E;GNAQ;ADCY9;AGPAT1;ADCY5;KCNJ11;PRKAB2;GNB5;PRKAR2B;PRKAA2;TKT;PPP2R5D;ACLY	Reactome_2022
prerank	Regulation Of Cytoskeleton Organization (GO:0051493)	0.38651360468634804	1.0888391694607555	0.32228915662650603	0.49052499584466347	1.0	37/111	27.14%	ARHGAP18;IQGAP2;PATJ;PHLDB2;RICTOR;DMTN;SPATA4;EFNA5;EZR;CYLD;DIAPH1;SORBS3;PRKAA1;EPHA5;TRIM36;PFDN2;SMIM22;IQCJ-SCHIP1;CLIC4;CCDC88A;PAK3;CAMSAP3;RAPGEF3;NRG1;TJP1;MPDZ;BST1;LRP1;F11R;PAK1;MAP6;RAC1;GRHL3;EPHA3;CDK10;ROCK1;FRMPD2	GO_Biological_Process_2023
prerank	Regulation Of Cell Population Proliferation (GO:0042127)	0.3690154497063335	1.0876685862532829	0.105	0.49289315791376004	1.0	288/745	31.81%	HMGB2;LAMC2;FGF2;POU3F2;EFNB2;PKD2;PRKRA;CDK6;PDCD10;TES;NAMPT;SFRP2;REG1B;PDGFD;PHF14;CD47;TP53INP1;MAGI2;PHIP;NAP1L1;TNFRSF11A;BCL2;FGFR4;TSHR;CDCA7;AREG;KDM4C;MDM2;PPP3CA;GML;XRCC5;IL12RB2;FTMT;OSMR;CD86;ITGAV;DDAH1;VEGFC;BTG3;PDGFC;PKHD1;GDNF;HTR1A;SMYD2;COL4A3;TGFBR2;EPHA4;ACTL6A;HNF4A;BMPR1A;ATP8A2;DPP4;BMPR2;KITLG;PTEN;SOS1;ERBB4;SIRT1;FN1;PGF;DRD2;CNOT7;WT1;CDC123;TFAP2A;SCIN;STAT4;AQP11;CTBP1;IGF2;AKT1;STAT1;CD33;E2F7;EIF2AK2;HDAC2;OPRM1;EMILIN1;RAB33B;MLXIPL;AZGP1;TTK;TSC1;PTPN14;ESM1;RB1CC1;RARA;NKX2-5;FRZB;SH3BP4;KDR;TGFB2;PTGFR;ADGRG1;RNF139;PDGFRA;SMIM22;WWTR1;JUN;IL7;KIF14;P3H2;PPP2R5C;IGF1R;SDCBP;RTKN2;RERG;IL1B;NOX4;APP;NTRK1;ADAMTS1;TFAP2B;TCFL5;POU3F3;EMILIN2;S1PR2;BMP4;CDKN2A;NPR3;CSF2;IRS1;NTF3;S1PR3;THPO;FGFR1;ADARB1;PTN;TSC22D1;ZNF609;FLT3;EDN1;RAPGEF2;CRKL;REG3A;CXCL5;STAT5A;TSPAN31;CCDC88A;NACC1;CXCL1;SRPK2;LIFR;NGF;COX17;TRPM4;ATF5;GHRL;ARID2;FBXO5;CNOT6L;CCAR1;GSDME;ACVRL1;CAPNS1;FGF5;EZH2;CXCR2;ST18;IFNG;BTG2;NKX2-6;ITGAX;BIRC6;TSC2;GAB2;PRL;STX3;SOD2;GDF9;JUNB;SIX3;DLG5;ATG13;NRG1;NOP2;CLU;NOTCH1;HBEGF;TCIRG1;FUZ;HILPDA;HP1BP3;AGTR1;JAK2;IFIT3;CXCL8;NKX3-1;GAREM1;MEAK7;TJP1;REST;ADGRB1;NTRK3;PML;TGFA;IL31RA;AVPR1B;YAP1;ZNF777;PDGFB;LMNA;CCND2;FGFR2;BST1;LIMS1;ACER3;NCCRP1;GATA3;TGFB1I1;SGK3;MYO16;CTNNB1;F2R;PAK1;ERBB2;LYN;INSM1;STAT3;APC;FGF19;CER1;NIBAN2;FABP3;CUL3;CCN6;CDK10;CIB1;CACUL1;RBM5;BCL6;CD81;PROX1;BMP6;CDC7;TFAP2D;TMEM250;CTBP2;TENM1;EREG;SINHCAF;CDCA7L;MAP2K1;EPO;CNOT6;CGRRF1;COL18A1;IL4;SST;SHC1;TIAL1;KRT6A;BEX4;IL11RA;HMGA1;RAF1;TIAM1;EDN3;NUPR2;WNT1;CSF1R;EPCAM;CHERP;THBS1;CSF1;MARCHF7;CDKN1B;BTG1;IER5;IGFBP3;PDGFRB;RNF41;CTSH;BMP2;SQLE;TCL1A;TOB1;PTK2B;MYOCD;CSNK2B;AGT;SLC25A33;EAPP;IL6;WNT2;CDC73;PDGFA;ING4	GO_Biological_Process_2023
prerank	Fc Epsilon Receptor (FCERI) Signaling R-HSA-2454202	0.43077711045508355	1.2292413656124423	0.07730923694779117	0.4990182605378425	0.995	34/127	20.99%	PKN2;BCL10;NFKBIA;PIK3CA;TXK;UBE2D1;PPP3CA;PSMA6;VAV3;PSMD14;UBE2D2;PSME4;PSMD12;UBE2N;SOS1;FYN;PSMD4;AHCYL1;PSMD5;ITPR2;TAB2;JUN;TEC;PSMB11;RASGRP2;MALT1;IKBKB;MAPK10;PSMA2;MAP3K1;CDC34;GAB2;PDPK1;FOS	Reactome_2022
prerank	Extracellular Matrix Organization (GO:0030198)	0.37802475327492835	1.084788067834157	0.2952952952952953	0.5027382912824838	1.0	49/170	21.96%	HMCN1;COL14A1;ADAMTS3;SLC39A8;FLRT2;COL9A1;COL24A1;MMP16;MMP27;COL4A3;MMP13;COL22A1;ADAMTS13;COL5A2;ADAMTS4;CAPG;QSOX1;ADAMTS19;TGFB2;CMA1;TLL1;NDNF;COL11A1;MANSC4;ADAMTS9;LOX;COL1A1;APP;CRTAP;NF1;ADAMTS1;KLK4;COL16A1;MMP14;COL12A1;LUM;VIT;LOXL3;GFOD2;COL5A1;NID1;ADAMTS20;GAS6;TMPRSS6;ADAMTS17;COL8A2;MMP2;FLOT1;ADAMTS18	GO_Biological_Process_2023
prerank	Intracellular Signaling By Second Messengers R-HSA-9006925	0.4137972724850815	1.2042628845931287	0.025	0.5060859704887227	1.0	104/303	25.38%	PIP4K2A;COMMD3-BMI1;PIK3CA;MECOM;CAMK2D;FGFR4;NRG3;AREG;PRKAR1A;ESR2;MDM2;CREB1;RICTOR;PSMA6;PSMD14;CD86;PRKX;GDNF;PRKAR1B;WWP2;PSME4;PSMD12;FOXO3;PPP2R5E;KITLG;NBEA;PTEN;SOS1;ERBB4;MTA3;FYN;PSMD4;LAMTOR3;AHCYL1;PSMD5;HDAC3;CAMK4;AKT1;HDAC2;ITPR2;PRKACB;FRS2;IRAK4;PDGFRA;LAMTOR5;JUN;PPP2R5C;RRAGA;NRG2;STUB1;RRAGD;PTPN11;PSMB11;SUZ12;FRK;ADCY8;RHEB;ADCY2;MTA2;USP13;IRS1;FGFR1;PIP5K1B;TNKS2;FLT3;ADCY7;MKRN1;CAMK2G;CNOT6L;KL;PSMA2;FGF5;EZH2;HDAC7;TSC2;PPARG;GAB2;PDE1A;CSNK2A2;ADCY6;PDPK1;USP7;RRAGC;NRG1;HBEGF;CHD3;EED;PSMC1;REST;PML;TGFA;ICOS;CAMK2B;PDGFB;FOXO1;FGFR2;PHC3;MOV10;PRR5;MYD88;PHC1;ERBB2;TRAF6;FGF19	Reactome_2022
prerank	Cell-Cell Communication R-HSA-1500931	0.45786541323876384	1.297553625219794	0.037111334002006016	0.5066831428006758	0.877	28/119	15.38%	CADM2;LAMC2;LAMA4;CD2AP;NECTIN3;PATJ;CD47;ANG;PIK3CA;MAGI2;CADM1;CDH2;SPTBN1;PARD6A;FYN;CTNNA1;CDH12;CDH18;FYB1;ARHGEF6;CLDN4;CDH4;LIMS2;PTPN11;CLDN11;DST;PLEC;CLDN12	Reactome_2022
prerank	RAC1 GTPase Cycle R-HSA-9013149	0.4569476768629951	1.3063311693793769	0.005005005005005005	0.5134276771474402	0.849	56/175	23.29%	CAV1;ARHGAP24;PKN2;ARHGAP10;ARHGAP5;IQGAP2;VRK2;ARHGAP21;RASGRF2;PIK3CA;FAM13A;DIAPH3;SOS2;NCKAP1;ARHGAP42;KTN1;VAV3;ALS2;DOCK10;PLEKHG1;SOS1;PARD6A;ARHGAP29;TRIO;ABI2;DOCK8;DOCK3;ARHGEF7;ARHGAP20;MCF2L;ARHGEF6;PLD2;ARHGAP26;DOCK7;FARP2;ARHGAP23;NGEF;WASF3;NCF4;SPATA13;SRGAP2;CDC42EP4;MCF2;PLEKHG6;KALRN;CYFIP2;ARHGAP45;MPP7;WIPF3;ARAP1;ARHGAP33;DOCK9;ARHGAP15;EPHA2;SRGAP1;ARHGEF4	Reactome_2022
prerank	Regulation Of Transcription By RNA Polymerase II (GO:0006357)	0.36387796493659	1.0803021220659432	0.028	0.5175486465792452	1.0	648/1966	29.45%	TBL1XR1;PAXBP1;ATF2;MIER1;CAV1;ZNF639;HMGB2;ORC2;BRMS1L;FGF2;CBX3;E2F3;POU3F2;ENY2;NIPBL;WWC1;BBS7;TET2;PTPRN;LMX1A;BMPR1B;PEX2;NFKBIA;PRDM14;CNOT2;LHX9;FOXP1;SATB1;PKD2;THAP5;ZBTB18;HNF4G;SP8;PRKRA;PGR;MEOX2;NRIP1;ELF1;SMARCA5;MIER3;THRB;SHOX2;ALX1;ZBTB41;RBPJ;CGGBP1;NAMPT;SFRP2;RFX6;NPAS3;PHF14;MYF5;SOX21;ZNF608;HMBOX1;PHIP;CHD1;AUTS2;MYBL1;MECOM;CAMK2D;TAF5L;MED4;ZBTB20;MEF2C;TPR;TXK;DNAJB4;PRDM1;SOX2;CDK13;FST;ZNF704;UBE2D1;SEMA4D;GATA6;LMO7;POU5F2;EBF1;PRKAR1A;ESR2;PITX2;KDM4C;MDM2;MEF2A;EHF;GTF2I;CREB1;SNCA;DMRT2;DMRTA1;PPP3CA;HOXA7;MYF6;NCOA2;ELF2;LIN9;EZR;HIVEP1;CITED2;HOXA6;KDM1B;FOXB2;HMGA2;THAP1;SMAD4;ZEB2;SP4;BAZ2B;EN2;NRL;KLF12;GDNF;NFYC;EDNRB;SMYD2;ZNF219;ATXN7;PCGF5;HOMEZ;WWP2;LPIN2;ZNF396;EPC1;ESRRG;IKZF2;AEBP2;WWC2;HEY1;CCDC62;ACTL6A;ZNF791;HNF4A;BMPR1A;KDM2B;BMPR2;ETV2;ZFPM2;SF3B1;BATF3;DHX36;ZFHX4;TCF21;FOXO3;ZIC5;TCF24;HOXD3;TAF2;FNIP1;LHX8;COPS2;SOS1;GCM2;MTA3;SIRT1;INO80;ZMIZ2;TBX4;TBXT;DMRT1;PHF21A;TCF4;ARID4B;IRF5;TET1;TRPS1;ELOC;MED12L;WT1;H2AZ1;ZNF77;TFAP2A;TFEB;STAT4;RARB;FOXC1;UBE2D3;TLE6;ELP4;POU4F2;FOXE1;MET;HOXC4;MSC;BRPF3;DCN;MSX2;HOXC9;FOXD4L1;GFI1;CTBP1;IGF2;KLF5;HDAC3;HEY2;RIPK2;FOXD1;MYB;DACH1;HSF2;JAZF1;STAT1;DDX5;FOXJ2;IKZF4;E2F7;BAZ1A;HDAC2;MKX;FBXL19;MLXIPL;NKX3-2;CDKN2AIP;JADE2;RORA;HOXA3;PRDM5;ZIC1;NUCKS1;KAT14;ZBTB38;SUV39H2;MYOZ2;ZNF20;ZSCAN21;TET3;KDM3A;TFDP2;NPAS2;PPP1R12A;LDB1;ZZZ3;DEK;ZNF343;RARA;POU4F1;NKX2-5;BEND3;TWIST1;TNFSF11;NR2C2;PRDM6;ZNF644;JADE1;RCOR3;CUX1;YWHAZ;TBX20;ZIC4;POU2AF1;TRRAP;GLI3;UBP1;ASCL3;MNAT1;PAX5;LDB2;YEATS4;MED23;PPP1R13L;PRDM15;TEAD2;CRY2;WWTR1;ZSCAN20;LARP7;CREBZF;DACT1;TGIF1;JUN;NFIB;BHLHE22;PRKD1;ZNF683;JMY;YEATS2;HIVEP2;ATF7;TBX22;ZNF821;LPIN1;BMAL2;ETV1;USF3;DLG1;ZNF599;OLIG1;SDCBP;HNRNPK;FERD3L;ZNF134;APBB2;HGF;DNMT3A;GDF2;NCOA7;ZNF710;EHMT2;BCL11B;CLOCK;APP;FRK;EOMES;ZNF248;ZNF587B;TCF15;IRF4;HOXA13;ISL1;DHX9;GLIS3;SIM2;TFAP2B;FOSL2;PAX9;TCFL5;POU3F3;SATB2;ASXL3;TENM2;MTA2;ZFP57;BMP4;FOXL1;GTF2A2;MNT;CREB3L2;TP63;ZNF621;ARID5B;TMF1;ADNP;STING1;SAP30;RNF14;DUSP26;IL17A;SUPT20H;NCOR2;TOX4;LCORL;ERCC6;TCF12;LMO2;GARS1;EFCAB7;NKX6-1;RIPK1;PRKN;CSRNP1;DNAJB1;ZFHX2;TOX3;IKBKB;ZNF609;TCF7L1;HELT;EDN1;NIF3L1;NUFIP1;VGLL3;MTDH;STAT5A;SSBP2;GTF2H2;NFATC4;SOX10;KAT5;ATOH7;NACC1;IMPACT;FOXD3;GLMP;ZNF641;TNIP3;POU2F1;ATF5;ZNF232;ZBTB2;ZNF75D;EVX2;KLF3;ZNF692;MYNN;ARID2;TLR2;RUNX2;TCERG1;GBX1;NR1D2;FEZF1;HYAL2;HES2;HDAC9;ZNF131;ELP2;CDC5L;GADD45A;SIX2;RBBP8;ELF3;ADCYAP1;CCNA2;MED7;ACVRL1;NFE2L2;DICER1;NR2F2;PAX6;SALL1;PAX3;PARP15;SUB1;EZH2;PLSCR1;AHR;DMTF1;FOXP2;ST18;IFNG;TMPRSS6;ZNF362;NKX2-6;JMJD1C;PPARGC1B;SENP1;PFKM;LITAF;SAP18;PPARA;ATF6B;DBP;ZNF771;ZNF501;ZNF441;CBX1;CREBRF;PPARG;PPARGC1A;ZNF496;ZNF433;HOPX;MITF;ATF3;NR1H4;SOD2;TFDP1;IRF8;JUNB;FOXI2;RCOR2;SIX3;ZNF205;PTCH1;IRF2;ARID3A;NCOR1;ZKSCAN1;ZNF652;FOS;HOXD8;IRX1;VGLL2;NOTCH1;SNF8;ZSCAN31;RFX7;CHD3;HDAC8;NTN1;EED;MYCN;ACVR2A;ZNF431;HOXD1;ZBTB45;UBE2E1;POU2F2;IFI16;CSRNP3;MBIP;NKX3-1;NFIA;EHMT1;ADIRF;HOXA9;ZNF213;CTDSP1;BMI1;TCF20;REST;OLIG2;USP16;HES7;ZNF322;SOHLH2;NR1I2;SAFB;ZNF281;ZNF287;ANXA4;ATOH1;SIM1;ZNF444;FOXD4L5;YAP1;NKX2-1;HOXA5;ESRRB;FOXO1;CC2D1B;GLYR1;TRIM33;ATAD2B;FGFR2;KCNIP3;INSM2;ZNF558;SCRT2;MED9;NFE2L3;GABPA;GATA3;NFE2;NR5A2;MED6;NR3C1;ZNF83;RORC;NR1I3;ZNF799;DVL3;CTNNB1;E2F6;HEYL;BATF2;DR1;SP9;WNT7A;DRGX;INSM1;PTF1A;WASL;ZNF79;GTF2A1;ACTR3;TRAF6;STAT3;MORC3;S100A10;CRTC3;HOXB3;SLC9A1;GRHL3;ZNF785;TBX18;DDX20;SP6;HSF5;SARS1;ZFP91;RNF4;ZBTB10;MLIP;ZNF101;HAND1;TBK1;BBX;ZNF75A;ZNF3;HOXD10;EBF2;ZNF529;MRPL36;ZFP69;PRDM10;GBX2;BCL6;ZBTB4;NOBOX;RFXANK;HOXA11;ZNF567;CD81;PROX1;BARX2;BMP6;LEF1;HOXB6;TFAP2D;ZBTB7A;MAGED2;EN1;CTBP2;CHD8;SINHCAF;EFNA1;MYT1L;LMO3;ELF5;ACVR1;TAF5;MAML3;MYOZ1;PBX1;EPO;RIPPLY2;OTUD7B;RUNX3;IL4;TIAL1;HOXB2;SETD3;FHL2;ETV7;RGMA;CKAP2;RAD21;ZNF746;NR4A2;SOX14;IRX2;ATAD2;RBBP7;ZFX;ZNF536;HMGA1;ZHX1;EBF4;KLF18;PLAG1;PURA;HTATIP2;N4BP2L2;TFCP2;RHOQ;HINFP;GFI1B;SPAG8;ANKRD2;DLX5;HOXB13;ZNF829;NUPR2;GTF2F1;CREG1;MIER2;MAPK7	GO_Biological_Process_2023
prerank	RHOA GTPase Cycle R-HSA-8980692	0.4214277708729102	1.2051795590245609	0.08216432865731463	0.518017707466766	1.0	43/146	23.64%	ARHGAP18;CAV1;ARHGAP24;PKN2;ARHGAP10;ARHGAP5;ARHGAP21;RASGRF2;FAM13A;DIAPH3;LMAN1;ARHGAP42;KTN1;VAV3;DIAPH1;ABCD3;ARHGAP29;TRIO;DAAM1;ARHGEF7;ARHGAP20;MCF2L;EMC3;PLEKHG5;ARHGAP26;STOM;CCDC115;STARD13;ARHGAP23;NGEF;MCF2;STK10;PLEKHG6;KALRN;ARHGAP45;ARAP1;ANLN;FLOT1;FAF2;SRGAP1;ARHGEF4;ACTC1;ARHGAP28	Reactome_2022
prerank	Endocytosis (GO:0006897)	0.37864811798771764	1.0807754991496283	0.278	0.5183033574257776	1.0	54/184	25.25%	EEA1;CAV1;RAB5A;RHOBTB1;STEAP2;CSNK1G3;MIB1;LRRK2;DENND1B;RAB11FIP2;MYL1;ANXA11;AMPH;FCGR2B;PPT1;PICALM;CUBN;PIK3C3;CD36;SCARB2;CD302;MET;OCIAD1;ATP6V1H;HEATR5B;SFTPD;EPS15L1;HIP1;LRP1B;APP;LMBR1L;HEATR5A;MSR1;PIKFYVE;RAB22A;CSNK1D;VLDLR;GAS6;SNX9;SNX33;TSC2;MERTK;CD93;MRC1;CSNK1G2;ADRB2;P2RY6;EHD4;LRP1;CLEC9A;EQTN;MYD88;MICALL1;RHOBTB2	GO_Biological_Process_2023
prerank	Cellular Response To Starvation (GO:0009267)	0.3803489515838411	1.079304028806342	0.31462925851703405	0.5184981475525727	1.0	43/124	26.33%	ZFYVE1;PMAIP1;XPR1;SH3GLB1;BMT2;LRRK2;BMPR2;FOXO3;FNIP1;PIK3C3;PRKAA1;SIRT1;TFEB;EIF2AK2;RNF152;KICS2;PRKD1;JMY;RRAGA;EHMT2;RRAGD;RIPOR1;MAP1LC3C;KAT5;MFSD2A;IMPACT;ELAPOR1;MAP3K5;SESN1;PPARA;SESN3;RRAGC;ALB;RALB;IFI16;WIPI1;BECN2;MIOS;FOXO1;DAPL1;HSPA8;ATG14;NUAK2	GO_Biological_Process_2023
prerank	Negative Regulation Of Apoptotic Process (GO:0043066)	0.36981908449551487	1.077220533908939	0.182	0.5248607479686842	1.0	140/453	26.33%	CAV1;SNX6;PTPRZ1;CAT;LSM8;PDCD10;ARHGAP21;BDNF;ERCC5;RHBDD1;PIK3CA;PHIP;BCL2;MEF2C;SH3RF1;SEMA4D;GATA6;MDM2;SNCA;RICTOR;CRYAB;SEMA3E;CITED2;HMGA2;HSPD1;PKHD1;GDNF;FFAR4;RETREG1;PRDM9;KDM2B;PLK2;PPT1;FNIP1;PRKAA1;ERBB4;PIDD1;NAA15;SIRT1;MRE11;TPT1;WT1;SPRY2;TFAP2A;LAMP3;PAGE4;ITGA5;HDAC3;AKT1;HDAC2;POU4F1;NKX2-5;GPRASP3;CD44;KDR;YWHAZ;PA2G4;LAMTOR5;NDNF;BAG4;IL7;KIF14;IGF1R;HNRNPK;SOCS2;UNC5B;HGF;NTRK1;MYO18A;ISL1;DNAJC3;TFAP2B;MT3;MALT1;POU3F3;TMBIM4;BMP4;FSTL1;NTF3;HIPK3;TSC22D1;RIPK1;PRKN;TOX3;MTDH;NFATC4;TLE1;NGF;ATF5;GHRL;GOLPH3;BARD1;RNF144B;GAS6;HIGD1A;RPS6KB1;NKX2-6;PROC;BIRC6;PPARGC1A;CASP2;MERTK;NR1H4;SOD2;CSNK2A2;NRBP2;MAP4K4;ALB;FCMR;CLU;BNIP2;NOTCH1;MSH2;HPN;MAD2L1;IFIT3;TJP1;IL31RA;PRKCI;BAG1;ANXA4;CNTFR;YAP1;NTF4;FOXO1;CCND2;OPA1;CDK1;PRR5;CTNNB1;F2R;CD38;RNF157;ERBB2;NOTCH2;NIBAN2;APIP;FMN2;SPHK1;NUAK2	GO_Biological_Process_2023
prerank	E2F Targets	0.3629264277826351	1.0455316966317485	0.373	0.5258003863159448	1.0	61/196	28.80%	HMGB2;ORC2;BRMS1L;PLK4;NAP1L1;DIAPH3;SYNCRIP;PRIM2;DUT;MRE11;NUDT21;H2AZ1;MCM3;XPO1;DEK;ING3;PA2G4;POLD3;PTTG1;POLD2;MMS22L;HNRNPD;SMC3;CENPE;CDKN2A;RAD50;DONSON;ORC6;RRM2;PMS2;DEPDC1;CDCA3;LUC7L3;PAICS;BARD1;SMC1A;RFC1;DCK;MCM6;EZH2;NBN;MSH2;RFC2;EED;CKS2;MAD2L1;RAD1;PAN2;GINS4;PNN;MTHFD2;CDK1;SPAG5;SMC6;WDR90;CKS1B;MCM7;RAD21;ATAD2;RBBP7;HMGA1	MSigDB_Hallmark_2020
prerank	Negative Regulation Of Developmental Process (GO:0051093)	0.38237434861854447	1.0752861574293568	0.33600802407221664	0.5271988216497867	1.0	30/106	22.43%	BRMS1L;ELAPOR2;CDK6;PHF14;HEY1;ACTL6A;ARID4B;TET1;ADCK1;FOXC1;POU4F2;HEY2;HDAC2;NFIB;ARPIN;SUZ12;OMA1;BMP4;SAP30;PRKN;GAS6;TENT5C;PPARG;SPAM1;HOPX;RAPGEF3;NOTCH1;FUZ;ZNF706;NKX3-1	GO_Biological_Process_2023
prerank	RNA Processing (GO:0006396)	0.37416764283787124	1.0755790548592141	0.294	0.5291098711079281	1.0	49/181	20.98%	RNGTT;SLU7;SNRPD1;WBP4;PPIG;FBXO11;HNRNPH3;SYNCRIP;PRPF18;LIN28B;HNRNPA2B1;SF3B1;FASTKD1;NUDT21;WT1;EXOSC9;USP39;TENT4B;DDX23;SMU1;MBNL1;SNRPG;HNRNPK;SCAF11;IVNS1ABP;FASTKD3;HNRNPD;RBM4;ADARB1;PRPF3;TARDBP;ELAVL4;NUFIP1;RBMS2;SNRPN;SRPK2;LUC7L3;PRPF4;TCERG1;FASTKD2;M1AP;LSM5;THOC1;RNPC3;PPARGC1A;KIN;NOVA1;RRAGC;SNRPA1	GO_Biological_Process_2023
prerank	Bile Acid Metabolism	0.37036294600485725	1.0478551441155453	0.41289023162134947	0.53622090598148	1.0	28/112	22.98%	GC;SLCO1A2;CAT;EFHC1;NUDT12;ABCA1;HSD17B11;ABCD3;DIO2;PEX13;CYP27A1;AMACR;NPC1;CYP7B1;PEX1;ABCD2;HSD17B4;IDH2;PFKM;NR1H4;CYP39A1;ACSL1;ABCA3;RBP1;PEX7;PECR;SERPINA6;NR1I2	MSigDB_Hallmark_2020
prerank	Proteasome-Mediated Ubiquitin-Dependent Protein Catabolic Process (GO:0043161)	0.36610315258743165	1.0719121256005453	0.247	0.5392635701306681	1.0	106/316	29.85%	TBL1XR1;FBXL4;NEDD4L;RNF175;ANAPC4;NEMF;PCNP;MDM2;FBXW7;PSMA6;UBE2W;DNAJB9;FBXL5;PSMD14;WWP2;PSMD12;FBXL17;AMBRA1;TRIM2;TRIM13;MAN1A1;SIRT1;PSMD4;DERL1;USP44;UBE2D3;CRBN;KLHDC2;LTN1;FBXL19;WWP1;FBXL3;KLHDC1;FBXL7;NHLRC3;TRIM72;FBXO3;EDEM1;KIF14;PLAA;APC2;PPP2R5C;KLHL42;DCAF11;STUB1;CLOCK;OS9;UBR3;FBXO4;JKAMP;MARCHF6;UBE2J1;HECTD1;RNF122;UBE3D;PRKN;DNAJC10;KAT5;ARRB2;UBXN2A;RHOBTB3;CLGN;SKP2;ASCC3;NFE2L2;PSMA2;DMAC2;UBE2K;CDC34;SPOPL;TMUB2;RNF103;ANAPC16;DCAF12;SEL1L;PSMC1;FAF2;RNF216;PML;TRPC4AP;YOD1;NCCRP1;CTNNB1;PCBP2;AGAP3;APC;AMFR;FBXL2;RNF4;CUL3;SPSB4;UCHL1;CUL4A;HERPUD1;CDC16;PSMD6;ANKZF1;APPBP2;FBXO9;FEM1A;PSMC4;ANAPC13;TOPORS;ARMC8;COP1;FBXO31	GO_Biological_Process_2023
prerank	Negative Regulation Of Cell Growth (GO:0030308)	0.37886326202770654	1.0710930804027838	0.32364729458917835	0.5397881782132945	1.0	24/121	14.59%	DCBLD2;SFRP2;SLIT2;OSGIN2;ESR2;SMAD4;MAP2;HNF4A;BMPR2;PPT1;SIRT1;WT1;RTN4;CDKN2AIP;CCN3;FRZB;JADE1;SH3BP4;TGFB2;RERG;GDF2;MT3;ENPP1;CDKN2A	GO_Biological_Process_2023
prerank	Metal Ion Transport (GO:0030001)	0.37665852314378756	1.0694441696058188	0.336	0.5413781548374728	1.0	52/167	25.73%	CAV1;PKD2;SLC4A4;TRPC4;TRPC1;SCN9A;KCNN2;SCN7A;TRPC3;KCNAB1;FYN;TPT1;KCNA4;SLC9B2;CACNA2D1;NDFIP2;SLC5A6;TUSC3;SCN11A;KCNF1;SLC41A2;RAMP3;NIPAL2;KCNMB3;KCNB2;SCN3B;KCND3;KCNK18;SLC11A2;KCNV1;RYR2;SCN4B;CALCRL;KCNMB2;SCN8A;KCNK1;KCNJ2;SCN2A;KCNJ5;TRPC5;KCNG2;CLU;KCNA5;KCNJ3;PANX1;SLC5A8;KCNS3;SLC24A1;KCNK5;KCNIP2;KCNJ12;CLDN16	GO_Biological_Process_2023
prerank	Cellular Response To Oxygen-Containing Compound (GO:1901701)	0.36687135093238327	1.0697893238337022	0.23	0.5427303981325655	1.0	88/402	16.40%	HMGB2;GUCY1B1;SLC12A2;BCL10;SYT1;PEX2;PDE4B;PKD2;NRIP1;CXCL6;P2RY1;SLIT2;CPNE3;BRINP3;SSTR2;CAMK2D;KCNC2;MEF2C;TSHR;MEF2A;NLGN1;NEK7;CREB1;DMTN;DLG2;EZR;SYT6;CD86;ABCB4;CCDC62;DHX36;SYT9;TRPV1;PRKAA1;LAMTOR3;WT1;H2AZ1;PEX13;CPNE6;POU4F2;SYT2;AKAP6;RAP1B;GFI1;GNG2;AKT1;ZNF35;PDK2;CDKN2AIP;RORA;CFTR;P2RX3;CASP7;RARA;POU4F1;PDK3;SH3BP4;AKAP9;PDGFRA;LAMTOR5;JUN;RASA4;PRKD1;RAMP3;PLAA;PF4V1;RRAGA;WNT6;IL1B;ADGRV1;RRAGD;RASGRP2;ADCY8;ZFAND1;MT3;ACOD1;CRHBP;CLIC4;IRS1;ADCY7;RAPGEF2;CXCL5;PTK6;KAT5;HCN1;CIB2;CXCL1;CPNE8	GO_Biological_Process_2023
prerank	Endosomal Transport (GO:0016197)	0.37358137563462984	1.0664738074287505	0.32432432432432434	0.5488287711783452	1.0	45/174	21.23%	EVI5;SNX6;CHMP2B;ARF6;CLN5;SNX7;VPS4B;VPS54;RGP1;DCTN1;ALS2;DENND1B;PICALM;RAB10;ANXA8;ZFYVE16;VPS26A;STX6;VPS50;HEATR5B;VPS4A;EPS15L1;PHETA2;VTI1B;HEATR5A;BLOC1S1;RAB6A;DENND10;PIKFYVE;CMTM6;RAB6B;DENND2A;PHETA1;RAB9B;RHOBTB3;SNX9;LAPTM4B;RASSF9;PLEKHA3;DCLK1;SNX33;ANKRD50;WIPF3;AP5B1;SNF8	GO_Biological_Process_2023
prerank	Cellular Response To Oxidative Stress (GO:0034599)	0.37548700994091483	1.0670527930343507	0.36958710976837866	0.5493317498174262	1.0	30/115	19.92%	PYROXD1;PEX2;PKD2;VRK2;ERMP1;SNCA;LRRK2;WNT16;FOXO3;PRKAA1;PLA2R1;PEX13;CPEB2;AKT1;PDK2;PDGFRA;JUN;PRKD1;RBM11;ZFAND1;MT3;ATP13A2;STX2;FANCC;NFE2L2;PRR5L;RAD52;PPARGC1A;SLC25A24;SOD2	GO_Biological_Process_2023
prerank	Regulation Of DNA-templated Transcription (GO:0006355)	0.3584141010855895	1.063683232676746	0.083	0.5522492709188708	1.0	613/1879	29.11%	TBL1XR1;EDRF1;ATF2;MIER1;ZBTB11;YAF2;ZNF639;INO80D;HMGB2;FGF2;CBX3;E2F3;POU3F2;ENY2;SNX6;NIPBL;WWC1;BBS7;LMX1A;BCL10;PRDM14;CNOT2;KCTD1;LHX9;PRMT6;FOXP1;SATB1;ZBTB18;HNF4G;CDK14;SP8;PRKRA;PGR;MEOX2;ELF1;SMARCA5;SHOX2;ALX1;ZBTB41;RBPJ;SFRP2;MDFIC;RFX6;NPAS3;PHF14;MYF5;SOX21;ZNF608;HMBOX1;TP53INP1;TSFM;PHIP;CHD1;MYBL1;SLC39A8;MECOM;CAMK2D;TAF5L;MED4;MEF2C;PRDM1;SOX2;ZNF704;GATA6;POU5F2;EBF1;PRKAR1A;ESR2;PITX2;KDM4C;MDM2;EHF;MLLT3;CREB1;ATP8B1;DMRT2;CRYAB;DMRTA1;HOXA7;UCHL5;XRCC5;MYF6;RUNX1T1;NCOA2;ELF2;LIN9;HIVEP1;CITED2;HOXA6;FOXB2;HMGA2;THAP1;CD86;SMAD4;ZEB2;SP4;BAZ2B;EN2;NRL;KLF12;NFYC;SETD5;ZNF219;ATXN7;PCGF5;HOMEZ;WWP2;ELAVL2;ZNF396;EPC1;ESRRG;IKZF2;AEBP2;WWC2;ZNF516;HEY1;ACTL6A;ZNF791;HNF4A;KDM2B;KDM5C;ETV2;ZFPM2;BATF3;DHX36;ZFHX4;TCF21;FOXO3;ZIC5;TCF24;HOXD3;TAF2;PICALM;LHX8;SOS1;PRKAA1;GCM2;ERBB4;MTA3;NAA15;SIRT1;INO80;NAB1;ZMIZ2;TBX4;TBXT;DMRT1;SPP1;TCF4;ARID4B;IRF5;CNOT7;TRPS1;GCFC2;ELOC;BMP7;WT1;TFAP2A;GPBP1;METTL4;TFEB;STAT4;FOXC1;POLR3G;ELP4;POU4F2;FOXE1;HOXC4;MSC;BRPF3;MSX2;BASP1;HOXC9;FOXD4L1;GFI1;OGG1;CTBP1;IGF2;KLF5;HDAC3;CAMK4;HEY2;FOXD1;MYB;DACH1;HSF2;AKT1;STAT1;DDX5;CDK18;FOXJ2;ZNF35;IKZF4;E2F7;BAZ1A;HDAC2;MKX;FBXL19;MLXIPL;NKX3-2;MAP2K3;CDKN2AIP;JADE2;RORA;HOXA3;PRMT5;BNC2;PRDM5;WAC;ZIC1;KAT14;ZBTB38;SUV39H2;WWP1;ZSCAN21;PLCB1;KDM3A;TFDP2;NPAS2;LDB1;ZZZ3;DEK;RARA;ZNF90;POU4F1;NKX2-5;KAT6B;NAB2;TWIST1;NR2C2;RHOH;ZNF644;JADE1;RCOR3;CUX1;FZD1;TBX20;ZIC4;ZNF648;TRRAP;GLI3;UBP1;ASCL3;ING3;GDF7;MNAT1;PAX5;ZNF273;PA2G4;YEATS4;MED23;PPP1R13L;PRDM15;TEAD2;ZNF318;CRY2;WWTR1;ZSCAN20;ZNF827;CREBZF;JUN;NFIB;ZNF683;JMY;YEATS2;HIVEP2;BAZ2A;ATF7;TBX22;ZNF821;BMAL2;ETV1;GMNN;HNRNPK;FERD3L;IL1B;APBB2;DNMT3A;GDF2;NCOA7;ATF7IP;ZNF710;COL1A1;BAHD1;CLOCK;NFXL1;HNRNPD;EOMES;TCF15;IRF4;HOXA13;DHX9;GLIS3;RPL6;SIM2;TFAP2B;FOSL2;KDM8;MT3;PAX9;TCFL5;POU3F3;SATB2;NMNAT1;MTA2;BMP4;FOXL1;MNT;CREB3L2;CDKN2A;TP63;ZNF621;USP13;ARID5B;ADNP;CSF2;SAP30;RNF14;SUPT20H;YWHAQ;NCOR2;TOX4;KAT6A;LCORL;ERCC6;TCF12;GARS1;NKX6-1;CSRNP1;DEPDC1;ZFHX2;TOX3;IKBKB;ZNF609;TCF7L1;HELT;NIF3L1;VGLL3;MTDH;STAT5A;SSBP2;LOXL3;GTF2H2;NFATC4;SOX10;DKK3;KAT5;PRDM8;ATOH7;NACC1;TLE1;FOXD3;TRIM44;TNIP3;POU2F1;ATF5;MLF2;ZNF232;ZNF75D;EVX2;KLF3;RBM15B;ZNF692;MYNN;ARID2;RUNX2;GBX1;NR1D2;FEZF1;HES2;HDAC9;ELP2;CDC5L;MAP3K5;SIX2;RBBP8;ELF3;MED7;GAS6;CENPF;ZNF488;ACVRL1;NFE2L2;NR2F2;PAX6;SALL1;PAX3;SUB1;EZH2;AHR;DMTF1;FOXN2;RGMB;FOXP2;IFNG;TMPRSS6;ZNF362;NKX2-6;JMJD1C;PPARGC1B;RNF111;SAP18;PPARA;FAM170A;ATF6B;DBP;ZNF771;ZNF501;ZNF441;THOC1;CREBRF;PPARG;PPARGC1A;ZNF496;ZNF433;HOPX;MITF;ATF3;NR1H4;ZNF326;SOD2;TFDP1;IRF8;JUNB;FOXI2;WTIP;RCOR2;SIX3;ZNF205;PHF19;INO80B;IRF2;ARID3A;NRG1;NCOR1;ZKSCAN1;ZNF652;FOS;HOXD8;IRX1;MLLT1;ASCC1;VGLL2;NOTCH1;SNF8;ZSCAN31;RFX7;CHD3;NTN1;EED;MYCN;ZNF431;HOXD1;HP1BP3;POU2F2;FZD7;IFI16;CSRNP3;MBIP;ZNF706;NKX3-1;NFIA;EHMT1;HOXA9;ZNF213;CTDSP1;TCF20;REST;USP16;HES7;PML;ZNF322;SOHLH2;NR1I2;IL31RA;SAFB;ZNF281;ZNF287;ZFAT;ANXA4;SIM1;ZNF444;FOXD4L5;YAP1;ZNF777;NKX2-1;NSD2;INPP5K;HOXA5;ESRRB;PDGFB;FOXO1;CC2D1B;TRIM33;MED30;LIMS1;PRICKLE1;SCRT2;NFE2L3;GABPA;GATA3;TGFB1I1;NFE2;NR5A2;MED6;NR3C1;ZNF83;RORC;ZNF799;DVL3;CTNNB1;E2F6;F2R;HEYL;BATF2;HINT1;DR1;ZNF664;SP9;CD38;WNT7A;DRGX;PTF1A;TRAF6;STAT3;L3MBTL3;HSPA8;HOXB3;VSX1;GRHL3;TBX18;SP6;NIBAN2;HSF5;ZFP91;RNF4;ZBTB10;ZNF101;HAND1;BBX;TAF15;HOXD10;TGFBRAP1;MYRF;CDK5R1;EBF2;AFAP1L2;MAEL;CHD7;MRPL36;KAT8;GBX2;BCL6;MTF2;ZBTB4;NOBOX;FZD4;RFXANK;HOXA11;ZNF567;PROX1;BARX2;LEF1;RBM15;HOXB6;TFAP2D;ZBTB7A;EN1;CTBP2;TENM1;EREG;CHD8;RGS14;MYT1L;ELF5;HNRNPAB;ACVR1;TAF5;PBX1;MAP2K1;CALCA;EPO;HMG20A;RBM23;ZNF100;RUNX3;IL4;SHC1;WBP2NL;TIAL1;SETD3;ETV7;RAD21;ZNF746;NR4A2;SOX14;VGLL4;IRX2;ATAD2;RBBP7;ZFX;ZNF536;HMGA1;ZHX1;EBF4;KLF18;PLAG1;PURA;HTATIP2;TFCP2;ATXN1L;HINFP;GFI1B	GO_Biological_Process_2023
prerank	Phosphorylation (GO:0016310)	0.3647953821738991	1.065022096204916	0.242	0.5524162019576075	1.0	133/421	26.35%	EPHA7;PRKG2;PKN2;BMPR1B;CDK14;CDKL2;GALK2;VRK2;CDK6;PLK4;PIK3CA;CAMK2D;TXK;STK39;NEK7;CREB1;LRRK2;RICTOR;NEK10;PRKG1;MAP3K21;CDKL1;MAP3K13;STK17B;DGKB;DYRK2;PRKAR1B;DGKH;TGFBR2;GK3;ATR;EPHA4;TNIK;BMPR1A;BMPR2;PLK2;TAF2;PANK3;PEAK1;COPS2;PIK3C3;PRKAA1;HASPIN;FYN;JAK1;EPHA5;ACVR1C;EPHA6;CTBP1;CAMK4;AKT1;CDK18;EIF2AK2;PDK2;MAP4K1;PRKACB;PRKAG2;PANK2;RB1CC1;RARA;PDK3;TGFB2;YWHAZ;TBCK;ADM2;HK2;DGKG;FAM20B;NEK11;APP;NTRK1;DYRK3;EPHB1;CSF2;FGFR1;CSNK1D;HIPK3;IKBKB;PTK6;MAK;MAPK10;STK4;SRPK2;CERK;PAK3;STRADB;MAP3K5;GAS6;ACVRL1;PRRT1;STK10;MAP3K1;SIK2;DCLK1;BIRC6;GRK1;LRRK1;CSNK2A2;PDPK1;HIPK1;MAP4K4;ATG13;TOLLIP;XYLB;MAP3K20;ACVR2A;FGGY;JAK2;CILK1;CSNK1G2;ZAP70;SPHK2;PRKCI;CAMK2B;PRKCZ;PRKAG3;PDGFB;CDK1;PRR5;SGK3;PAK1;ERBB2;LYN;STAT3;MORC3;TRIB1;STK36;TBK1;ATG14;CERKL;SPHK1;NUAK2;EPHA3	GO_Biological_Process_2023
prerank	Vesicle-Mediated Transport (GO:0016192)	0.3661137380052996	1.063759446650251	0.24	0.5550557441257553	1.0	132/398	29.57%	SNX16;EEA1;AP3B1;ARL4A;CHMP2B;CHMP4C;RAB5A;RHOBTB1;VTA1;PIP4K2A;TBC1D4;STEAP2;RAB39A;CADPS2;CSNK1G3;MIB1;ARF6;VPS4B;LRRK2;CAV2;ALS2;FNBP1L;DENND1B;AP3S1;RPH3A;MYL1;AMPH;RASEF;ARL6;PICALM;HOOK1;PIK3C3;CYTH3;SEPTIN9;RAB10;SYTL3;ANXA8;EXOC6B;ZFYVE16;SNAP25;RAB27B;STX6;OCIAD1;LRRC7;ANK1;ATP6V1H;STX7;OSBPL1A;HEATR5B;GOSR2;NCALD;VPS4A;PRKD1;EPS15L1;HIP1;PRSS12;VTI1B;APP;EPG5;RAB27A;HEATR5A;BLOC1S1;SCFD2;GOLGA5;CHMP4A;RAB22A;CSNK1D;RAB2B;MYO5A;ARFGEF1;MIA2;EXPH5;IRAG2;STX2;CADPS;CHMP5;IFT27;SNX9;KALRN;RASSF9;DCLK1;ARF3;SNX33;TSC2;SYTL5;STX3;EXOC3;WIPF3;AP5B1;SNF8;RUBCN;CSNK1G2;ADRB2;BECN2;EXOC2;PRKCI;RAB7B;EHD4;CHMP7;RAB12;AP4E1;SLC10A7;MGRN1;RAB11A;EQTN;CTAGE4;WASL;MICALL1;RHOBTB2;S100A10;CHMP6;NECAP1;ATG14;FMN2;ITSN2;TGFBRAP1;GDI2;RHOB;DOC2B;ARHGAP1;STX5;MYO6;CHMP3;TMCC1;LRP12;RBSN;BLOC1S2;RINL;RHOQ;AP4M1;RAB39B;SYP	GO_Biological_Process_2023
prerank	ADORA2B Mediated Anti-Inflammatory Cytokine Production R-HSA-9660821	0.4227260040069251	1.1941467086543978	0.08508508508508508	0.5554501961054055	1.0	31/130	18.14%	PTH2R;GNG12;GNB4;RXFP1;GPR150;TSHR;PRKAR1A;CREB1;CALCR;PRKX;PRKAR1B;CRH;TAAR6;GNG2;TAAR5;PTGDR;PRKACB;SCTR;PTGER2;ADM2;RAMP3;GNG3;ADCY8;FSHR;ADCY2;ADCY7;MC5R;GNG5;CALCRL;ADCYAP1;IAPP	Reactome_2022
prerank	Positive Regulation Of Translation (GO:0045727)	0.3778762755209563	1.0619876927481358	0.3703329969727548	0.5569149676459799	1.0	39/105	29.78%	ELAVL1;YTHDF1;TRMT10C;SSB;BOLL;SYNCRIP;DAZL;DHX36;PRR16;CDC123;PIWIL2;METTL14;FASTKD3;HNRNPD;DHX9;UPF3A;EIF4A3;SAMD4A;LARP1B;FASTKD2;NAT10;GUF1;EIF2B5;RPS6KB1;PLD1;LARP1;PABPC1;YTHDF2;USP16;METTL3;PCIF1;ERBB2;DAZ4;MRPS27;NIBAN1;RMND1;PLXNB2;PYM1;THBS1	GO_Biological_Process_2023
prerank	Signaling By B Cell Receptor (BCR) R-HSA-983705	0.42173245728003744	1.1904681280199432	0.13897280966767372	0.562541001564226	1.0	20/106	14.05%	BCL10;NFKBIA;TRPC1;PPP3CA;PSMA6;PSMD14;STIM1;SH3KBP1;PSME4;PSMD12;ORAI2;SOS1;FYN;PSMD4;AHCYL1;PSMD5;ITPR2;PSMB11;MALT1;DAPP1	Reactome_2022
prerank	Protein Stabilization (GO:0050821)	0.36804547581170566	1.0597722544948927	0.33233233233233234	0.5639095454244561	1.0	58/193	25.42%	PRKRA;PDCD10;ANK2;FBXW7;CREB1;CRYAB;CCT5;HSPD1;EPHA4;PTEN;NAA15;PFN2;DNAAF2;CEP63;PLPP3;RTN4;TSC1;PFDN2;CCNH;BAG4;COG3;AFM;BAG2;HIP1;RAB21;SAXO1;ATF7IP;STUB1;CCT7;CRTAP;MT3;COG7;USP13;PIH1D2;PYURF;PRKN;STK4;TRIM44;GLMP;SEC16A;RASSF2;HSP90AB1;PPARGC1A;USP7;PFDN6;CLU;FLOT1;SEL1L;GOLGA7;BAG1;GAPDH;RPL11;IFT46;PPIB;DVL3;ATP1B1;MORC3;CSN3	GO_Biological_Process_2023
prerank	Plasma Membrane Bounded Cell Projection Organization (GO:0120036)	0.3740919735125027	1.0573407240424757	0.36180904522613067	0.5720154790917147	1.0	50/129	29.56%	CNTN4;PKD2;PPP1R9A;CFAP61;NLGN1;WDPCP;MAP2;CNTNAP2;GDNF;MYOC;SH3GL2;PTPRM;STMND1;GPRIN3;POU4F1;CATIP;ATXN10;DOCK7;CARMIL1;TTC29;CDNF;APP;BLOC1S1;GPM6A;RAB6A;ERCC6;RAB6B;RAPGEF2;FRYL;BTG2;STX3;NRTN;BLOC1S5;TTC17;RAB11A;LYN;MICALL1;RAC1;ARFIP2;CDK5R1;ROCK1;TOR1A;LAMB1;STMN4;LIMA1;FAM161B;LRP12;BLOC1S2;MAP4;CSF1R	GO_Biological_Process_2023
prerank	Oxidative Phosphorylation	0.3545618514434762	1.0223643305125711	0.44144144144144143	0.5723343145550537	1.0	62/193	31.27%	LDHB;NDUFS4;NDUFC1;NDUFB5;COX15;ATP6V1C1;ATP6V1H;MTRR;RHOT1;MDH1;ETFB;SUCLG1;CASP7;NDUFA5;MTX2;MGST3;NDUFS1;ALAS1;GPX4;ATP5MG;HADHA;HADHB;DLD;ATP5F1C;NDUFS2;PDP1;COX7C;NDUFB1;PDHX;COX17;TOMM70;CYCS;ATP5PF;IDH2;DECR1;ATP6V1E1;COX6C;TCIRG1;SUCLA2;OXA1L;NNT;GRPEL1;OPA1;NDUFA4;ATP1B1;MRPL15;IDH1;AIFM1;MTRF1;UQCRC1;UQCRH;ATP5MC3;MRPS22;ACAT1;ATP5MC1;SUPV3L1;ECHS1;UQCRQ;PDHB;NDUFB3;GLUD1;ATP5F1B	MSigDB_Hallmark_2020
prerank	RHO GTPase Cycle R-HSA-9012999	0.4060149071830077	1.186425593715014	0.011	0.5731086474054018	1.0	132/433	23.64%	ARHGAP18;CAV1;ARHGAP24;SLITRK3;PKN2;ARHGAP10;ARHGAP5;IQGAP2;AKAP12;RHOBTB1;VRK2;PDE5A;ARHGAP21;RASGRF2;PIK3CA;FAM13A;PHIP;TMOD3;DIAPH3;SOS2;NCKAP1;FAM169A;SH3RF1;LMAN1;ARHGAP42;KTN1;VAV3;ALS2;STAM;FNBP1L;LRRC1;SPTBN1;WWP2;DOCK10;PLEKHG1;DIAPH1;PICALM;PEAK1;COPS2;SOS1;ABCD3;PARD6A;FAM83B;ARL13B;ARHGAP29;TRIO;KCTD3;ABI2;CDC42EP3;DOCK8;MSI2;HSPE1;DOCK3;BASP1;DAAM1;ARHGEF7;CFTR;RASAL2;ARHGAP20;PKP4;MCF2L;ARHGEF6;FRS2;EMC3;NDUFA5;RHOH;PLEKHG5;PLD2;ARHGAP26;POTEF;RRAS2;KIF14;DOCK7;POTEE;PTPN13;STOM;FARP2;RHOF;CCDC115;CKAP4;CCT7;DST;STAM2;STARD13;ARHGAP23;NGEF;WASF3;NCF4;CCDC88A;CPNE8;SPATA13;FAM135A;SRGAP2;CDC42EP4;TMEM59;MCF2;TXNL1;SLITRK5;SEMA4F;STK10;PLEKHG6;KALRN;MTR;CYFIP2;HSP90AB1;SENP1;STEAP3;RND2;ARHGAP45;MTMR1;MPP7;DLG5;WIPF3;ARAP1;VANGL2;ANLN;ARHGAP33;FLOT1;CDC42SE2;HOMER2;DOCK9;ARHGAP15;ZAP70;FAF2;EPHA2;SH3PXD2A;SRGAP1;ARHGEF4;ACTC1;EPSTI1;ACTG1;ARHGAP28	Reactome_2022
prerank	Inorganic Cation Import Across Plasma Membrane (GO:0098659)	0.37491507433498855	1.048210844909405	0.4046417759838547	0.5738396087232246	1.0	51/102	34.88%	SLC12A2;SLC39A8;SCN9A;SCN7A;TRPV1;SLC9C1;CACNA2D1;SLC9A9;SLC12A8;SCN11A;SLC9A2;SLC8A3;ATP1A1;SLC9A3;TRPM4;CACNA1B;SLC24A2;SCN8A;KCNJ2;SLC8A1;KCNJ14;SCN2A;SCN10A;KCNJ5;ATP1A3;CLU;KCNE2;KCNJ3;SLC12A9;SLC24A1;CACNA1C;ABCC9;ATP1B1;KCNJ12;NALF1;CACNA1E;SLC9A1;HCN2;SLC12A4;KCNH2;SCN1A;SCNN1A;KCNJ11;FXYD2;TRPV6;CACNA1S;ATP1A4;NALF2;SLC9A6;TRPM1;SLC39A6	GO_Biological_Process_2023
prerank	Endoplasmic Reticulum To Golgi Vesicle-Mediated Transport (GO:0006888)	0.3740142955537384	1.054075146082491	0.3815261044176707	0.5744494738010716	1.0	46/115	36.22%	SEC24B;YIPF7;TRAPPC8;SEC24D;LMAN1;BET1;USO1;SAR1B;KDELR2;BCAP29;COPB2;PGAP1;SEC22A;GOSR2;SPAST;COG3;SEC13;TRAPPC12;TBC1D20;USE1;MIA2;TMED5;SEC16A;SEC22C;TFG;YIPF4;TMED7;COPB1;CTAGE4;CUL3;STX5;SCFD1;ATL3;SEC16B;COPA;TRAPPC13;SEC31A;NRBP1;KLHL12;TRAPPC10;STEEP1;GOPC;RAB2A;TRAPPC11;TRAPPC3L;COPG1	GO_Biological_Process_2023
prerank	Myogenesis	0.3568735515157862	1.0273804096923094	0.43	0.5747708165327253	1.0	71/198	30.33%	SCHIP1;FGF2;CNN3;MEF2C;FST;MEF2A;TPD52L1;HSPB2;CRYAB;MYF6;NAV2;MYL1;SORBS3;FKBP1B;DES;COL6A2;CD36;PPP1R3C;KLF5;MB;SORBS1;KIFC3;WWTR1;LPIN1;GJA5;ITGA7;AGL;COL1A1;SSPN;APP;IFRD1;NCAM1;SH3BGR;CHRNA1;TPM2;GNAO1;PKIA;DTNA;PFKM;TNNT3;TSC2;ADAM12;ACSL1;CLU;NOTCH1;HBEGF;EFS;LAMA2;CACNG1;PVALB;BAG1;CAMK2B;ACTC1;COL4A2;ABLIM1;PTGIS;FXYD1;FABP3;SPHK1;ADCY9;TNNC1;MYOZ1;TNNT2;DENND2B;ANKRD2;ACTN2;KCNH2;PLXNB2;COL3A1;IGFBP3;MYL6B	MSigDB_Hallmark_2020
prerank	Negative Regulation Of Programmed Cell Death (GO:0043069)	0.36294100792733736	1.0545367186849706	0.276	0.5754284750923346	1.0	110/366	26.33%	CAT;LSM8;PDCD10;ARHGAP21;ERCC5;RHBDD1;PHIP;MECOM;BCL2;SH3RF1;SEMA4D;GATA6;MDM2;SNCA;RICTOR;CRYAB;CITED2;HMGA2;HSPD1;PKHD1;GDNF;FFAR4;PRDM9;PLK2;PPT1;SLC7A11;PRKAA1;ERBB4;PIDD1;NAA15;SIRT1;MRE11;TPT1;WT1;SPRY2;TFAP2A;PAGE4;MET;HDAC3;AKT1;HDAC2;POU4F1;NKX2-5;CD44;KDR;YWHAZ;PA2G4;BAG4;IL7;KIF14;GPX4;IGF1R;HNRNPK;SOCS2;HGF;NTRK1;MYO18A;DNAJC3;TFAP2B;MT3;MALT1;POU3F3;TMBIM4;BMP4;FSTL1;HIPK3;TSC22D1;RIPK1;MTDH;AIFM2;ATF5;GHRL;GOLPH3;BARD1;RNF144B;GAS6;HIGD1A;RPS6KB1;NKX2-6;PROC;BIRC6;CASP2;NR1H4;MAP4K4;ALB;FCMR;BNIP2;HPN;MAD2L1;IFIT3;TJP1;IL31RA;PRKCI;BAG1;ANXA4;FOXO1;CCND2;OPA1;CDK1;PRR5;CTNNB1;CD38;RNF157;ERBB2;NOTCH2;NIBAN2;APIP;FMN2;SPHK1;NUAK2	GO_Biological_Process_2023
prerank	Toll Like Receptor 9 (TLR9) Cascade R-HSA-168138	0.39658210490561924	1.1248388243422998	0.24044265593561368	0.5758770692471106	1.0	20/104	13.61%	NKIRAS1;EEA1;NFKBIA;NOD1;MEF2C;MEF2A;CREB1;GDNF;UBE2N;PIK3C3;RIPK2;MAP2K3;USP14;TAB2;IRAK4;JUN;PELI2;KCNH8;APP;TANK	Reactome_2022
prerank	Protein Autophosphorylation (GO:0046777)	0.36863005782827923	1.055052250561851	0.35235235235235235	0.5762331256911931	1.0	37/157	16.45%	VRK2;CAMK2D;FGFR4;TXK;STK39;LRRK2;MAP3K21;MAP3K13;PRKX;STK17B;ATR;EPHA4;TNIK;PEAK1;ERBB4;FYN;MUSK;CAMK4;AKT1;EIF2AK2;MAP4K1;RB1CC1;KDR;PDGFRA;MYO3A;PRKD1;IGF1R;NTRK1;EPHB1;ATP13A2;PIKFYVE;FGFR1;RIPK1;FLT3;PTK6;MAK;STK4	GO_Biological_Process_2023
prerank	Transcription By RNA Polymerase II (GO:0006366)	0.3660788679671794	1.0482247112848633	0.36536536536536535	0.5767975556581522	1.0	47/191	20.01%	E2F3;PEX2;THRB;ELL2;TAF5L;MED4;CREB1;SNAPC3;NCOA2;TAF2;ICE1;COPS2;GCM2;ELOC;ELP4;FOXE1;SNAPC4;NKX3-2;DEK;RARA;MNAT1;PAX5;CCNH;MED23;GTF2H4;NOCT;ETV1;GLIS3;SCAF8;TCFL5;GTF2A2;MNT;ERCC6;TAF1A;TSC22D1;GTF2H2;POLR2H;ARRB2;ELP2;MED7;SUB1;SNAPC1;FAM170A;PPARG;PPARGC1A;ERCC3;TFDP1	GO_Biological_Process_2023
prerank	Cilium Organization (GO:0044782)	0.3645667672312044	1.046730475757473	0.364	0.5773324536385822	1.0	69/223	26.54%	CEP126;BBS7;PKD2;PLK4;CCNO;WDR19;PHIP;CFAP61;CPLANE1;RTTN;WDPCP;DYNC2H1;FNBP1L;TEKT4;ARL6;CDC14C;SSX2IP;SPAG16;ARL13B;MACIR;RAB23;SEPTIN7;CCDC57;DYNC2I1;DNAH5;SCLT1;SNX10;DISC1;CATIP;IQUB;INTU;CENPJ;IFT74;TTC29;MBD1;FBXW8;CCDC65;MAK;IFT140;CC2D2A;IFT27;RILPL1;NME8;CCDC28B;FHDC1;NOTCH1;FUZ;KIF3A;CEP164;MKKS;CILK1;TTC17;RABL2B;EHD4;PCNT;PIBF1;ABLIM1;IFT46;KIF24;DZIP1;ACTR3;STK36;IFT172;IFT57;DNAAF1;TTC36;CCDC96;WDR90;ATP6V0D1	GO_Biological_Process_2023
prerank	Regulation Of Transforming Growth Factor Beta Receptor Signaling Pathway (GO:0017015)	0.3754618092288353	1.0487686567345975	0.405811623246493	0.5774052759726364	1.0	28/110	20.15%	CAV1;BRMS1L;SPRY1;SNX6;CD109;CITED2;SMAD4;ZEB2;ZNF451;SIRT1;ARID4B;TET1;SPRY2;PBLD;SNX25;HDAC2;EMILIN1;SDCBP;STUB1;SAP30;DKK3;VEPH1;IL17F;HSP90AB1;RNF111;PPARA;PPARG;PDPK1	GO_Biological_Process_2023
prerank	Regulation Of Response To External Stimulus (GO:0032101)	0.37358000767007876	1.0551669957011243	0.3597989949748744	0.5789689280852038	1.0	37/123	24.89%	CAV1;FOXP1;EFNB2;ELMOD2;CD55;IL1RL2;GATA6;PSMA6;CASP4;CXCR4;PTGS2;CYLD;FCGR2B;CD36;HERC5;USP14;CMA1;PDGFRA;IL1R1;TRAF3;NMT1;APLP2;PTPN22;LACC1;NR1D2;NFE2L2;GRK1;CASP8;ADGRA2;NRG1;CGAS;AGTR1;JAK2;IL20;BST1;F2R;MYD88	GO_Biological_Process_2023
prerank	Phospholipid Metabolism R-HSA-1483257	0.39031589497944896	1.1257743475768676	0.149	0.5792480773601683	1.0	65/204	25.58%	SLC44A5;RAB5A;PIP4K2A;CPNE3;PIK3CA;PLEKHA6;INPP4B;SLC44A3;GPD2;LPIN2;LPGAT1;MTMR2;PLEKHA8;PTEN;PIK3C3;PLAAT1;PLA2R1;PLA2G4A;CPNE6;TPTE2;OSBPL8;INPP4A;OSBPL10;PLD2;GPCPD1;FIG4;CRLS1;PIK3R5;ETNPPL;LPIN1;PTPN13;HADHA;HADHB;GPAM;PI4K2B;PIKFYVE;PIP5K1B;CEPT1;PIK3C2G;BCHE;LPCAT1;MFSD2A;MBOAT7;PITPNB;PLEKHA2;LIPI;PLEKHA3;MTMR7;ARF3;MTMR6;DGAT2;MTMR1;PLEKHA5;CSNK2A2;AWAT2;SBF2;MBOAT2;PLA2G4E;INPP5K;LPCAT2;PGS1;LPCAT4;TNFAIP8L1;DDHD2;GNPAT	Reactome_2022
prerank	G Alpha (Q) Signaling Events R-HSA-416476	0.3922312235082346	1.1320597445756853	0.161	0.5792595652002333	1.0	43/208	16.88%	TACR3;GNG12;GNB4;P2RY1;PIK3CA;CREB1;TRPC6;GRM5;NPFFR2;GPR68;NMBR;PROKR1;DGKB;EDNRB;FFAR4;DGKH;CHRM3;GHSR;TRPC3;MCHR2;NTS;SOS1;TRH;TRIO;GNG2;MLNR;RIPK2;EDNRA;ITPR2;PLCB1;PTGFR;ADRA1B;TAC1;PLCB4;DGKG;GNG3;APP;RASGRP2;TRHR;EDN1;GNG5;QRFPR;GHRL	Reactome_2022
prerank	Regulation Of DNA Repair (GO:0006282)	0.3721892139623755	1.0489115382401932	0.39317953861584753	0.5797092832188795	1.0	27/128	20.54%	INO80D;ENY2;TAF5L;UCHL5;ATXN7;EYA4;EPC1;ATR;ACTL6A;UBE2N;TAF2;SIRT1;INO80;NPAS2;DEK;TRRAP;ING3;YEATS4;DHX9;SUPT20H;ERCC6;KAT5;ARID2;BARD1;RAD52;UBE2V2;INO80B	GO_Biological_Process_2023
prerank	CDC42 GTPase Cycle R-HSA-9013148	0.4578972291222153	1.3100876608146612	0.015	0.5799175449159593	0.836	46/146	23.29%	CAV1;ARHGAP24;PKN2;ARHGAP10;ARHGAP5;IQGAP2;ARHGAP21;RASGRF2;DIAPH3;ARHGAP42;KTN1;VAV3;FNBP1L;DOCK10;PLEKHG1;PARD6A;ARHGAP29;TRIO;KCTD3;CDC42EP3;DOCK8;DAAM1;ARHGEF7;ARHGAP20;MCF2L;ARHGEF6;ARHGAP26;DOCK7;STOM;STARD13;NGEF;CPNE8;SPATA13;SRGAP2;CDC42EP4;MCF2;STEAP3;ARHGAP45;WIPF3;ARAP1;ARHGAP33;CDC42SE2;DOCK9;SH3PXD2A;SRGAP1;ARHGEF4	Reactome_2022
prerank	MyD88-independent TLR4 Cascade R-HSA-166166	0.4068905084796568	1.1508702070658863	0.19779116465863453	0.5799761410476953	1.0	24/105	16.44%	NKIRAS1;NFKBIA;NOD1;MEF2C;UBE2D1;MEF2A;CREB1;UBE2D2;GDNF;UBE2N;UBE2D3;RIPK2;MAP2K3;USP14;TAB2;JUN;KCNH8;APP;PTPN11;TANK;TRAF3;RIPK1;IKBKB;MAPK10	Reactome_2022
prerank	Positive Regulation Of Protein Modification Process (GO:0031401)	0.3621476618343626	1.0435078039470485	0.3713713713713714	0.5803311580741821	1.0	79/223	31.17%	ATG10;FGF2;SMARCA5;P2RY1;LEPR;SEMA4D;LRRK2;EFNA5;VEGFC;LIMCH1;AMBRA1;TNIK;FNIP1;ERBB4;SIRT1;PGF;BRAT1;FAM47E;MUSK;TRABD2A;IGF2;HDAC3;AKT1;RAP2A;RB1CC1;SLCO3A1;FBH1;KDR;PELI2;MOB1A;BAZ2A;IL1B;HGF;APP;RELN;NTRK1;MT3;BMP4;MOB2;THPO;CSNK1D;RIPK1;CRKL;KAT5;STK4;CCNA2;GAS6;FGF5;IFNG;FLOT1;ACVR2A;RALB;NKX3-1;NTRK3;CCND2;DVL3;PAK1;MOB1B;ERBB2;LYN;FGF19;RAC1;MOB3B;ATG14;TXN;CIB1;EFNA1;CALM3;NIBAN1;RARRES2;CSF1R;NOS1AP;PROM2;FAXDC2;RAB3GAP2;BMP2;CEP295;CALM2;FAS	GO_Biological_Process_2023
prerank	mRNA Processing (GO:0006397)	0.3634368166930788	1.0493606739876098	0.358	0.5807426943214336	1.0	46/205	20.28%	PRPF40A;RNGTT;LSM8;HNRNPA3;SLU7;SNRPD1;WBP4;YTHDC1;FBXO11;HNRNPH3;SRSF12;SYNCRIP;PRPF18;CRNKL1;PLRG1;HNRNPA2B1;SF3B1;NUDT21;GCFC2;USP39;DDX5;DDX23;SMU1;PRPF38A;SNRPG;HNRNPK;SCAF11;METTL14;GEMIN5;PPIL3;SF3B6;EIF4A3;SNRNP27;RBM4;PRPF3;SNRPN;PRPF4;TCERG1;CDC5L;LSM5;RNPC3;PPARGC1A;RBM22;SRSF6;KIN;NOVA1	GO_Biological_Process_2023
prerank	Protein Polyubiquitination (GO:0000209)	0.3598465301366939	1.0440286917313104	0.355	0.5808125699538368	1.0	71/222	27.82%	NEDD4L;ANAPC4;SASH1;MARCHF1;TRAF3IP2;BCL2;RNF183;UBE2D1;MDM2;UBE2W;UBE2D2;DZIP3;HACE1;RNF217;WWP2;FBXL17;TRIM2;UBE2N;TRIM34;TRIM62;UBE2D3;UBE2E3;ANKIB1;RNF19A;FBXL7;RNF152;NHLRC3;PELI2;UBE2E2;KLHL42;TRIM32;STUB1;FBXO4;TRAF3;MARCHF6;UBE2J1;HECTD1;UBE3D;RNF14;TNKS2;PRKN;MKRN1;BARD1;RNF144B;TRIM56;SKP2;UBE2K;CDC34;UBE2V2;TNFAIP3;RNF25;TRIM45;TRIM38;TRAF1;LNPEP;UBE2E1;RNF216;RC3H2;TRIM21;CTNNB1;TRAF6;DDB2;UBE2D4;AMFR;ZFP91;RNF4;CUL3;CDC16;RNF168;TRIM8;RNF146	GO_Biological_Process_2023
prerank	Signaling By GPCR R-HSA-372790	0.3824804540576156	1.1270609082528869	0.032	0.5812300570986049	1.0	175/675	23.39%	PLPPR5;PLPPR1;NPY1R;TACR3;PDE11A;PTGER3;PTH2R;HTR1F;PDE4B;GNG12;CD55;GNB4;RXFP1;NPY2R;CXCL6;P2RY1;CMKLR1;RASGRF2;MTNR1A;GPR150;GRM7;PIK3CA;SSTR2;CAMK2D;SOS2;TSHR;NLN;PRKAR1A;OPN5;HEBP1;CREB1;TRPC6;GRM5;PPP3CA;CALCR;VAV3;NPFFR2;PDE4D;S1PR1;CXCR4;GPR68;NMBR;PROKR1;PRKX;PDE7A;DGKB;HTR1A;EDNRB;PRKAR1B;FFAR4;PDE7B;DGKH;CHRM3;WNT16;GHSR;TRPC3;PLPPR4;MCHR2;NTS;NBEA;SOS1;TRH;GPR37;DRD2;FZD6;TRIO;AHCYL1;RXFP3;CRH;PLA2G4A;TAAR6;ITGA5;GNG2;MLNR;CAMK4;TAAR5;RIPK2;AKT1;EDNRA;ARHGEF7;ITPR2;OPRM1;PTGDR;PRKACB;SCTR;PLCB1;MCF2L;ARHGEF6;PRLHR;PLEKHG5;SUCNR1;FZD1;PTGFR;ADRA1B;PTGER2;ADM2;PDE8B;TAC1;NPY5R;PLCB4;PIK3R5;DGKG;RAMP3;WNT6;GNG3;APP;RGS6;RASGRP2;ADCY8;RGS7;TAS2R10;FSHR;TAS2R60;ADCY2;PDE4C;S1PR2;INSL5;NGEF;CRHBP;TRHR;S1PR3;CCR3;EDN1;ADCY7;CXCL5;ADGRE5;MC5R;CXCL1;GNG5;QRFPR;ARRB2;GHRL;CALCRL;OXER1;CAMK2G;MCF2;CCL4;RGS11;ADCYAP1;IAPP;PPP3CC;SMOX;HTR5A;KALRN;CXCR2;RLN2;PDE1A;CXCL13;ADCY6;PDPK1;IHH;PTCH1;GRM1;GPR37L1;OPRD1;HBEGF;PDE10A;GPR132;PPP1CA;CXCR1;AGTR1;FZD7;RGS8;GNAS;CXCL8;HCRTR1;NPB;PDE4A;ADRB2;P2RY6;AVPR1B;GPR27;OXGR1;ARHGEF4;CAMK2B	Reactome_2022
prerank	Regulation Of GTPase Activity (GO:0043087)	0.36203416970161595	1.0498955410710349	0.36	0.5815077744434695	1.0	65/207	25.48%	EVI5;RASGRF2;SOS2;SEMA4D;LRRK2;CAV2;RGP1;VAV3;ALS2;EFNA5;PRKG1;RAB11FIP2;RAPGEF5;RAP1GDS1;DOCK10;EPHA4;PICALM;SOS1;EPHA5;TBC1D30;ZC3H15;DOCK8;MAPRE2;CPEB2;ARHGEF7;PKP4;SH3BP4;RASGEF1A;RASA4;DOCK7;RGS6;RASGRP2;NTRK1;NF1;RGS7;PLXNC1;NGEF;RGL1;RAPGEF2;TBC1D20;ARFGEF1;CHN2;CCL4;RGS11;ADCYAP1;SNX9;EZH2;RAPGEF3;SLC6A2;RAPGEFL1;ARAP1;SNX13;MAP4K4;WDR41;RGS8;RDX;DOCK9;ARHGAP15;NDEL1;LIMS1;DVL3;F2R;ERBB2;RASGEF1C;S100A10	GO_Biological_Process_2023
prerank	Regulation Of Protein Serine/Threonine Kinase Activity (GO:0071900)	0.3714967283385355	1.0502678041336249	0.3903420523138833	0.5829223482839005	1.0	42/111	31.11%	PDCD10;CCNO;SNCA;HMGA2;CDC25C;SOS1;SIRT1;HERC5;AKT1;MNAT1;CCNH;DIRAS3;CCNJL;CDK5RAP3;CDKN2A;SLC8A3;CNPPD1;ETAA1;GADD45A;CCNA2;EZH2;IFNG;SLC8A1;DUSP19;SNF8;RALB;ADRB2;BCCIP;CCNG2;CCND2;TRIB1;CCNA1;CDK5R1;CIB1;MAP2K1;CALM3;CCNG1;CSF1R;CDKN1B;MAP2K2;TCL1A;CALM2	GO_Biological_Process_2023
prerank	Chromatin Organization (GO:0006325)	0.35932771178278333	1.0441986300802724	0.356	0.5830682130967669	1.0	67/262	25.22%	MIER1;INO80D;HMGB2;CBX3;SATB1;SMARCA5;GATAD1;CHD1;NAP1L1;SOX2;KDM4C;UCHL5;HMGA2;BAZ2B;KDM5B;ACTL6A;KDM2B;KDM5C;SF3B1;MTA3;SIRT1;INO80;TET1;PWWP2A;PWWP3A;HDAC3;BAZ1A;HDAC2;WAC;NUCKS1;SUV39H2;ZZZ3;DEK;KAT6B;KDM4E;YEATS4;ZNF827;YEATS2;BAZ2A;SATB2;CHAF1B;MTA2;ERCC6;TCF7L1;HMGN1;ARID2;HAT1;M1AP;NUDT5;EZH2;CBX1;SETD7;PHF19;INO80B;CHD3;HDAC8;EHMT1;BMI1;REST;SAFB;SUPT16H;UBN1;LRWD1;DR1;PHC1;PAK1;PADI2	GO_Biological_Process_2023
prerank	Cellular Response To Starvation R-HSA-9711097	0.3976109208249339	1.1298970383041247	0.188	0.5831783558014076	1.0	40/152	23.15%	RPL15;RPL22L1;RPL39L;MRPL13;BMT2;RPL30;GDNF;FNIP1;LAMTOR3;ATP6V1C1;RPS8;ATP6V1H;CASTOR2;SH3BP4;KICS2;RPL10L;LAMTOR5;RPS21;SEC13;RRAGA;RPL9;RRAGD;RPS13;RHEB;RPL6;IMPACT;RPL36AL;RPL34;SESN1;ATP6V1E1;ATF3;RPL19;RRAGC;RPL7;TCIRG1;RPL4;ATP6V1A;RPS19;RPL29;MIOS	Reactome_2022
prerank	Positive Regulation Of Cysteine-Type Endopeptidase Activity Involved In Apoptotic Process (GO:0043280)	0.3745626533341819	1.0399376923449233	0.43044354838709675	0.5840687505734878	1.0	31/106	22.74%	BCL10;NOD1;PMAIP1;ROBO1;SNCA;HSPD1;COL4A3;PIDD1;SIRT1;ACVR1C;HSPE1;CRADD;DIABLO;HIP1;MALT1;FAM162A;ARL6IP5;CYCS;MAP3K5;CNTN1;ST18;SENP1;PPARG;CASP2;BCL2L13;CASP8;KHDC1;SORD;JAK2;NKX3-1;REST	GO_Biological_Process_2023
prerank	Monoatomic Ion Transport (GO:0006811)	0.3729796463925678	1.0505601606677022	0.4094094094094094	0.5847838131786518	1.0	33/102	25.65%	SLC12A2;ANO6;GABRB1;TRPC6;ATP10D;SLC26A4;SLC1A3;SLC9A9;AQP11;SLC1A7;SLC17A6;SLC1A2;SLC9A8;TRPM3;SLC1A1;TRPA1;SLC9A2;SLC15A2;SLC8A3;SLC9A3;SLC24A2;GLRB;SLC8A1;CNGA3;SLC17A5;PIEZO2;PANX1;SLC5A8;SLC36A2;SLC24A1;SLC26A7;SLC15A3;SLC9A1	GO_Biological_Process_2023
prerank	Class I MHC Mediated Antigen Processing And Presentation R-HSA-983169	0.3945986191341213	1.1539229940863347	0.054	0.5848354345438083	1.0	89/374	19.70%	CBLB;UBA6;FBXL4;KBTBD8;TLR6;NEDD4L;SEC24B;ANAPC4;KLHL5;FBXO11;SEC24D;SH3RF1;UBE2D1;LMO7;ASB5;HERC6;FBXW7;PSMA6;UBE2W;UBA3;FBXL5;PSMD14;UBE2D2;DZIP3;ITGAV;RNF7;HACE1;SAR1B;RNF217;PSME4;PSMD12;UBE2N;PIK3C3;PSMD4;ELOC;CD36;HERC5;UBE2D3;PSMD5;RCHY1;UBE2E3;FGA;LTN1;FBXL19;TRIM36;WWP1;FBXL3;RNF138;HERC4;GPR75-ASB3;RNF19A;FBXO32;ASB10;FBXL7;UBE2E2;RNF220;SEC13;UNKL;UBA5;KLHL42;TRIM32;FBXO30;SEC61A1;STUB1;PSMB11;FBXO4;LONRF1;UBE2J1;HECTD1;FBXW8;UBE3D;HERC3;RNF14;PRKN;IKBKB;ASB17;NCF4;MKRN1;MIB2;TLR2;RNF144B;SKP2;PSMA2;UBE2K;SEC61G;RNF111;CDC34;HECW2;UBE2V2	Reactome_2022
prerank	Positive Regulation Of GTPase Activity (GO:0043547)	0.361914947912409	1.044416941345142	0.38	0.5850117522663513	1.0	71/228	25.48%	ARHGAP24;EVI5;TBC1D4;RASGRF2;TBC1D1;SOS2;SEMA4D;ARHGAP42;CAV2;RGP1;ALS2;RAB11FIP2;RAPGEF5;RAP1GDS1;DOCK10;PICALM;SOS1;ARHGAP29;TBC1D30;ZC3H15;TBC1D9;DOCK8;MAPRE2;ARHGEF7;TSC1;PKP4;TBCK;RASGEF1A;DOCK7;APC2;RGS6;RASGRP2;NTRK1;NF1;RGS7;AGAP6;NGEF;NTF3;RGL1;RAPGEF2;TBC1D22B;TBC1D20;CCL4;RGS11;ADCYAP1;RALGAPA2;SNX9;GARNL3;EZH2;ARHGAP45;CXCL13;RAPGEF3;SLC6A2;RAPGEFL1;ARAP1;SNX13;MAP4K4;WDR41;RGS8;DOCK9;EPHA2;NTRK3;NDEL1;LIMS1;SYDE2;DVL3;F2R;ERBB2;RASGEF1C;AGAP3;S100A10	GO_Biological_Process_2023
prerank	Protein Localization To Organelle (GO:0033365)	0.3624657919883754	1.0402820547628708	0.404	0.585510470301015	1.0	51/136	33.16%	FSIP2;PEX2;ANK2;ARF6;MDM2;SSB;LRRK2;RAP1GDS1;ARL6;PRKAA1;BMP7;RAB33B;SNX10;COG3;SEC61A1;COL1A1;DHX9;BMP4;RIPOR1;COG7;RAB6A;PIKFYVE;CSNK1D;IFT140;DNAAF11;TOLLIP;TIA1;TOR1B;LMNA;TRAM1L1;RPL11;RAB11A;PAK1;MICALL1;CNTLN;NUAK2;ZBTB7A;TOR1A;BANP;TTC21A;TOPORS;GCC2;DDX1;ARL3;BBS4;PRKAA2;ROPN1B;TTC21B;GET1;SYS1;GBP5	GO_Biological_Process_2023
prerank	Negative Regulation Of Translation (GO:0017148)	0.3699012522297137	1.041572238054543	0.40643863179074446	0.5858537400873692	1.0	36/104	28.02%	MRPL13;YTHDF1;TPR;SYNCRIP;CAPRIN1;EPHA4;TRIM2;DHX36;GZMB;EIF4E2;CPEB2;SERBP1;EIF2AK2;TSC1;RNF139;IGF2BP2;NHLRC3;METTL14;DHFR;EIF4A3;RBM4;NMNAT2;DDX6;BTG2;ZAR1;LARP1;YTHDF2;TIA1;GAPDH;METTL3;PCIF1;ENC1;ROCK1;EIF4G1;CNOT10;DAPK1	GO_Biological_Process_2023
prerank	Extracellular Matrix Organization R-HSA-1474244	0.39280093665845317	1.1326126411825368	0.129	0.5861606763803655	1.0	82/279	24.56%	LAMC2;LAMA4;SPOCK3;COL25A1;CD47;COL14A1;ADAMTS3;PLOD2;HAPLN1;COL21A1;COL9A1;SDC1;COL4A4;ITGAV;COL24A1;MMP16;COL4A3;MMP13;COL22A1;FN1;COL6A2;BMP7;MUSK;ITGA5;DCN;TNNI3;FBN3;FGA;COL5A2;ADAMTS4;NRXN1;ITGA2;ITGB8;CD44;KDR;TGFB2;CMA1;TLL1;ITGA4;P3H2;COL11A1;ITGA7;ADAMTS9;LOX;COL1A1;CRTAP;ADAMTS1;DST;COL16A1;MMP14;BMP4;PLEC;COL12A1;NTN4;NCAM1;LUM;SDC4;LOXL3;DAG1;CAPN9;COL5A1;NID1;CAPN8;CAPN13;CAPNS1;DMTF1;TMPRSS6;ITGAX;COL8A2;ADAM12;FBN2;ITGA9;MMP2;ADAMTS18;LAMA2;SH3PXD2A;NID2;COL4A2;PDGFB;FBLN5;PPIB;F11R	Reactome_2022
prerank	Protein Phosphorylation (GO:0006468)	0.3585977961878357	1.0507971334170223	0.284	0.5868208740568057	1.0	118/487	20.69%	ATF2;EPHA7;PRKG2;PKN2;BMPR1B;CDK14;CDKL2;VRK2;CDK6;PLK4;TGFBR3;CSNK1G3;CAMK2D;FGFR4;TXK;STK39;NEK7;CREB1;LRRK2;RICTOR;CSNK1A1L;NEK10;PRKG1;MAP3K21;CDKL1;MAP3K13;PRKX;STK17B;DYRK2;PRKAR1B;DCLK3;TGFBR2;ATR;EPHA4;TNIK;BMPR1A;BMPR2;PLK2;TAF2;PEAK1;COPS2;PIK3C3;PRKAA1;ERBB4;HASPIN;FYN;JAK1;EPHA5;ACVR1C;MUSK;ABI2;EPHA6;CTBP1;CAMK4;AKT1;STK32A;CDK18;EIF2AK2;PDK2;MAP4K1;PRKACB;TTK;PRKAG2;RB1CC1;RARA;PDK3;KDR;TGFB2;YWHAZ;GDF7;PDGFRA;MYO3A;TBCK;ADM2;PRKD1;IGF1R;FAM20B;NEK11;GDF2;APP;RELN;NTRK1;DYRK3;EPHB1;ATP13A2;BMP4;CSF2;FGFR1;CSNK1D;HIPK3;RIPK1;IKBKB;FLT3;PTK6;MAK;MAPK10;STK4;SRPK2;TLR2;PAK3;STRADB;MAP3K5;GAS6;ACVRL1;PRRT1;STK10;MAP3K1;SIK2;DCLK1;RPS6KB1;BIRC6;GRK1;LRRK1;CSNK2A2;PDPK1;HIPK1;MAP4K4;ATG13	GO_Biological_Process_2023
prerank	Diseases Of Signal Transduction By Growth Factor Receptors And Second Messengers R-HSA-5663202	0.39267689254116045	1.1479029156710363	0.056	0.5873599512194375	1.0	123/420	25.38%	TBL1XR1;AP3B1;RBPJ;DKK2;HHAT;DUSP16;PIK3CA;MIB1;CAMK2D;FGFR4;TPR;FIP1L1;NRG3;AREG;LMO7;PRKAR1A;ESR2;YES1;MDM2;FBXW7;CREB1;RICTOR;PSMA6;DCTN1;PSMD14;CD86;SMAD4;SPTBN1;PSME4;PSMD12;TGFBR2;HEY1;APH1B;FOXO3;PPP2R5E;KITLG;PTEN;SOS1;ERBB4;FN1;FYN;PSMD4;FZD6;PPM1B;PSMD5;RAP1B;CTBP1;HDAC3;HEY2;FGA;AKT1;STAT1;HDAC2;ATIC;AGGF1;FRS2;KDR;CUX1;AKAP9;PDGFRA;BAG4;PAPSS1;PPP2R5C;HIP1;NOX4;NRG2;WDCP;PTPN11;PSMB11;OS9;MYO18A;NF1;IRS1;FGFR1;NCOR2;TNKS2;ZC3HAV1;FLT3;STAT5A;POLR2H;MIB2;ARRB2;CAMK2G;HDAC9;KL;PSMA2;FGF5;PTPN12;HDAC7;PROC;BIRC6;PORCN;TSC2;GAB2;WDR48;PDPK1;IHH;TFG;NRG1;NCOR1;POLR2D;NOTCH1;HBEGF;HDAC8;SEL1L;GOLGB1;JAK2;PSMC1;TGFA;ICOS;CAMK2B;PDGFB;LMNA;FOXO1;FGFR2;PRR5;CTNNB1;HEYL;KIAA1549;ERBB2;LYN;STAT3;FGF19	Reactome_2022
prerank	Regulation Of Mitotic Cell Cycle (GO:0007346)	0.37041040711421075	1.0384068084486382	0.4104627766599598	0.5874968528406677	1.0	32/122	22.43%	BORA;PKN2;ANAPC4;BRINP3;MDM2;NEK7;CAV2;THAP1;NEK9;BTG3;CYLD;CDC25C;SIRT1;FOXC1;CCDC57;RCC1;PRMT5;GMNN;SDCBP;RPRM;NEK11;APP;CDK5RAP3;PTPN3;FBXO5;BTG2;RPS6KB1;ERCC3;ANAPC16;CKS2;MAD2L1;NKX3-1	GO_Biological_Process_2023
prerank	Myc Targets V1	0.35347032054155575	1.01240565017629	0.47	0.587498525701694	1.0	41/197	21.97%	ORC2;CBX3;HNRNPA3;SNRPD1;NAP1L1;SSB;PSMA6;SYNCRIP;PSMD14;CCT5;AP3S1;HSPD1;XPOT;HNRNPA2B1;DUT;H2AZ1;HSPE1;SERBP1;HDAC2;XPO1;DEK;PA2G4;SNRPG;POLD2;HNRNPD;CCT7;RPL6;IFRD1;YWHAQ;TARDBP;TOMM70;RPL34;CCNA2;MCM6;PSMA2;HSP90AB1;TFDP1;SNRPA1;PABPC1;UBE2E1;MAD2L1	MSigDB_Hallmark_2020
prerank	Protein Transport (GO:0015031)	0.3576422391929179	1.036850520489201	0.357	0.5882024358059728	1.0	116/308	33.43%	AP3B1;SNX6;ARL4A;CHMP2B;RAB5A;SLU7;TMEM167A;PHIP;ARF6;SNX7;ZDHHC17;USO1;RAB28;RABL2A;SAR1B;SPTBN1;RAB19;PPT1;ARL6;SEPTIN9;RAB10;WLS;CD36;ARFIP1;ANK3;VPS26A;STX6;COPB2;RAB23;SCAMP1;STX7;SYNRG;CD3G;RAB20;AFM;RAMP3;HIKESHI;SEC13;RAB21;GRPEL2;LRP1B;SCFD2;COG7;RAB6A;DENND10;RAB22A;CMTM6;RAB6B;VLDLR;MTTP;ARL6IP5;GOLPH3;MIA2;CALCRL;STX2;TMED5;CENPF;NDC1;IFT27;SNX9;ARF3;STEAP3;SNX33;RAB32;PPARG;MACF1;STX3;ARRDC3;SNX13;CLU;SEL1L;KIF3A;GRPEL1;TMED7;RABL2B;GOLGA7;ABCA12;RAB12;LRP1;SLC10A7;CTAGE4;OLFM2;ARFIP2;ARL4C;TANGO2;EIF2D;ACD;ARHGAP1;STX5;RAB18;MYO6;CHMP3;SCFD1;AP4M1;CEP290;SNX1;GCC2;REP15;VIPAS39;PDIA4;LRP2;COPA;RAB3GAP2;UNC93B1;RAB3B;GGA3;SIL1;TLK1;GOLGA4;RABL3;SYS1;ARL5C;RAB43;VPS26B;SNX18;SEC31A	GO_Biological_Process_2023
prerank	Chemical Synaptic Transmission (GO:0007268)	0.35773764141355036	1.0402933550496711	0.378	0.5883982453133191	1.0	66/265	21.43%	HTR1F;SYT1;RIT2;CACNB4;GRIN2A;GRIK2;GABRB1;GRM7;GABRG1;GABRA4;NLGN1;SNCA;CACNB2;DLG2;GABRG2;HCRTR2;LIN7A;HTR1A;PDE7B;AMPH;CHRM3;APBA1;SLC1A3;PTEN;GRIN2B;SEPTIN9;DRD2;CRH;GABRA2;SNAP25;GRIK1;CACNB1;GABRA1;NRXN1;GRID2;GABRA6;PCDHB16;AKAP9;GRIA2;NPY5R;HOMER1;DLG1;SDCBP;SLC17A6;SLC1A2;GRIK3;CRHBP;SLC1A1;CHRNA1;GRIA4;GLRA3;CBLN2;CACNA1B;DBH;GRIA3;HTR5A;DTNA;SYPL1;GLRB;SLC5A7;GAD2;SLC6A2;GABRB2;DLGAP1;PDLIM4;SYN2	GO_Biological_Process_2023
prerank	Disease R-HSA-1643685	0.3788803771764061	1.1274282068071515	0.002	0.5887533532806614	1.0	488/1702	25.92%	RPL15;TBL1XR1;CAV1;ZDHHC2;BRMS1L;AP3B1;E2F3;ANTXR2;RPL22L1;CHMP2B;PKN2;PTH2R;SYT1;NFKBIA;NOD1;GNG12;TLR6;RNGTT;CHMP4C;XRCC4;RAB5A;SLC4A4;GYG1;GNB4;SP8;NEDD4L;VTA1;RXFP1;CDK6;PATJ;THSD7A;RBPJ;PCSK1;DKK2;MYO10;SEC24B;GRSF1;DYNC1I1;ANAPC4;HHAT;RPL39L;GPR150;MRPL13;ST6GALNAC3;DUSP16;G3BP2;PIK3CA;ADAMTS3;MIB1;SEC24D;MSH6;CAMK2D;FGFR4;TPR;NCKAP1;TSHR;FIP1L1;VPS4B;NRG3;UBE2D1;AREG;LMO7;PRKAR1A;ESR2;YES1;MDM2;GALNT3;FBXW7;CREB1;RICTOR;NT5E;PSMA6;XRCC5;DYNC1LI1;CALCR;VAV3;DCTN1;SGIP1;SEMA5A;S1PR1;STAM;HAVCR1;MSH3;PSMD14;RPL30;PRIM2;CXCR4;SDC1;TPMT;CD86;SMAD4;PRKX;SBSPON;ABCB4;ABCA1;SH3KBP1;PRKAR1B;SAR1B;SPTBN1;PSME4;PSMD12;SLC26A4;ADAMTSL3;TGFBR2;SH3GL2;HEY1;APH1B;SV2B;CDC25C;SLC1A3;HLCS;PLK2;SLC35A3;UBE2N;FOXO3;PPP2R5E;DUT;TAF2;KITLG;PTEN;SOS1;CUBN;PIK3C3;ERBB4;MTA3;EXT1;FN1;FYN;PSMD4;GPC6;PHF21A;JAK1;IFNGR1;MRE11;ARID4B;DERL1;IFNA8;SLC6A19;ADAMTSL1;ELOC;FZD6;H2AZ1;ADAMTS13;RPS8;CD36;SLC9A9;AHCYL1;PCCB;CRH;CYP27A1;TAAR6;PARP8;PPM1B;ABI2;PSMD5;SNAP25;SYT2;DCN;PPP1R3C;SLC6A5;RAP1B;CRBN;RCC1;OGG1;CTBP1;VPS36;GNG2;HDAC3;CAMK4;DPEP2;TAAR5;HEY2;RIPK2;ATP6V1H;FGA;AKT1;STAT1;DDX5;MTRR;TUSC3;EIF2AK2;HDAC2;ITPR2;PTGDR;ADAMTS4;XPO1;MAP2K3;ATIC;PRKACB;CFTR;SCTR;TAB2;TFDP2;AGGF1;ADAMTS19;FRS2;MCCC2;CHST3;KDR;CUX1;YWHAZ;IRAK4;AKAP9;ITGA4;MNAT1;PTGER2;CCNH;PDGFRA;CYP7B1;SLC40A1;G6PC3;RPL10L;RPS21;GTF2H4;ADM2;YWHAG;POTEF;BAG4;JUN;VPS4A;SLC35D1;SNRPG;RAMP3;KPNA5;ABCB11;SFTPD;SEC13;PAPSS1;PPP2R5C;HIP1;GP9;KCNH8;HNRNPK;SUGT1;GEMIN5;RPL9;ADAMTS9;IL1B;DNMT3A;GNG3;CHSY1;IL1R1;NOX4;NRG2;ST6GAL1;WDCP;GPC5;GNE;APP;PTPN11;PSMB11;SUZ12;OS9;RPS13;ADCY8;PACS1;TANK;DNA2;MYO18A;NF1;TRAF3;ADAMTS1;RPL6;DNAJC3;ARSB;STAM2;FSHR;ADCY2;HSD17B4;MTA2;GTF2A2;COMT;NMT1;CDKN2A;RAD50;STING1;SAP30;SLC1A1;IRS1;YWHAQ;FGFR1;NCOR2;SLC11A2;PCCA;PGM1;TNKS2;LUM;ZC3HAV1;RIPK1;SDC4;PMS2;IKBKB;FLT3;ADCY7;SLC2A9;STAT5A;MC5R;WASF3;GTF2H2;DAG1;KAT5;POLR2H;SRPK2;MYO5A;IL17F;MIB2;GNG5;ARRB2;LMBRD1;CALCRL;TOMM70;TLR2;BARD1;MOGS;CAMK2G;HDAC9;RPL36AL;RPL34;KL;MMADHC;ZDHHC5;GUCY2C;ADAMTS20;CBLL1;RBBP8;DYNC1I2;SKP2;ADCYAP1;GSDME;IAPP;CHMP5;NDC1;NFE2L2;CAPNS1;PSMA2;FGF5;SLC7A9;LRAT;NEIL3;EZH2;MTR;CYFIP2;MOGAT1;PTPN12;NUP54;HDAC7;HSP90AB1;RHBDF2;PROC;BIRC6;ADAMTS17;SAP18;PORCN;TSC2;CBX1;RLN2;MAN2A1;GAB2;WDR48;ERCC3;MUC20;SLC5A7;GFPT1;SPAM1;CYP26C1;CASP8;C1GALT1;FUT8;TFDP1;ADCY6;PDPK1;ACACA;SPON2;ABCA3;IHH;WIPF3;SLC6A2;NUP42;RPL19;TXN2;RBP1;TFG;CD8B;RPL7;LARP1;NRG1;MRC1;NCOR1;POLR2D;SLC22A5;ATP1A3;GBE1;IFIH1;CYP19A1;IRAK2;NOTCH1;HBEGF;PALS1;SNF8;MSH2;CP;ANAPC16;SLC17A5;RFC2;CHD3;HDAC8;SEL1L;EED;RPL4;GOLGB1;TPST1;ZCRB1;UBE2E1;ADAMTS18;FZD7;JAK2;GNAS;PSMC1;RBP4;RPS19;TJP1;MUC17;GUSB;REST;GOLGA7;RPL29;ADRB2;PML;TGFA;AVPR1B;GPR27;PAPSS2;SUPT16H;RAD51B;ICOS;CAMK2B;ABCG5;ABCA12;ACTG1;CHMP7;PDGFB;LMNA;FOXO1;HEXB;CCND2;FGFR2;RPL11;SLC36A2;SLC24A1;GALT;TRADD;FXYD1;PRR5;NR3C1;DVL3;ABCC9;CTNNB1;HEYL;MUTYH;IFNA21;MYD88;KIAA1549;SRD5A3;TRIM4;ATP1B1;SEMA5B;ADAMTS14;ERBB2;LYN;RPS12;WASL;GTF2A1;ACTR3;TRMU;TRAF6;STAT3;FGF19;LHCGR;NUS1;IDH1;SLC3A1;NOTCH2;DDX20;B3GALT6;CHMP6;MUC12;NTHL1;VPS37A	Reactome_2022
prerank	Death Receptor Signaling R-HSA-73887	0.3999973491068209	1.1335505602935292	0.187374749498998	0.5899359886435489	1.0	55/136	32.65%	NFKBIA;RASGRF2;SOS2;VAV3;NSMAF;APH1B;CYLD;SOS1;TRIO;SMPD2;HDAC3;RIPK2;ARHGEF7;HDAC2;ITGB3BP;RTN4;TAB2;MCF2L;ARHGEF6;PLEKHG5;BAG4;TANK;NGEF;RIPK1;IKBKB;NGF;MCF2;KALRN;CASP2;USP25;TNFAIP3;CASP8;TRAF1;TNFRSF10A;PRKCI;ARHGEF4;TRADD;MYD88;TRAF6;ARHGEF3;BAD;CFLAR;ARHGEF40;OTULIN;OTUD7B;ARHGEF9;SMPD3;TIAM1;RNASE1;ECT2;TNFSF10;CLIP3;ARHGEF18;ARHGEF12;MAP3K7	Reactome_2022
prerank	DNA-templated Transcription (GO:0006351)	0.36167534933520035	1.036887352553013	0.3973973973973974	0.590954307506954	1.0	50/196	21.23%	SMARCA5;THRB;TAF5L;MED4;RO60;MEF2A;SNAPC3;THAP1;SMAD4;EPC1;GTF3C6;FOXO3;HOXD3;COPS2;GCM2;POLR3G;FOXE1;DDX5;NKX3-2;PRMT5;DEK;MNAT1;PAX5;CCNH;GTF2H4;BAZ2A;NOCT;ETV1;IVNS1ABP;GLIS3;TCFL5;GTF2A2;MNT;ERCC6;TAF1A;GARS1;HIPK3;TSC22D1;GTF2H2;POLR2H;ARRB2;GTF3C3;FAM170A;ERCC3;TFDP1;PHF3;RRAGC;TWNK;POLR2D;PDE10A	GO_Biological_Process_2023
prerank	Neurotransmitter Receptors And Postsynaptic Signal Transmission R-HSA-112314	0.4006590011472699	1.1509158370567016	0.135	0.5921780575794751	1.0	53/180	21.13%	GNG12;GNB4;GRIN2A;RASGRF2;GABRB1;GABRA4;CAMK2D;PRKAR1A;MDM2;CREB1;GABRG2;LIN7A;PRKX;PRKAR1B;APBA1;NBEA;GRIN2B;PRKAA1;ERBB4;GABRA2;GRIK1;GNG2;LRRC7;CAMK4;ARHGEF7;GABRA1;PRKACB;PRKAG2;PLCB1;GABRA6;MPP3;GRIA2;NCALD;DLG1;GNG3;ADCY8;GRIK3;ADCY2;ADCY7;CHRNA1;GRIP2;GNG5;GRIA4;GLRA3;CAMK2G;GRIA3;KCNJ2;GLRB;ADCY6;PDPK1;KCNJ5;NRG1;GABRB2	Reactome_2022
prerank	Regulation Of Expression Of SLITs And ROBOs R-HSA-9010553	0.4050893169634321	1.1546876605346617	0.13913913913913914	0.5923374516306543	1.0	28/165	13.93%	RPL15;RPL22L1;ROBO2;LHX9;SLIT2;RPL39L;MRPL13;ROBO1;PSMA6;PSMD14;RPL30;PSME4;PSMD12;UPF2;PSMD4;ELOC;RPS8;PSMD5;LDB2;RPL10L;RPS21;RPL9;PSMB11;RPS13;ISL1;RPL6;UPF3A;EIF4A3	Reactome_2022
prerank	Signaling By ROBO Receptors R-HSA-376176	0.39442952686741745	1.1347596444245034	0.146	0.5929544232385118	1.0	52/207	23.22%	RPL15;RPL22L1;ROBO2;PKN2;LHX9;NELL2;SLIT2;RPL39L;MRPL13;SOS2;ROBO1;PSMA6;PSMD14;RPL30;CXCR4;PSME4;PSMD12;UPF2;SOS1;PSMD4;ELOC;RPS8;PSMD5;PFN2;ARHGEF7;PRKACB;LDB2;RPL10L;RPS21;RPL9;PSMB11;RPS13;ISL1;RPL6;UPF3A;EIF4A3;DAG1;SRGAP2;RPL36AL;RPL34;ENAH;PSMA2;CAP1;RPL19;RPL7;NTN1;RPL4;PABPC1;PSMC1;RPS19;RPL29;SRGAP1	Reactome_2022
prerank	Positive Regulation Of DNA-binding Transcription Factor Activity (GO:0051091)	0.3591740047127033	1.0336312024907433	0.3883883883883884	0.5929782359401071	1.0	83/240	27.51%	ATF2;CAV1;BCL10;NOD1;TLR6;TNFRSF11A;ESR2;PSMA6;MAP3K13;TRIM13;UBE2N;NTS;PTEN;PIDD1;TRIM34;EPHA5;CD36;TRIM62;PLPP3;RIPK2;AKT1;EIF2AK2;USP14;SLCO3A1;TNFSF11;FZD1;LAMTOR5;PRKD1;JMY;RNF220;TRIM32;RTKN2;IL1B;CLOCK;APP;RELN;IL18R1;ADCY8;NTRK1;DHX9;MALT1;ARID5B;STING1;NKX6-1;RIPK1;IKBKB;EDN1;MTDH;TLR2;SMO;PPARGC1B;PPARG;PPARGC1A;TFDP1;TRIM14;RNF25;TRIM38;OPRD1;TRAF1;CLU;IRAK2;FLOT1;ROR1;PRKCI;RAB7B;TRIM15;PRKCZ;TRIM21;TRADD;RIPK4;CTNNB1;MYD88;TRAF6;STAT3;CRTC3;STK36;SPHK1;CIB1;FZD4;CARD16;CFLAR;ZBTB7A;TRIM8	GO_Biological_Process_2023
prerank	PIP3 Activates AKT Signaling R-HSA-1257604	0.40679082586844517	1.1811909568508892	0.051	0.5933433835999872	1.0	88/265	25.38%	PIP4K2A;COMMD3-BMI1;PIK3CA;MECOM;FGFR4;NRG3;AREG;ESR2;MDM2;CREB1;RICTOR;PSMA6;PSMD14;CD86;GDNF;WWP2;PSME4;PSMD12;FOXO3;PPP2R5E;KITLG;PTEN;SOS1;ERBB4;MTA3;FYN;PSMD4;LAMTOR3;PSMD5;HDAC3;AKT1;HDAC2;FRS2;IRAK4;PDGFRA;LAMTOR5;JUN;PPP2R5C;RRAGA;NRG2;STUB1;RRAGD;PTPN11;PSMB11;SUZ12;FRK;RHEB;MTA2;USP13;IRS1;FGFR1;PIP5K1B;TNKS2;FLT3;MKRN1;CNOT6L;KL;PSMA2;FGF5;EZH2;HDAC7;TSC2;PPARG;GAB2;CSNK2A2;PDPK1;USP7;RRAGC;NRG1;HBEGF;CHD3;EED;PSMC1;REST;PML;TGFA;ICOS;PDGFB;FOXO1;FGFR2;PHC3;MOV10;PRR5;MYD88;PHC1;ERBB2;TRAF6;FGF19	Reactome_2022
prerank	Regulation Of G1/S Transition Of Mitotic Cell Cycle (GO:2000045)	0.3661551828303664	1.0327371444385984	0.4375	0.5938713308955835	1.0	29/105	25.34%	PKD2;ZNF655;AMBRA1;ACTL6A;PTEN;INO80;AKT1;E2F7;PLCB1;JADE1;MNAT1;CCNH;DACT1;CENPJ;KIF14;UBE2E2;DLG1;ADAMTS1;CDKN2A;APLP2;RRM2;ARID2;TFDP1;RDX;SASS6;TMEM14B;CCND2;MYO16;APC	GO_Biological_Process_2023
prerank	Positive Regulation Of Cell Cycle Process (GO:0090068)	0.36881609962529577	1.034101726366171	0.42900302114803623	0.593985761377007	1.0	48/115	31.70%	PKN2;PLK4;NCAPG;PHIP;TPR;MAP10;DYNC1LI1;GEN1;CDC14C;INO80;DMRT1;DRD2;RXFP3;NDC80;IGF2;CEP120;E2F7;PKP4;CSPP1;SPAST;CENPJ;KIF14;IL1B;EDN1;SMC2;DBF4;PLSCR1;MAP3K20;MAD2L1;NCAPD3;SASS6;TGFA;CENPV;PDGFB;SPAG5;CUL3;SMC6;CDC7;EREG;DYNC1H1;RAD21;EDN3;PDGFRB;ECT2;CEP295;DRD3;AURKA;GPSM2	GO_Biological_Process_2023
prerank	Macroautophagy R-HSA-1632852	0.40333640992734293	1.1449244474437466	0.19698492462311556	0.5942617242141671	1.0	36/114	23.71%	ATG10;CHMP2B;CHMP4C;DYNC1I1;DYNC1LI1;NBR1;AMBRA1;UBE2N;PIK3C3;PRKAA1;ARL13B;LAMTOR3;CFTR;TSC1;PRKAG2;RB1CC1;LAMTOR5;RRAGA;ATG3;ATG12;RRAGD;RHEB;FUNDC1;MAP1LC3C;PRKN;TOMM70;DYNC1I2;TSC2;CSNK2A2;RRAGC;ATG13;ATG9A;WIPI1;PRKAG3;PCNT;CHMP7	Reactome_2022
prerank	GPCR Ligand Binding R-HSA-500792	0.38959564062765223	1.142949181268736	0.046	0.5953400467888939	1.0	111/449	23.18%	PLPPR5;PLPPR1;NPY1R;TACR3;PTGER3;PTH2R;HTR1F;GNG12;CD55;GNB4;RXFP1;NPY2R;CXCL6;P2RY1;CMKLR1;MTNR1A;GRM7;SSTR2;TSHR;NLN;OPN5;HEBP1;GRM5;CALCR;NPFFR2;S1PR1;CXCR4;GPR68;NMBR;PROKR1;HTR1A;EDNRB;FFAR4;CHRM3;WNT16;GHSR;PLPPR4;MCHR2;NTS;TRH;GPR37;DRD2;FZD6;RXFP3;CRH;TAAR6;GNG2;MLNR;TAAR5;RIPK2;EDNRA;OPRM1;PTGDR;SCTR;PRLHR;SUCNR1;FZD1;PTGFR;ADRA1B;PTGER2;ADM2;TAC1;NPY5R;RAMP3;WNT6;GNG3;APP;TAS2R10;FSHR;TAS2R60;S1PR2;INSL5;CRHBP;TRHR;S1PR3;CCR3;EDN1;CXCL5;ADGRE5;MC5R;CXCL1;GNG5;QRFPR;GHRL;CALCRL;OXER1;CCL4;ADCYAP1;IAPP;SMOX;HTR5A;CXCR2;RLN2;CXCL13;IHH;PTCH1;GRM1;GPR37L1;OPRD1;GPR132;CXCR1;AGTR1;FZD7;GNAS;CXCL8;HCRTR1;NPB;ADRB2;P2RY6;AVPR1B;OXGR1	Reactome_2022
prerank	Regulation Of Protein Catabolic Process (GO:0042176)	0.3649083870938774	1.0342081201616125	0.4264264264264264	0.5964745275555812	1.0	48/119	32.04%	ZDHHC2;IDE;ASB5;MDM2;UCHL5;RGP1;EZR;PSMD14;SERPINB12;CYP51A1;PLK2;USP14;ATRAID;EEF1A1;DACT1;APC2;TRIM32;CDK5RAP3;ATP13A2;FAM83D;TMF1;TIPARP;PRKN;NELL1;BARD1;TNFAIP3;SNF8;MAD2L1;RDX;EGLN2;FOXO1;ODC1;APC;CHMP6;FMN2;RHBDF1;CUL4A;STX5;TMEM9;BANP;VGLL4;AZIN1;CDKN1B;RNF41;VPS28;WDR91;IRAK3;FURIN	GO_Biological_Process_2023
prerank	Cilium Assembly (GO:0060271)	0.3573430780008807	1.0298409533608581	0.403	0.6007250421173146	1.0	73/239	26.54%	CEP126;BBS7;JHY;PLK4;TBC1D32;CCNO;WDR19;PHIP;CPLANE1;WDPCP;DCTN1;DYNC2H1;FNBP1L;RSPH4A;TEKT4;ARL6;CDC14C;SSX2IP;SPAG16;ARL13B;MACIR;BBS10;RAB23;SEPTIN7;CCDC57;DYNC2I1;DNAH5;SCLT1;SNX10;DISC1;IQUB;INTU;CENPJ;IFT74;MBD1;FBXW8;CSNK1D;CCDC65;MAK;IFT140;DNAAF11;CC2D2A;IFT27;RILPL1;NME8;CCDC28B;FHDC1;NOTCH1;VANGL2;FUZ;KIF3A;CEP164;MKKS;CILK1;RABL2B;GORAB;EHD4;PCNT;PIBF1;ABLIM1;IFT46;KIF24;DZIP1;ACTR3;CCDC39;STK36;IFT172;IFT57;DNAAF1;TTC36;CCDC96;WDR90;ATP6V0D1	GO_Biological_Process_2023
prerank	Regulation Of Cell Differentiation (GO:0045595)	0.35619736623534015	1.0280673360833812	0.432	0.6026415850700759	1.0	69/191	29.79%	CCN2;CDK6;MEGF10;BDNF;PHLDB2;NLGN1;GDNF;CD24;HEY1;ACTL6A;MTA3;TRPS1;TFAP2A;SCIN;POU4F2;OCIAD1;IGF2;HEY2;DDX5;EIF2AK2;HDAC2;PA2G4;PPP1R13L;YWHAG;APC2;SUZ12;RELN;NF1;ISL1;TFAP2B;SLC6A6;CDK5RAP3;TCFL5;MTA2;NTF3;FGFR1;PTPRR;ZFHX2;DAG1;NELL1;NGF;ARID2;RUNX2;NR1D2;TENT5C;HSP90AB1;HOPX;CHD3;MBOAT2;REST;NTF4;FGFR2;GATA3;RORC;CTNNB1;INSM1;APC;EPHA3;CDK5R1;ROCK1;LEF1;SINHCAF;RUNX3;RBBP7;RAF1;TIAM1;EDN3;PHLDB1;CSF1	GO_Biological_Process_2023
prerank	Post-translational Protein Modification R-HSA-597592	0.3829167942461337	1.1350188599586606	0.004	0.602696481095915	1.0	382/1340	25.03%	UBA6;INO80D;CNTN4;FBXL4;BCL10;ST6GAL2;PEX2;MAN2A2;NFKBIA;KBTBD8;NOD1;CAPZA2;SATB1;XRCC4;RAB5A;CD55;CNKSR3;CPM;PGR;ST8SIA6;COMMD3;COMMD3-BMI1;NRIP1;ST8SIA4;CD109;CAND1;MDGA2;TOP2B;THRB;THSD7A;DCAF16;RAB39A;SEC24B;DYNC1I1;KLHL5;DCUN1D1;MBD6;ST6GALNAC3;FBXO11;ANK2;IDE;ADAMTS3;SEC24D;MBD5;VASH2;B3GALNT2;TPR;ST3GAL6;UBE2D1;AREG;LMO7;LMAN1;ASB5;MDM2;AGTPBP1;BET1;GALNT3;FBXW7;GALNTL6;PPP3CA;UCHL5;NGLY1;KTN1;PSMA6;DYNC1LI1;UBE2W;DCTN1;CDH2;EDEM3;NCOA2;SEMA5A;STAM;UBA3;FBXL5;PSMD14;USO1;COMMD8;KDM1B;UBE2D2;SMAD4;RNF7;SBSPON;SOCS6;LYPD4;ATXN7;SAR1B;SPTBN1;PRSS23;PSME4;PSMD12;ADAMTSL3;B4GALT6;ART3;TGFBR2;RCN1;RAB19;GCNT1;TTLL4;KDELR2;CYLD;ACTL6A;TRIM13;CTSC;UBE2N;MAN1A1;VNN1;ARSJ;MANEA;PTEN;COPS2;TUBB4A;INO80;FN1;PSMD4;DERL1;RAB10;B3GNT6;ADAMTSL1;ELOC;PIGZ;SERPINA10;ADAMTS13;TFAP2A;PGM3;RWDD3;ANK3;USP44;PEX13;LSAMP;UBE2D3;GALNT6;PSMD5;GNPNAT1;RAB27B;COPB2;RAB23;TNNI3;COMMD10;CTBP1;ANK1;RIPK2;PGAP1;UBE2E3;TTLL7;FGA;DDX5;RHOT1;TUSC3;HDAC2;LRRC49;ETFB;ADAMTS4;FBXL19;RAB33B;RORA;CFTR;WAC;USP14;QSOX1;FBXL3;NRN1;EEF1A1;ADAMTS19;RARA;TULP4;PIGH;PUM2;TUBA3C;GPR75-ASB3;FBXO32;ASB10;TRRAP;FBXL7;ING3;CAPZA3;RNF139;GCNT4;RNF152;SEC22A;MDGA1;LY6H;GOSR2;RBBP5;POTEF;RAB20;EDEM1;COG3;IGFBP4;GCNT3;ARSI;GALNTL5;SEC13;AMDHD2;CHST8;KLHL42;NEDD8;HNRNPK;RAB21;SOCS2;FBXO30;RRAGA;ADAMTS9;DNMT3A;DCAF11;MBD1;ST6GAL1;ENAM;GNE;APP;NUCB1;PSMB11;SUZ12;CKAP4;OS9;SMC3;FBXO4;TANK;TRAF3;ADAMTS1;RAB27A;DNAJC3;TFAP2B;ARSB;STAM2;SATB2;MARCHF6;ST8SIA3;CNTN5;BMP4;FBXW8;COG7;CDKN2A;USP13;RAB6A;FSTL1;PIGY;RAB22A;B3GNT4;APLP2;NCOR2;CSNK1D;B3GNT5;TNKS2;USP34;RIPK1;PRKN;RAB6B;USP20;TPGS2;RAB2B;ASB17;DAG1;USP17L1;TUBB8;TUBB2A;ARRB2;TNIP3;TBC1D20;RAB37;TOMM70;RNF181;BARD1;MOGS;ATXN3L;OTUD5;RAB9B;SMC1A;ZNF131;NEU3;ADAMTS20;DYNC1I2;SKP2;CCNA2;GAS6;NDC1;NFE2L2;PSMA2;RAET1G;SEC16A;CD59;DMTF1;UBE2K;PIGB;MOGAT1;ARF3;NUP54;HDAC7;SENP1;PROC;PIGN;ADAMTS17;PPARA;RAD52;CDC34;RAB32;USP24;MAN2A1;PPARG;PPARGC1A;WDR48;USP25;MUC20;AGBL3;GFPT1;UBE2V2;CNTN3;MITF;NR1H4;DCTN6;TNFAIP3;C1GALT1;FUT8;EVA1A;KIN;SPON2;MFGE8;RNF103;NUP42;BRCC3;USP7;INO80B;SEC22C;TFG;ALB;UCHL3;CHGB;PTGES2;IFIH1;TEX101;DCTN4;UGGT1;CP;COPS6;COMMD6;SLC17A5;CHD3;DCUN1D4;PIGQ;SEL1L;GOLGB1;TPST1;UBE2E1;ADAMTS18;NTNG2;PSMC1;TMED7;COG8;WDR20;MUC17;ADRB2;PML;TGFA;NR1I2;BTBD1;SAFB;RAB7B;COPB1;OPCML;RAB12;YOD1;MAN1A2;UHRF2;PHC3;GAN;BST1;CDK1;GPAA1;NOP58;GATA3;NR5A2;ANO8;NR3C1;GALNT2;RAB11A;SMAD1;DCAF13;PHC1;SRD5A3;TRIM4;ASB15;SEMA5B;ADAMTS14	Reactome_2022
prerank	Positive Regulation Of Cell Motility (GO:2000147)	0.3596110135060639	1.0300520703143612	0.41	0.6027173383547542	1.0	94/216	33.16%	CAV1;LAMC2;PDCD10;PDGFD;CPNE3;SEMA4D;PPP3CA;SEMA3E;RUFY3;SEMA5A;SEMA3D;CXCR4;PDGFC;MYOC;EPHA4;SYNE2;PLAU;SPRY2;TWIST1;KDR;PDGFRA;SMIM22;CLDN4;CARMIL1;IGF1R;SDCBP;TRIM32;IL1B;HGF;COL1A1;MMP14;RIPOR1;ELP5;NTF3;EDN1;TMSB15A;CCAR1;CBLL1;SEMA4F;CCNA2;CNTN1;ITGAX;SMO;CASS4;SOD2;SEMA3B;MAP4K4;NOTCH1;HBEGF;NTN1;C1QTNF8;CCDC25;SEMA4C;RDX;LRRC15;TJP1;EPHA2;NTRK3;PDGFB;TRADD;SEMA3C;F2R;PAK1;SEMA5B;STAT3;APC;SPHK1;CIB1;FZD4;SEMA3F;LEF1;FERMT2;LAMB1;ACVR1;SEMA6D;IL4;SEMA4B;ROR2;TIAM1;CCL19;CSF1R;THBS1;CSF1;PDGFRB;CTSH;BMP2;PTK2B;ADAM9;PDGFA;DUOX1;CLDN3;FGF1;CLDN1;CCL21	GO_Biological_Process_2023
prerank	Respiratory Electron Transport, ATP Synthesis By Chemiosmotic Coupling, Heat Production By Uncoupling Proteins R-HSA-163200	0.3960515498817611	1.1178227265573693	0.2631578947368421	0.6027365527891788	1.0	35/109	31.27%	DMAC2L;NDUFS4;TMEM126B;NDUFAF7;NDUFC1;NDUFB5;NUBPL;COX18;ETFB;NDUFA5;NDUFS1;NDUFA10;ATP5MG;SLC25A27;ATP5F1C;NDUFS2;COX7C;NDUFB1;NDUFAF3;CYCS;COQ10A;ATP5PF;COX16;COX6C;NDUFV3;NDUFA12;UQCRC1;UQCRH;ATP5MC3;ATP5MC1;ACAD9;UQCRQ;NDUFB3;NDUFAF4;ATP5F1B	Reactome_2022
prerank	Signaling By Receptor Tyrosine Kinases R-HSA-9006934	0.39308550445575247	1.1548946621489415	0.03	0.6046030634572369	1.0	167/491	26.77%	CAV1;LAMC2;SPRY1;PTPRZ1;LAMA4;PKN2;RIT2;PGR;PDGFD;GABRB1;PIK3CA;ARF6;FGFR4;MEF2C;PRDM1;NCKAP1;NRG3;AREG;YES1;MEF2A;GALNT3;CREB1;FLRT2;RICTOR;VAV3;COL9A1;STAM;GABRG2;COL4A4;ITGAV;VEGFC;PDGFC;GDNF;SH3KBP1;SOCS6;COL4A3;SH3GL2;APH1B;DIAPH1;KITLG;COPS2;SOS1;PIK3C3;GRIN2B;ERBB4;NAB1;FYN;COL6A2;PGF;ATP6V1C1;CTNNA1;SPRY2;AHCYL1;ABI2;DOCK3;RAP1B;IGF2;F3;HDAC3;ATP6V1H;AKT1;STAT1;ARHGEF7;GABRA1;HDAC2;ITPR2;PCSK6;PRKACB;TAB2;WWP1;ITGA2;FRS2;RANBP9;NAB2;KDR;CMA1;PDGFRA;THBS4;DOCK7;TEC;EPS15L1;IGF1R;KCNH8;NRP2;GRB10;NRG2;STUB1;BCL11B;PTPN11;NTRK1;STAM2;IL2RG;FGFBP2;IRS1;NTF3;FGFR1;PTN;TCF12;FLT3;CRKL;PTK6;PCSK5;STAT5A;WASF3;NCF4;POLR2H;STK4;PTPN3;NGF;THBS3;SPINT2;TNS4;KL;ATP6V0A1;ADCYAP1;FGF5;CYFIP2;PTPN12;DUSP4;GAB2;ATP6V1E1;MUC20;PDPK1;ADAM12;NRG1;NCOR1;POLR2D;FOS;GABRB2;HBEGF;HPN;TCIRG1;MYCN;RALB;ATP6V1A;SHB;JAK2;LAMA2;REST;NTRK3;RANBP10;TGFA;TIA1;PRKCZ;YAP1;NTF4;COL4A2;PDGFB;FGFR2;PRR5;PTPN1;CTNNB1;SH2D2A;ERBB2;LYN;STAT3;FGF19;TRIB1;CILP;SPHK1;ATP6V0E2;NCBP2;ATP6V0D1;IRS4;CDK5R1;RRAD;ROCK1	Reactome_2022
prerank	Protein Localization To Nucleus (GO:0034504)	0.3614800718482549	1.0280873612769255	0.4222668004012036	0.6053809113796228	1.0	41/120	31.63%	E2F3;PEX2;TPR;MDM2;RAP1GDS1;BMP7;AKT1;KPNA5;HIKESHI;SEC13;UTP25;COL1A1;BMP4;PIKFYVE;APLP2;FAM53C;STK4;PTTG1IP;TSC2;TNPO2;ARL2BP;POM121L2;FAM53B;PML;NOL8;TOR1B;LMNA;RPL11;PRICKLE1;STAT3;MORC3;NUAK2;ZBTB7A;TOR1A;KPNA1;BANP;IPO5;TOPORS;TNPO1;RPF2;BBS4	GO_Biological_Process_2023
prerank	KRAS Signaling Dn	0.34543271251136426	0.9960199740271812	0.5305305305305306	0.6072061938067315	1.0	59/193	26.58%	BMPR1B;THRB;SHOX2;ARPP21;CALML5;GDNF;WNT16;ZC2HC1C;EPHA5;SERPINA10;TNNI3;PDK2;KRT4;GRID2;TGFB2;PTGFR;VPS50;ABCB11;SNN;TFAP2B;TENM2;SIDT1;KLHDC8A;INSL5;NTF3;IL5;PRKN;TCF7L1;EDN1;SLC16A7;SOX10;CDKAL1;RYR2;CAPN9;THNSL2;BARD1;RGS11;CLSTN3;PAX3;TENT5C;IFNG;BTG2;GPR19;CYP39A1;SCN10A;FGGY;CACNG1;KCNE2;CDH16;SPHK2;ACTC1;CNTFR;PDE6B;DCC;CLDN16;CHST2;CCNA1;IRS4;MYO15A	MSigDB_Hallmark_2020
prerank	Transmission Across Chemical Synapses R-HSA-112315	0.4069259910625333	1.1742309080031266	0.067	0.6073015115143234	1.0	74/244	21.43%	SYT1;GNG12;GNB4;CACNB4;GRIN2A;RASGRF2;GABRB1;GABRA4;CAMK2D;PRKAR1A;MDM2;RIMS1;CREB1;CACNB2;GABRG2;LIN7A;PRKX;PRKAR1B;APBA1;SLC1A3;NBEA;GRIN2B;PRKAA1;ERBB4;CACNA2D1;GABRA2;SNAP25;GRIK1;CACNB1;GNG2;LRRC7;CAMK4;ARHGEF7;GABRA1;CACNA2D3;PRKACB;PRKAG2;PLCB1;SLC1A7;GABRA6;MPP3;GRIA2;NCALD;DLG1;PPFIA2;GNG3;ADCY8;SLC1A2;GRIK3;ADCY2;COMT;SLC1A1;ADCY7;BCHE;CHRNA1;GRIP2;GNG5;GRIA4;GLRA3;ARL6IP5;SLC6A12;CAMK2G;CACNA1B;GRIA3;KCNJ2;GLRB;SLC5A7;ADCY6;PDPK1;GAD2;KCNJ5;NRG1;GABRB2;SYN2	Reactome_2022
prerank	Sensory Perception Of Light Stimulus (GO:0050953)	0.36754342433523035	1.0253097980611081	0.46834170854271356	0.6087877435672254	1.0	31/100	29.99%	TYR;PRKRA;ATXN7;EYA4;GUCA1B;MYO7A;RS1;KIFC3;COL11A1;ADGRV1;COL1A1;ARR3;RDH10;LUM;DRAM2;DHRS3;PAX6;IMPG2;CLRN1;PCDH15;SIX3;GUCA1C;OPA1;SLC24A1;FSCN2;CRYBG3;COL18A1;PDE6C;SLC4A10;SIX6;USH2A	GO_Biological_Process_2023
prerank	Peptide Ligand-Binding Receptors R-HSA-375276	0.39342188534629546	1.1357115062569905	0.155	0.6091873393349914	1.0	62/191	29.35%	NPY1R;TACR3;RXFP1;NPY2R;CXCL6;SSTR2;NLN;HEBP1;NPFFR2;CXCR4;NMBR;PROKR1;EDNRB;GHSR;MCHR2;NTS;TRH;GPR37;RXFP3;MLNR;RIPK2;EDNRA;OPRM1;PRLHR;TAC1;NPY5R;APP;INSL5;TRHR;CCR3;EDN1;CXCL5;MC5R;CXCL1;QRFPR;GHRL;CCL4;CXCR2;RLN2;CXCL13;GPR37L1;OPRD1;CXCR1;AGTR1;CXCL8;HCRTR1;NPB;AVPR1B;PNOC;F2R;CXCL2;CCKAR;MC4R;OPRK1;CNOT6;CCL20;CCRL2;SST;CCL19;NMS;EDN3;UTS2B	Reactome_2022
prerank	Asparagine N-linked Glycosylation R-HSA-446203	0.3991555010777469	1.1561395862210608	0.087	0.6097246397651319	1.0	75/277	22.41%	ST6GAL2;MAN2A2;CAPZA2;CD55;ST8SIA6;ST8SIA4;SEC24B;DYNC1I1;ST6GALNAC3;ANK2;SEC24D;ST3GAL6;AREG;LMAN1;BET1;NGLY1;DYNC1LI1;DCTN1;EDEM3;USO1;SAR1B;SPTBN1;B4GALT6;KDELR2;TRIM13;CTSC;MAN1A1;MANEA;DERL1;PGM3;ANK3;GNPNAT1;COPB2;ANK1;TUSC3;CAPZA3;RNF139;SEC22A;GOSR2;EDEM1;COG3;SEC13;AMDHD2;CHST8;ST6GAL1;GNE;OS9;MARCHF6;ST8SIA3;COG7;CSNK1D;TBC1D20;MOGS;NEU3;DYNC1I2;SEC16A;CD59;MOGAT1;ARF3;MAN2A1;GFPT1;DCTN6;FUT8;RNF103;SEC22C;TFG;PTGES2;DCTN4;UGGT1;SLC17A5;SEL1L;GOLGB1;PSMC1;TMED7;COG8	Reactome_2022
prerank	Mitotic Spindle	0.3488676443723845	1.0007749260363177	0.4974974974974975	0.610995244848586	1.0	59/196	26.17%	CD2AP;ARHGAP10;ARHGAP5;PKD2;PDLIM5;ARF6;RICTOR;ALS2;EZR;RAPGEF5;PCGF5;SPTBN1;SOS1;SEPTIN9;ARHGAP29;TRIO;NDC80;SHROOM1;RASA2;ARHGEF7;TTK;TSC1;RASAL2;RANBP9;PALLD;CENPJ;DLG1;KATNB1;RHOF;SMC3;NF1;DST;CENPE;EPB41L2;CSNK1D;PCM1;SORBS2;CCDC88A;ARFGEF1;CDC42EP4;FBXO5;SMC1A;RFC1;CENPF;EPB41;ANLN;TUBGCP3;NET1;SASS6;PCNT;DOCK4;CDK1;NIN;WASL;APC;ARHGEF3;NOTCH2;ARFIP2;PAFAH1B1	MSigDB_Hallmark_2020
prerank	Signaling By TGFB Family Members R-HSA-9006936	0.39734432331185254	1.117967353243737	0.232	0.6112014703111139	1.0	27/117	15.11%	BMPR1B;NEDD4L;FST;UBE2D1;UCHL5;SMAD4;ITGAV;TGFBR2;BMPR1A;BMPR2;PARD6A;ZFYVE16;ACVR1C;UBE2D3;STAT1;SRFBP1;XPO1;TFDP2;ITGB8;TGFB2;WWTR1;TGIF1;NEDD8;GDF2;STUB1;FSTL1;NCOR2	Reactome_2022
prerank	Regulation Of Proteasomal Ubiquitin-Dependent Protein Catabolic Process (GO:0032434)	0.3637930539022734	1.0253805840276775	0.4495967741935484	0.6114052495641993	1.0	33/106	26.91%	BBS7;SH3RF1;MDM2;LRRK2;UCHL5;RNF217;RCHY1;XPO1;WAC;ANKIB1;RNF19A;BAG2;SDCBP;STUB1;EIF3H;HECTD1;RNF14;CSNK1D;PRKN;ZYG11B;RNF144B;ZER1;HSP90AB1;NKD2;HSPBP1;USP7;CLU;RPL11;PRICKLE1;GNA12;TRIB1;HERPUD1;NUB1	GO_Biological_Process_2023
prerank	Infectious Disease R-HSA-5663205	0.38510786412189746	1.1387188686282559	0.011	0.6117276121793875	1.0	233/946	22.91%	RPL15;TBL1XR1;CAV1;ZDHHC2;BRMS1L;ANTXR2;RPL22L1;CHMP2B;PKN2;PTH2R;SYT1;NOD1;GNG12;RNGTT;CHMP4C;XRCC4;RAB5A;GNB4;NEDD4L;VTA1;RXFP1;PATJ;PCSK1;MYO10;SEC24B;GRSF1;DYNC1I1;RPL39L;GPR150;MRPL13;ST6GALNAC3;DUSP16;G3BP2;SEC24D;TPR;NCKAP1;TSHR;VPS4B;PRKAR1A;YES1;CREB1;NT5E;PSMA6;XRCC5;DYNC1LI1;CALCR;VAV3;SGIP1;S1PR1;STAM;HAVCR1;PSMD14;RPL30;CXCR4;SDC1;PRKX;SH3KBP1;PRKAR1B;SAR1B;PSME4;PSMD12;SH3GL2;SV2B;PLK2;UBE2N;DUT;TAF2;SOS1;PIK3C3;MTA3;FYN;PSMD4;GPC6;PHF21A;JAK1;IFNGR1;ARID4B;IFNA8;ELOC;RPS8;AHCYL1;CRH;TAAR6;PARP8;ABI2;PSMD5;SNAP25;SYT2;CRBN;RCC1;VPS36;GNG2;HDAC3;DPEP2;TAAR5;RIPK2;ATP6V1H;AKT1;STAT1;DDX5;TUSC3;EIF2AK2;HDAC2;ITPR2;PTGDR;XPO1;MAP2K3;PRKACB;SCTR;TAB2;YWHAZ;ITGA4;MNAT1;PTGER2;CCNH;RPL10L;RPS21;GTF2H4;ADM2;YWHAG;POTEF;JUN;VPS4A;SNRPG;RAMP3;KPNA5;SFTPD;SEC13;KCNH8;HNRNPK;SUGT1;GEMIN5;RPL9;IL1B;GNG3;IL1R1;ST6GAL1;GPC5;PTPN11;PSMB11;SUZ12;RPS13;ADCY8;PACS1;TRAF3;RPL6;DNAJC3;STAM2;FSHR;ADCY2;HSD17B4;MTA2;GTF2A2;COMT;NMT1;STING1;SAP30;IRS1;YWHAQ;NCOR2;RIPK1;SDC4;IKBKB;ADCY7;MC5R;WASF3;GTF2H2;POLR2H;SRPK2;MYO5A;IL17F;GNG5;CALCRL;TOMM70;TLR2;MOGS;RPL36AL;RPL34;ZDHHC5;GUCY2C;CBLL1;DYNC1I2;ADCYAP1;IAPP;CHMP5;NDC1;NFE2L2;PSMA2;EZH2;CYFIP2;MOGAT1;NUP54;HSP90AB1;RHBDF2;SAP18;CBX1;RLN2;MAN2A1;ERCC3;FUT8;ADCY6;PDPK1;WIPF3;NUP42;RPL19;TXN2;CD8B;RPL7;LARP1;MRC1;NCOR1;POLR2D;ATP1A3;IFIH1;IRAK2;HBEGF;PALS1;SNF8;CHD3;EED;RPL4;ZCRB1;FZD7;JAK2;GNAS;PSMC1;RPS19;TJP1;REST;GOLGA7;RPL29;ADRB2;PML	Reactome_2022
prerank	Class A/1 (Rhodopsin-like Receptors) R-HSA-373076	0.40282425301501446	1.1758500112930348	0.039	0.6138718471222965	1.0	80/319	23.18%	PLPPR5;PLPPR1;NPY1R;TACR3;PTGER3;HTR1F;RXFP1;NPY2R;CXCL6;P2RY1;CMKLR1;MTNR1A;SSTR2;TSHR;NLN;OPN5;HEBP1;NPFFR2;S1PR1;CXCR4;GPR68;NMBR;PROKR1;HTR1A;EDNRB;FFAR4;CHRM3;GHSR;PLPPR4;MCHR2;NTS;TRH;GPR37;DRD2;RXFP3;TAAR6;MLNR;TAAR5;RIPK2;EDNRA;OPRM1;PTGDR;PRLHR;SUCNR1;PTGFR;ADRA1B;PTGER2;TAC1;NPY5R;APP;FSHR;S1PR2;INSL5;TRHR;S1PR3;CCR3;EDN1;CXCL5;MC5R;CXCL1;QRFPR;GHRL;OXER1;CCL4;HTR5A;CXCR2;RLN2;CXCL13;GPR37L1;OPRD1;GPR132;CXCR1;AGTR1;CXCL8;HCRTR1;NPB;ADRB2;P2RY6;AVPR1B;OXGR1	Reactome_2022
prerank	Anti-inflammatory Response Favoring Leishmania Infection R-HSA-9662851	0.406115429431747	1.157207756792052	0.124	0.6168233078597786	1.0	40/163	20.14%	PTH2R;GNG12;GNB4;RXFP1;GPR150;TSHR;PRKAR1A;YES1;CREB1;CALCR;PRKX;PRKAR1B;PLK2;FYN;AHCYL1;CRH;TAAR6;GNG2;DPEP2;TAAR5;ITPR2;PTGDR;PRKACB;SCTR;PTGER2;ADM2;RAMP3;GNG3;ADCY8;FSHR;ADCY2;ADCY7;MC5R;GNG5;CALCRL;ADCYAP1;IAPP;RHBDF2;RLN2;ADCY6	Reactome_2022
prerank	Metabolism Of Lipids R-HSA-556833	0.3844147968943217	1.1361388867544622	0.027	0.6178193419785897	1.0	208/722	24.35%	TBL1XR1;ELOVL4;GC;SLC44A5;CAV1;SLCO1A2;ASAH1;RAB5A;INSIG2;PIP4K2A;SAMD8;ELOVL6;SEC24B;SPTSSB;CPNE3;PRKD3;PTGR1;SGMS1;PIK3CA;SEC24D;SYCP2;HMGCLL1;SH3D19;MED4;FAR1;PLEKHA6;HACD4;OSBPL3;GBA2;GGPS1;NCOA2;INPP4B;LIN9;SLC44A3;CYP51A1;GPD2;PTGS2;UGT8;NFYC;ABCB4;ABCA1;SAR1B;LPIN2;ACSS3;LPGAT1;GK3;MTMR2;HACD1;FABP2;PPT1;HSD17B11;ARSJ;PLEKHA8;PTEN;CUBN;PIK3C3;PLAAT1;TNFRSF21;PLA2R1;CD36;PTGR2;MUSK;PCCB;PLA2G4A;CYP27A1;CPNE6;SMPD2;TPTE2;OSBPL8;GALC;SLC51A;PLPP3;AMACR;FABP12;HDAC3;DPEP2;SLC10A1;KDSR;RORA;PRKACB;SGPL1;PRKAG2;INPP4A;OSBPL1A;NPAS2;PON2;ACBD7;PON1;PCDHB16;OSBPL10;PLD2;GPCPD1;FIG4;CYP7B1;PON3;MED23;CRLS1;ACSL3;ALAS1;CHD9;PIK3R5;PRKD1;ACOT12;ETNPPL;ABCB11;ARSI;GPX4;LPIN1;ELOVL2;PTPN13;HADHA;ELOVL5;OXCT1;CLOCK;STARD3;HADHB;GK2;ACSL6;ARSB;GPAM;HSD17B4;PI4K2B;SGMS2;PIKFYVE;SGPP1;NCOR2;ESYT3;PCCA;PIP5K1B;ACADL;CEPT1;MSMO1;PIK3C2G;SRD5A2;BCHE;CBR4;ACOX3;LPCAT1;MFSD2A;CERK;MBOAT7;ORMDL1;PITPNB;PLEKHA2;OSBPL6;NEU3;MED7;THRSP;AHR;LIPI;MOGAT1;PLEKHA3;MTMR7;ARF3;MTMR6;DGAT2;PPARGC1B;DECR1;PPARA;MTMR1;SPTLC2;PPARG;PPARGC1A;PLEKHA5;STARD6;EHHADH;NR1H4;HSD11B1;CYP39A1;ACOT8;CSNK2A2;ACACA;FITM2;ACSL1;ELOVL7;AWAT2;CERS4;AKR1C1;ACOX1;ALB;NCOR1;SLC22A5;PTGES2;CYP19A1;PECR;ACOT4;HILPDA;PPP1CA;SBF2;ACBD6;MBOAT2;CSNK1G2;SERPINA6;SPHK2;NUDT19;CPTP;PLA2G4E;INPP5K;ACACB;HEXB;MED30;LPCAT2;ORMDL2;PGS1;ACER3;PTGIS;MED9;LPCAT4	Reactome_2022
prerank	Toll Like Receptor 4 (TLR4) Cascade R-HSA-166016	0.38706200110024863	1.1081643469922053	0.23446893787575152	0.6195557353164226	1.0	36/137	21.16%	NKIRAS1;NFKBIA;NOD1;TLR6;MEF2C;UBE2D1;MEF2A;CREB1;UBE2D2;GDNF;UBE2N;CD36;UBE2D3;RIPK2;FGA;MAP2K3;USP14;TAB2;IRAK4;JUN;PELI2;KCNH8;APP;PTPN11;TANK;TRAF3;RIPK1;IKBKB;MAPK10;TLR2;MAP3K1;DUSP4;CASP8;LY86;FOS;IRAK2	Reactome_2022
prerank	Fatty Acid Metabolism R-HSA-8978868	0.3853468737654924	1.1089991758525977	0.22722722722722724	0.6228899219365788	1.0	45/172	22.06%	ELOVL4;ELOVL6;PTGR1;SYCP2;HACD4;PTGS2;HACD1;PPT1;PTGR2;MUSK;PCCB;PLA2G4A;AMACR;DPEP2;PRKAG2;PON2;ACBD7;PON1;PON3;ACSL3;ACOT12;GPX4;ELOVL2;HADHA;ELOVL5;HADHB;ACSL6;HSD17B4;PCCA;ACADL;CBR4;ACOX3;THRSP;DECR1;EHHADH;ACOT8;ACACA;ACSL1;ELOVL7;ACOX1;SLC22A5;PTGES2;PECR;ACOT4;ACBD6	Reactome_2022
prerank	Toll Like Receptor 3 (TLR3) Cascade R-HSA-168164	0.41087334349195104	1.159824181714401	0.192964824120603	0.6275983763539664	1.0	23/101	16.44%	NKIRAS1;NFKBIA;NOD1;MEF2C;UBE2D1;MEF2A;CREB1;UBE2D2;GDNF;UBE2N;UBE2D3;RIPK2;MAP2K3;USP14;TAB2;JUN;KCNH8;APP;TANK;TRAF3;RIPK1;IKBKB;MAPK10	Reactome_2022
prerank	Chromatin Remodeling (GO:0006338)	0.3541519646145027	1.0199243567758223	0.437	0.628614653080035	1.0	33/223	12.19%	MIER1;INO80D;CBX3;SATB1;SMARCA5;CGGBP1;GATAD1;CHD1;MECOM;KDM4C;UCHL5;BAZ2B;KDM5B;ACTL6A;KDM2B;KDM5C;SF3B1;MTA3;INO80;TET1;PWWP2A;HPF1;BAZ1A;HDAC2;WAC;DDX23;SUV39H2;DEK;KDM4E;YEATS4;ZNF827;YEATS2;BAZ2A	GO_Biological_Process_2023
prerank	Degradation Of Extracellular Matrix R-HSA-1474228	0.3962871704612866	1.109297737403096	0.2592964824120603	0.6299816613274626	1.0	24/103	18.87%	LAMC2;LAMA4;SPOCK3;COL25A1;COL14A1;COL9A1;MMP16;MMP13;DCN;ADAMTS4;CD44;CMA1;TLL1;ADAMTS9;ADAMTS1;COL16A1;MMP14;COL12A1;CAPN9;NID1;CAPN8;CAPN13;CAPNS1;TMPRSS6	Reactome_2022
prerank	Neddylation R-HSA-8951664	0.40065126082930697	1.157382965847867	0.089	0.6305718080828044	1.0	44/236	13.57%	FBXL4;KBTBD8;COMMD3;CAND1;DCAF16;KLHL5;DCUN1D1;FBXO11;UBE2D1;LMO7;ASB5;FBXW7;PSMA6;UBA3;FBXL5;PSMD14;COMMD8;UBE2D2;RNF7;SOCS6;PSME4;PSMD12;COPS2;PSMD4;ELOC;UBE2D3;PSMD5;COMMD10;FBXL19;FBXL3;TULP4;PUM2;GPR75-ASB3;FBXO32;ASB10;FBXL7;RBBP5;KLHL42;NEDD8;SOCS2;FBXO30;DCAF11;PSMB11;FBXO4	Reactome_2022
prerank	Citric Acid (TCA) Cycle And Respiratory Electron Transport R-HSA-1428517	0.38650716938312524	1.1104311436247365	0.24124124124124124	0.6325433680142077	1.0	56/158	34.03%	SUCLG2;LDHB;L2HGDH;DMAC2L;NDUFS4;TMEM126B;NDUFAF7;NDUFC1;NDUFB5;NUBPL;COX18;ETFB;PDK2;SUCLG1;PDK3;NDUFA5;PCDHB16;NDUFS1;NDUFA10;ATP5MG;SLC25A27;ATP5F1C;NDUFS2;COX7C;NDUFB1;NDUFAF3;PDHX;CYCS;COQ10A;ATP5PF;IDH2;COX16;COX6C;PDPK1;SUCLA2;NNT;NDUFV3;NDUFA12;LDHAL6B;ADHFE1;UQCRC1;UQCRH;ATP5MC3;ATP5MC1;ACAD9;UQCRQ;PDHB;NDUFB3;NDUFAF4;ATP5F1B;LDHAL6A;OGDH;COX19;PDHA2;VDAC1;MPC2	Reactome_2022
prerank	mRNA Splicing, Via Spliceosome (GO:0000398)	0.3525021839502838	1.0182877093810274	0.4494494494494494	0.6325863908905077	1.0	44/200	20.28%	PRPF40A;LSM8;HNRNPA3;SLU7;SNRPD1;WBP4;YTHDC1;HNRNPH3;CDK13;SRSF12;SYNCRIP;CRNKL1;CELF4;PLRG1;HNRNPA2B1;SF3B1;GCFC2;USP39;DDX5;PRMT5;DDX23;SMU1;PRPF38A;SNRPG;HNRNPK;SCAF11;METTL14;GEMIN5;PPIL3;SF3B6;DHX9;EIF4A3;SNRNP27;RBM4;PRPF3;SNRPN;SRPK2;PRPF4;CDC5L;LSM5;RNPC3;RBM22;SRSF6;NOVA1	GO_Biological_Process_2023
prerank	Glycerophospholipid Biosynthesis R-HSA-1483206	0.3873509275665186	1.0979911729794307	0.2793969849246231	0.6329841623634125	1.0	38/124	26.41%	SLC44A5;CPNE3;SLC44A3;GPD2;LPIN2;LPGAT1;PLAAT1;PLA2R1;PLA2G4A;CPNE6;OSBPL8;OSBPL10;PLD2;GPCPD1;CRLS1;ETNPPL;LPIN1;HADHA;HADHB;GPAM;CEPT1;BCHE;LPCAT1;MFSD2A;MBOAT7;PITPNB;LIPI;DGAT2;CSNK2A2;AWAT2;MBOAT2;PLA2G4E;LPCAT2;PGS1;LPCAT4;DDHD2;GNPAT;GPAT2	Reactome_2022
prerank	Platelet Degranulation R-HSA-114608	0.3901306821764213	1.0988016776028708	0.26720647773279355	0.6361388591415296	1.0	28/122	21.14%	GTPBP2;CD109;FAM3C;OLA1;VEGFC;F13A1;SOS1;FN1;CD36;RAB27B;BRPF3;IGF2;FGA;QSOX1;TGFB2;ABCC4;VTI1B;APP;PIKFYVE;APLP2;PHACTR2;LEFTY2;TMX3;GAS6;CYB5R1;CAP1;ALB;CLU	Reactome_2022
prerank	MyD88:MAL(TIRAP) Cascade Initiated On Plasma Membrane R-HSA-166058	0.3862604738732693	1.0958738474748881	0.2984924623115578	0.6376139705550984	1.0	29/109	21.16%	NKIRAS1;NFKBIA;NOD1;TLR6;MEF2C;MEF2A;CREB1;GDNF;UBE2N;CD36;RIPK2;FGA;MAP2K3;USP14;TAB2;IRAK4;JUN;PELI2;KCNH8;APP;TANK;IKBKB;MAPK10;TLR2;MAP3K1;DUSP4;CASP8;FOS;IRAK2	Reactome_2022
prerank	Signaling By VEGF R-HSA-194138	0.3924186820414969	1.1110557164330745	0.2588116817724068	0.6381781440405443	1.0	18/101	10.53%	CAV1;PKN2;PIK3CA;NCKAP1;RICTOR;VAV3;ITGAV;VEGFC;FYN;PGF;CTNNA1;AHCYL1;ABI2;AKT1;ARHGEF7;ITPR2;PRKACB;KDR	Reactome_2022
prerank	Transport Of Small Molecules R-HSA-382551	0.3748033791976289	1.100955586218426	0.08	0.6392987042799492	1.0	201/693	25.43%	ATP8A1;SLC44A5;ANO5;ATP2B1;SRI;SLCO1A2;SLC12A2;GNG12;ACO1;SLC4A4;SLC30A7;GNB4;NEDD4L;ANO6;CAND1;STEAP2;HDLBP;TRPC4;SLC27A6;TRPC1;SLC39A8;CAMK2D;PRKAR1A;ATP8B1;TRPC6;ABCB9;PSMA6;ATP10D;FTMT;FBXL5;PSMD14;SLC44A3;RAB11FIP2;SLC30A10;ATP10B;SLC4A8;ABCB4;ABCA1;PRKAR1B;SLC39A10;SAR1B;PSME4;PSMD12;SLC26A4;ANKH;TRPC3;SLC1A3;ATP8A2;SLC35A3;TRPV1;SLC6A15;CUTC;SLC7A11;SLC14A2;CUBN;ABCD3;FKBP1B;PSMD4;SLC9C1;DERL1;SLC6A19;ATP6V1C1;SLC9B2;MCOLN3;SLC9A9;MCOLN2;PSMD5;AQP11;SLC6A5;SLC5A6;NALCN;GNG2;ATP2C2;LRRC8C;MAIP1;ATP6V1H;SLC9B1;TUSC3;PCSK6;AZGP1;PRKACB;CFTR;ABCG2;PEX3;ATP13A5;ANO4;WWP1;SLCO3A1;SLC1A7;MB;SLC7A2;SLC5A3;TTYH2;MRS2;SLC40A1;ABCC4;SLC41A2;ABCB5;SLC35D1;NIPAL2;CYB5R4;NEDD8;STOM;SLC22A15;ABCD2;AHCYL2;GNG3;LPL;PSMB11;OS9;ADCY8;SLC17A6;SLC1A2;SLC9A8;SLC6A6;ADCY2;ATP13A2;TRPM3;SLC1A1;SLC11A2;TRPA1;SLC9A2;SLC15A2;SLC8A3;CLCN2;ADCY7;ATP7B;SLC2A9;SLC9A3;PCSK5;SLC16A7;RYR2;MICU2;VLDLR;PARL;GNG5;TRPM4;SLC6A12;APOC1;CAMK2G;ATP6V0A1;MCU;PSMA2;SLC7A9;MINDY4;STEAP3;SLC8A1;ATP6V1E1;ANO3;SLC5A7;CYB5R1;ADCY6;ABCA3;AQP4;SLC6A2;SLCO4C1;APOBR;ALB;TRPC5;SLC22A5;ATP1A3;CYBRD1;CP;TCIRG1;TRPM6;SLC17A5;SEL1L;SLC22A16;SPG7;ATP6V1A;ARL2BP;OSTM1;GNAS;PSMC1;CA2;SLC22A3;SLC31A1;CAMK2B;ABCG5;SLC45A3;TRPC4AP;SLCO1C1;ABCA12;SLC5A8;SLC36A2;ATP13A4;SLC24A1;SLC2A13;FXYD1;ANO8;SGK3;RAB11A;SLC26A7;ABCC9;MYLIP;ATP1B1;SLC6A13;SLC13A1;HMOX2;SLC15A3;SLC5A11	Reactome_2022
prerank	S Phase R-HSA-69242	0.38353221841278695	1.1022760947417043	0.23123123123123124	0.6394349380565502	1.0	55/161	30.01%	ANAPC4;GINS2;UBE2D1;PSMA6;LIN9;PSMD14;PRIM2;ORC4;PSME4;PSMD12;PDS5A;PSMD4;PSMD5;AKT1;MCM3;ESCO2;TFDP2;MNAT1;CCNH;POLD3;POLD2;GMNN;PSMB11;SMC3;DNA2;SLC19A1;ORC6;PTK6;POLD4;SMC1A;SKP2;CCNA2;MCM6;PSMA2;POLE2;TFDP1;ESCO1;ANAPC16;RFC2;UBE2E1;ORC3;PSMC1;GINS4;ORC5;CCNA1;CDC16;PSMD6;WAPL;CKS1B;MCM7;RAD21;PSMC4;LRIG1;AKT3;CDKN1B	Reactome_2022
prerank	Positive Regulation Of Epithelial Cell Proliferation (GO:0050679)	0.358000631260388	1.0152779564550518	0.4864593781344032	0.6420317254115991	1.0	41/121	27.59%	HMGB2;FGF2;PTPRN;NELL2;ANG;VASH2;AREG;SEMA5A;VEGFC;PKHD1;BMPR2;SIRT1;PGF;AKT1;RTN4;KDR;THBS4;PRKD1;GDF2;BMP4;PTN;REG3A;STAT5A;NELL1;CNTN1;SRSF6;HPN;FZD7;EMC10;TGFA;YAP1;PDGFB;FGFR2;WNT7A;ERBB2;CDH3;NOTCH2;BAD;PROX1;BMP6;LAMB1	GO_Biological_Process_2023
prerank	Neuronal System R-HSA-112316	0.3984293778995236	1.160030239703583	0.05	0.6425093380636675	1.0	122/383	23.75%	SLITRK3;KCNK2;SYT1;GNG12;GNB4;CACNB4;PDLIM5;GRIN2A;RASGRF2;GABRB1;PTPRD;GABRA4;CAMK2D;KCNC2;PRKAR1A;MDM2;NLGN1;RIMS1;CREB1;GRM5;CACNB2;GABRG2;KCNN2;LIN7A;PRKX;PRKAR1B;APBA1;SLC1A3;SYT9;NBEA;GRIN2B;PRKAA1;ERBB4;KCNAB1;SLITRK1;KCNA4;CACNA2D1;GABRA2;SNAP25;SYT2;GRIK1;CACNB1;GNG2;LRRC7;KCNH7;CAMK4;ARHGEF7;GABRA1;CACNA2D3;NRXN1;PRKACB;PRKAG2;PLCB1;SLC1A7;KCNF1;GABRA6;MPP3;DLGAP3;GRIA2;NCALD;KCNG3;HOMER1;DLG1;KCNH8;SLITRK6;PPFIA2;GNG3;KCNMB3;EPB41L3;KCNB2;ADCY8;SLC1A2;GRIK3;ADCY2;COMT;EPB41L2;KCND3;KCNK18;SLC1A1;ADCY7;KCNV1;BCHE;HCN1;CHRNA1;GRIP2;GNG5;GRIA4;GLRA3;ARL6IP5;SLC6A12;CAMK2G;CACNA1B;GRIA3;SLITRK5;KCNK1;KCNJ2;GLRB;BEGAIN;SLC5A7;ADCY6;PDPK1;GAD2;KCNJ14;GRM1;EPB41;KCNJ5;NRG1;KCNG2;GABRB2;DLGAP1;SYN2;KCNA5;FLOT1;HOMER2;NTRK3;KCNJ3;KCNK10;LRFN1;CAMK2B;PANX1;PRKAG3;SHANK1	Reactome_2022
prerank	PPARA Activates Gene Expression R-HSA-1989781	0.3905957544582785	1.1031502486646971	0.2723618090452261	0.6426365688627868	1.0	29/116	20.92%	TBL1XR1;MED4;NCOA2;LIN9;NFYC;ABCB4;ABCA1;TNFRSF21;CD36;MUSK;HDAC3;RORA;NPAS2;PCDHB16;MED23;ALAS1;CHD9;CLOCK;NCOR2;MED7;AHR;PPARGC1B;PPARA;PPARG;PPARGC1A;NR1H4;ACSL1;ACOX1;NCOR1	Reactome_2022
prerank	Synthesis Of DNA R-HSA-69239	0.386138380372102	1.0989257687427447	0.2545271629778672	0.6438315018469726	1.0	38/119	29.24%	ANAPC4;GINS2;UBE2D1;PSMA6;PSMD14;PRIM2;ORC4;PSME4;PSMD12;PSMD4;PSMD5;MCM3;POLD3;POLD2;GMNN;PSMB11;DNA2;SLC19A1;ORC6;POLD4;SKP2;CCNA2;MCM6;PSMA2;POLE2;ANAPC16;RFC2;UBE2E1;ORC3;PSMC1;GINS4;ORC5;CCNA1;CDC16;PSMD6;MCM7;PSMC4;LRIG1	Reactome_2022
prerank	Diseases Of Glycosylation R-HSA-3781865	0.38211439503024336	1.093535346139605	0.280561122244489	0.6445335706365338	1.0	44/134	25.85%	THSD7A;ADAMTS3;GALNT3;SEMA5A;SDC1;SBSPON;ADAMTSL3;EXT1;GPC6;ADAMTSL1;ADAMTS13;DCN;ADAMTS4;ADAMTS19;CHST3;ADAMTS9;CHSY1;GPC5;GNE;ADAMTS1;PGM1;LUM;SDC4;DAG1;MOGS;ADAMTS20;ADAMTS17;MUC20;GFPT1;C1GALT1;SPON2;NOTCH1;ADAMTS18;MUC17;PAPSS2;HEXB;GALT;SRD5A3;SEMA5B;ADAMTS14;NUS1;NOTCH2;B3GALT6;MUC12	Reactome_2022
prerank	Epithelial Cell Differentiation (GO:0030855)	0.3581310263760972	1.0138378199612041	0.4779559118236473	0.6449242514929354	1.0	36/130	24.41%	CNN3;CCNO;HNRNPH3;GATA6;EHF;TCF21;ERBB4;PLAAT1;RAB10;WT1;BASP1;AKT1;E2F7;HDAC2;KRT4;KDR;DMBT1;DHRS9;TST;BMP4;FSTL1;CES1;PCK2;CDHR2;PPARG;SIX3;AKR1C1;TOLLIP;DEUP1;FZD7;PTER;ANXA4;YAP1;FGFR2;CDK1;GATA3	GO_Biological_Process_2023
prerank	SARS-CoV-2 Activates/Modulates Innate And Adaptive Immune Responses R-HSA-9705671	0.38284579704672406	1.0839026428180367	0.31017119838872104	0.647865422315323	1.0	29/119	21.16%	NOD1;SEC24B;G3BP2;SEC24D;TPR;SAR1B;UBE2N;PIK3C3;JAK1;IFNA8;RIPK2;STAT1;TAB2;SFTPD;SEC13;PTPN11;TRAF3;STING1;IKBKB;IL17F;TOMM70;TLR2;NDC1;NUP54;HSP90AB1;NUP42;LARP1;IFIH1;IRAK2	Reactome_2022
prerank	Metabolism Of Proteins R-HSA-392499	0.36469605010459444	1.082566661379202	0.025	0.6486238941027973	1.0	538/1841	27.32%	RPL15;UBA6;INO80D;ZDHHC2;CNTN4;MSRB3;RPL22L1;FBXL4;BCL10;ENPEP;ST6GAL2;PEX2;MAN2A2;NFKBIA;KBTBD8;NOD1;GNG12;CAPZA2;SATB1;XRCC4;RAB5A;CPE;CD55;CNKSR3;CPM;SLC30A7;GNB4;PGR;ST8SIA6;COMMD3;COMMD3-BMI1;NRIP1;ST8SIA4;CD109;CAND1;MDGA2;TOP2B;THRB;THSD7A;DCAF16;PCSK1;RAB39A;SEC24B;DYNC1I1;KLHL5;DCUN1D1;RPL39L;MBD6;MRPL13;SNCAIP;TBCE;ST6GALNAC3;TSFM;FBXO11;ANK2;IDE;ADAMTS3;SEC24D;MBD5;VASH2;B3GALNT2;TPR;ST3GAL6;UBE2D1;AREG;GATA6;LMO7;LMAN1;ASB5;MDM2;AGTPBP1;BET1;GALNT3;FBXW7;SNCA;SEC11C;GALNTL6;PPP3CA;UCHL5;NGLY1;KTN1;PSMA6;DYNC1LI1;UBE2W;DCTN1;ADGRF5;MRPL47;CDH2;EDEM3;NCOA2;SEMA5A;STAM;UBA3;FBXL5;PSMD14;USO1;RPL30;COMMD8;CCT5;KDM1B;UBE2D2;SMAD4;RNF7;SBSPON;SOCS6;LYPD4;ATXN7;SAR1B;FFAR4;SPTBN1;PRSS23;PSME4;PSMD12;ADAMTSL3;B4GALT6;ART3;TGFBR2;RCN1;RAB19;GCNT1;TTLL4;APH1B;KDELR2;CYLD;ACTL6A;DPP4;TRIM13;ITM2B;CTSC;UBE2N;MAN1A1;VNN1;ARSJ;MANEA;PTEN;NARS2;COPS2;TUBB4A;INO80;FN1;PSMD4;DERL1;RAB10;B3GNT6;ADAMTSL1;ELOC;PIGZ;H2AZ1;SERPINA10;ADAMTS13;RPS8;TFAP2A;PGM3;RWDD3;ANK3;USP44;PEX13;LSAMP;UBE2D3;GALNT6;PSMD5;GNPNAT1;RAB27B;COPB2;RAB23;TNNI3;COMMD10;CTBP1;IGF2;MARS2;GNG2;ANK1;HDAC3;RIPK2;PGAP1;UBE2E3;TTLL7;FGA;DDX5;RHOT1;TUSC3;HDAC2;LRRC49;ETFB;ADAMTS4;FBXL19;RAB33B;MRPL32;RORA;CFTR;WAC;USP14;QSOX1;FBXL3;NRN1;EEF1A1;ADAMTS19;RARA;TULP4;PIGH;PUM2;EXOC1;TUBA3C;NARS1;MTIF2;PFDN2;PPA2;CMA1;GPR75-ASB3;FBXO32;ASB10;TRRAP;FBXL7;DLGAP3;ING3;MRPS6;CAPZA3;RNF139;GCNT4;KIFC3;RNF152;RPL10L;RPS21;SEC22A;MDGA1;LY6H;GOSR2;RBBP5;POTEF;RAB20;EDEM1;COG3;IGFBP4;DMBT1;GCNT3;ARSI;GALNTL5;SFTPD;SEC13;AMDHD2;CHST8;KLHL42;NEDD8;HNRNPK;RAB21;SOCS2;FBXO30;RRAGA;RPL9;ADAMTS9;DNMT3A;GNG3;SEC61A1;DCAF11;MBD1;ST6GAL1;ENAM;GNE;APP;EIF3H;RGS6;NUCB1;PSMB11;SUZ12;CKAP4;OS9;RPS13;SMC3;CCT7;FBXO4;TANK;ISL1;TRAF3;ADAMTS1;RPL6;RAB27A;DNAJC3;TFAP2B;RGS7;ARSB;YARS2;STAM2;SATB2;MARCHF6;DTD1;ST8SIA3;MRPL17;MRPL14;CNTN5;BMP4;FBXW8;COG7;CDKN2A;EIF5B;USP13;RAB6A;FSTL1;PIGY;RAB22A;B3GNT4;APLP2;NCOR2;CSNK1D;B3GNT5;FARSB;TNKS2;GARS1;USP34;CES1;RIPK1;PRKN;RAB6B;USP20;TPGS2;BCHE;RAB2B;ERO1A;ASB17;DAG1;USP17L1;MYO5A;TUBB8;GNG5;TUBB2A;ARRB2;TNIP3;TBC1D20;GHRL;RAB37;TOMM70;RARS1;RNF181;BARD1;MOGS;ATXN3L;OTUD5;RAB9B;RGS11;SMC1A;RPL36AL;ZNF131;RPL34;PLA2G7;NEU3;EIF2B5;ADAMTS20;DYNC1I2;SKP2;CCNA2;IAPP;GAS6;NDC1;NFE2L2;PSMA2;RAET1G;PAX6;SEC16A;CHCHD1;IARS2;SEC11A;CD59;DMTF1;UBE2K;PIGB;MOGAT1;SEC61G;ARF3;NUP54;HDAC7;SENP1;PROC;PIGN;ADAMTS17;PPARA;RAD52;CDC34;MRPL16;RAB32;USP24;MAN2A1;PPARG;PPARGC1A;WDR48;USP25;MUC20;PRL;AGBL3;GFPT1;UBE2V2;MRPL19;CNTN3;MITF;NR1H4;DCTN6;TNFAIP3;C1GALT1;EXOC3;FUT8;EVA1A;CSNK2A2;KIN;SPON2;MFGE8;ABCA3;RNF103;NUP42;RPL19;BRCC3;TXN2;USP7;INO80B;SEC22C;TFG;RPL7;MRPL43;ALB;PFDN6;UCHL3;CHGB;PTGES2;IFIH1;PAPPA2;TEX101;MRPS7;DCTN4;UGGT1;CP;COPS6;COMMD6;SLC17A5;CHD3;DCUN1D4;PIGQ;MMP2;SEL1L;MRPL44;RPL4;GOLGB1;TPST1;OXA1L;PABPC1;UBE2E1;ADAMTS18;NTNG2;PSMC1;MRPL42;RARS2;TMED7;COG8;YARS1;RPS19;WDR20;MUC17;RPL29;ADRB2;PML;TGFA;NR1I2;BTBD1;EXOC2;SRPRB;SAFB;RAB7B;COPB1;OPCML;RAB12;YOD1;MAN1A2;UHRF2;PHC3;RPL11;GAN;BST1;AIMP1;CDK1;GPAA1;NOP58;GATA3;NR5A2;ANO8;NR3C1;GALNT2;RAB11A;SMAD1;CTNNB1;DCAF13;PHC1;SRD5A3;TRIM4;ASB15;MRPS2;SEMA5B;ADAMTS14;RPS12;DCTN2;TRAF6;STAT3;MRPL15;DDB2;GNA14;ARSK;HSPA8;CPB2;NUS1;AMFR;CUL9;PIGA;MUC12;SARS1;PDIA6;PCMT1;NEGR1;CUL3;SPHK1;SP3;TARS1;SPSB4;CCNA1;UCHL1;SMC6;CUL4A;CCT8;SLC30A8;ABRAXAS1;TUBB3;GNAQ;MRPL36;RPN2;NUB1;EEF1B2;MRPS27;EIF4G1;TSPAN5;RNF168;CARD16;GGCX;PSMD6;MUC13	Reactome_2022
prerank	Potassium Channels R-HSA-1296071	0.3900394613639667	1.0890273189608035	0.31093279839518556	0.6487242851313761	1.0	31/102	25.20%	KCNK2;GNG12;GNB4;KCNC2;KCNN2;KCNAB1;KCNA4;GNG2;KCNH7;KCNF1;KCNG3;KCNH8;GNG3;KCNMB3;KCNB2;KCND3;KCNK18;KCNV1;HCN1;GNG5;KCNK1;KCNJ2;KCNJ14;KCNJ5;KCNG2;KCNA5;KCNJ3;KCNK10;KCNS3;ABCC9;KCNJ12	Reactome_2022
prerank	Post-translational Protein Phosphorylation R-HSA-8957275	0.3849883842727545	1.0798885219663505	0.3225806451612903	0.6500220615609473	1.0	27/104	21.35%	PPP3CA;KTN1;CDH2;PRSS23;RCN1;FN1;SERPINA10;TNNI3;FGA;QSOX1;IGFBP4;ENAM;APP;NUCB1;CKAP4;DNAJC3;BMP4;FSTL1;APLP2;GAS6;DMTF1;PROC;EVA1A;MFGE8;ALB;CHGB;CP	Reactome_2022
prerank	Detection Of Chemical Stimulus Involved In Sensory Perception Of Smell (GO:0050911)	-0.2097995683299257	-1.0	1.0	0.6504524886877828	0.5422222222222223	38/125	23.15%	OR2L3;OR6K3;OR10H4;OR10H5;OR5V1;OR2C1;OR2M3;OR6N1;SLC24A4;OR2B3;OR10Z1;OR10H3;OR10H2;OR10AG1;OR2H1;OR2S2;OR12D2;OR10J5;OR2K2;OR2G3;OR10J1;OR2M4;OR2G6;OR2A1;OR2W1;OR6A2;OR2AE1;OR2AJ1;OR2C3;OR2D2;OR2B6;OR10R2;OR2T4;OR6K6;OR2T33;OR2T27;OR2J3;OR10T2	GO_Biological_Process_2023
prerank	Sensory Perception Of Smell (GO:0007608)	-0.2562489530621015	-1.0	1.0	0.6504524886877828	0.5422222222222223	62/207	22.21%	OR2L3;OR5M9;OR6K3;OR5M3;OR5B17;OR5AK2;OR10H4;OR10H5;OR5V1;OR2C1;OR1Q1;OR8J3;OR2M3;SYT10;OR8I2;OR6C3;OR51M1;OR6N1;OR5D18;OR8U1;SLC24A4;OR2B3;OR1C1;OR51B5;OR10Z1;OR8H1;OR10H3;OR5T2;OR10H2;OR10AG1;OR2H1;OR5I1;OR2S2;OR12D2;OR10J5;OR6C2;OR2K2;OR5F1;OR2G3;OR10J1;OR2M4;OR5B12;OR8B8;OR8B3;OR2G6;OR2A1;OR2W1;OR51I1;OR6A2;OR5B2;OR5T1;OR8D1;OR2AE1;OR2AJ1;OR5L1;OR2C3;OR2D2;OR2B6;OR10R2;OR2T4;OR6K6;OR2T33	GO_Biological_Process_2023
prerank	Regulation Of Cell Growth (GO:0001558)	0.34876277832974245	1.0117842085457367	0.4694694694694695	0.6509771679295137	1.0	43/220	14.59%	ZNF639;DCBLD2;SFRP2;SLIT2;OSGIN2;BCL2;CAMK2D;NRG3;ESR2;RICTOR;SMAD4;HNF4A;BMPR2;PPT1;SIRT1;INO80;BRAT1;EBAG9;WT1;EXOSC9;AKAP6;AKT1;RTN4;RAB33B;CDKN2AIP;JADE2;CCN3;FRZB;JADE1;SH3BP4;TGFB2;PLCE1;KIF14;SDCBP;SOCS2;TRIM32;RERG;GDF2;RASGRP2;MT3;MMP14;ENPP1;CDKN2A	GO_Biological_Process_2023
prerank	Positive Regulation Of Macromolecule Metabolic Process (GO:0010604)	0.3472139582004664	1.011020990283653	0.455	0.65120394347534	1.0	106/359	25.38%	ATF2;FGF2;BMPR1B;NFKBIA;TLR6;PGR;PDCD10;RBPJ;ANK2;FGFR4;MEF2C;ROBO1;RIMS1;SNCA;CALCR;EZR;CITED2;HMGA2;WNT16;BMPR1A;BMPR2;DHX36;HOXD3;NTS;PRKAA1;FN1;IFNGR1;BMP7;WT1;SPRY2;TFAP2A;CD36;ANK3;MUSK;LAMP3;FUBP1;FOXD1;AKT1;EMILIN1;POU4F1;ITGB8;TWIST1;MED23;LAMTOR5;ADM2;RAMP3;ACTA2;WNT6;IL1B;APP;RAB27A;MT3;POU3F3;ATP13A2;BMP4;CSF2;PTPN22;GARS1;ANKRD31;RIPK1;PRKN;RBMS3;TLE1;SRPK2;NGF;TLR2;GAS6;NFE2L2;FGF5;PAX6;PLSCR1;CNTN1;IFNG;ITGAX;SMO;RLN2;PPARG;PPARGC1A;MITF;CLU;NOTCH1;SNF8;HPN;MYCN;AGTR1;MBIP;RDX;CXCL8;NKX3-1;NTRK3;ACTC1;ACTG1;YAP1;NKX2-1;HOXA5;PDGFB;RPL11;TTN;LIMS1;ZNF804A;PTPN1;MYD88;WNT7A;CDH3;STAT3;FGF19	GO_Biological_Process_2023
prerank	Autophagy R-HSA-9612973	0.37809281885403945	1.0806485560785668	0.32232232232232233	0.6523495800141277	1.0	42/128	26.15%	ATG10;CHMP2B;CHMP4C;DYNC1I1;DYNC1LI1;NBR1;AMBRA1;UBE2N;PIK3C3;PRKAA1;ARL13B;LAMTOR3;CFTR;TSC1;PRKAG2;RB1CC1;EEF1A1;LAMTOR5;RRAGA;ATG3;ATG12;RRAGD;RHEB;FUNDC1;MAP1LC3C;PRKN;TOMM70;DYNC1I2;HSP90AB1;TSC2;CSNK2A2;RRAGC;ATG13;ATG9A;WIPI1;PRKAG3;PCNT;CHMP7;HSPA8;CHMP6;VPS37A;ATG14	Reactome_2022
prerank	Transport Of Inorganic Cations/Anions And Amino Acids/Oligopeptides R-HSA-425393	0.3854370342160621	1.0843571307318158	0.31055276381909547	0.6528030110528859	1.0	33/102	25.73%	SRI;SLC12A2;SLC4A4;SLC4A8;SLC26A4;SLC1A3;SLC6A15;SLC7A11;SLC6A19;SLC9A9;SLC1A7;SLC7A2;AHCYL2;SLC17A6;SLC1A2;SLC9A8;SLC6A6;SLC1A1;SLC9A2;SLC15A2;SLC8A3;SLC9A3;SLC6A12;SLC7A9;SLC8A1;SLC17A5;SLC5A8;SLC36A2;SLC24A1;SLC26A7;SLC15A3;SLC9A1;SLC3A1	Reactome_2022
prerank	Signaling By Rho GTPases, Miro GTPases And RHOBTB3 R-HSA-9716542	0.37084445760053414	1.0895425845812097	0.108	0.6530096795098657	1.0	212/647	29.18%	ARHGAP18;CAV1;ARHGAP24;SLITRK3;PKN2;ARHGAP10;ARHGAP5;IQGAP2;AKAP12;RHOBTB1;VRK2;PDE5A;AHCTF1;ARHGAP21;RASGRF2;DYNC1I1;PIK3CA;FAM13A;PHIP;TMOD3;DIAPH3;SOS2;NCKAP1;FAM169A;SH3RF1;AREG;LMAN1;KDM4C;ARHGAP42;KTN1;DYNC1LI1;VAV3;ALS2;NCOA2;STAM;FNBP1L;RAP1GDS1;LRRC1;SPTBN1;WWP2;DOCK10;PLEKHG1;CDC25C;DIAPH1;PPP2R5E;CENPN;PICALM;PEAK1;COPS2;SOS1;PIK3C3;ABCD3;PARD6A;FAM83B;ARL13B;ARHGAP29;CTNNA1;H2AZ1;TRIO;KCTD3;NDC80;ABI2;CDC42EP3;DOCK8;MSI2;PFN2;HSPE1;DOCK3;BASP1;SGO1;DAAM1;RHOT1;ARHGEF7;ITGB3BP;XPO1;CFTR;RASAL2;ARHGAP20;PKP4;MCF2L;ARHGEF6;PPP1R12A;FRS2;EMC3;NDUFA5;RHOH;PLEKHG5;YWHAZ;PLD2;CENPU;ARHGAP26;YWHAG;POTEF;RRAS2;KIF14;DOCK7;SEC13;PPP2R5C;POTEE;PTPN13;TRAK2;STOM;FARP2;RHOF;CCDC115;CKAP4;CCT7;DST;STAM2;CENPE;STARD13;ARHGAP23;NGEF;YWHAQ;SGO2;KIF2A;WASF3;NCF4;CCDC88A;CPNE8;SPATA13;FAM135A;SRGAP2;CDC42EP4;TMEM59;MCF2;RAB9B;RHOBTB3;TXNL1;SLITRK5;DYNC1I2;SEMA4F;CENPF;STK10;PLEKHG6;KALRN;MTR;CYFIP2;HSP90AB1;SENP1;STEAP3;RND2;ARHGAP45;MTMR1;MPP7;PDPK1;DLG5;WIPF3;ARAP1;VANGL2;ANLN;ARHGAP33;FLOT1;MAD2L1;CDC42SE2;ZWINT;PDZD2;HOMER2;DOCK9;ARHGAP15;ZAP70;FAF2;EPHA2;SH3PXD2A;SRGAP1;ARHGEF4;NDEL1;ACTC1;EPSTI1;PRKCZ;ACTG1;ARHGAP28;DOCK4;CENPH;SYDE2;DVL3;CTNNB1;WASL;HMOX2;RHOBTB2;ACTR3;MYL9;ARHGEF3;SKA1;FMNL2;PPP1R12B;ARHGEF28;PAFAH1B1;ITSN2;CUL3;MYL12B;ROCK1;ARPC2;RHOB;RBM15;MUC13;FERMT2;ARHGEF40;ARHGAP1;STX5;MYO6;CPSF7;DYNC1H1;SCFD1;ARHGEF9;PRAG1;ARPC3;TAGAP;RHOQ;TIAM1;RNASE1;ABI1	Reactome_2022
prerank	ESR-mediated Signaling R-HSA-8939211	0.376677394259656	1.0742554919459408	0.315	0.6555119231346441	1.0	50/185	24.48%	CAV1;GNG12;GNB4;PGR;NRIP1;PIK3CA;CHD1;BCL2;AREG;ESR2;CREB1;CAV2;NCOA2;ZDHHC21;GDNF;FOXO3;ERBB4;EBAG9;H2AZ1;GNG2;MYB;AKT1;DDX5;XPO1;TLE3;JUN;IGF1R;KCNH8;GNG3;SMC3;GPAM;GTF2A2;S1PR3;KAT5;POLR2H;GNG5;POU2F1;SMC1A;HSP90AB1;PDPK1;POLR2D;FOS;HBEGF;MMP2;TGFA;PRKCZ;PPP5C;MOV10;GATA3;NR5A2	Reactome_2022
prerank	Signaling By Rho GTPases R-HSA-194315	0.36953886156577276	1.0851651201939068	0.125	0.6557383676072936	1.0	207/631	29.18%	ARHGAP18;CAV1;ARHGAP24;SLITRK3;PKN2;ARHGAP10;ARHGAP5;IQGAP2;AKAP12;RHOBTB1;VRK2;PDE5A;AHCTF1;ARHGAP21;RASGRF2;DYNC1I1;PIK3CA;FAM13A;PHIP;TMOD3;DIAPH3;SOS2;NCKAP1;FAM169A;SH3RF1;AREG;LMAN1;KDM4C;ARHGAP42;KTN1;DYNC1LI1;VAV3;ALS2;NCOA2;STAM;FNBP1L;LRRC1;SPTBN1;WWP2;DOCK10;PLEKHG1;CDC25C;DIAPH1;PPP2R5E;CENPN;PICALM;PEAK1;COPS2;SOS1;PIK3C3;ABCD3;PARD6A;FAM83B;ARL13B;ARHGAP29;CTNNA1;H2AZ1;TRIO;KCTD3;NDC80;ABI2;CDC42EP3;DOCK8;MSI2;PFN2;HSPE1;DOCK3;BASP1;SGO1;DAAM1;ARHGEF7;ITGB3BP;XPO1;CFTR;RASAL2;ARHGAP20;PKP4;MCF2L;ARHGEF6;PPP1R12A;FRS2;EMC3;NDUFA5;RHOH;PLEKHG5;YWHAZ;PLD2;CENPU;ARHGAP26;YWHAG;POTEF;RRAS2;KIF14;DOCK7;SEC13;PPP2R5C;POTEE;PTPN13;STOM;FARP2;RHOF;CCDC115;CKAP4;CCT7;DST;STAM2;CENPE;STARD13;ARHGAP23;NGEF;YWHAQ;SGO2;KIF2A;WASF3;NCF4;CCDC88A;CPNE8;SPATA13;FAM135A;SRGAP2;CDC42EP4;TMEM59;MCF2;TXNL1;SLITRK5;DYNC1I2;SEMA4F;CENPF;STK10;PLEKHG6;KALRN;MTR;CYFIP2;HSP90AB1;SENP1;STEAP3;RND2;ARHGAP45;MTMR1;MPP7;PDPK1;DLG5;WIPF3;ARAP1;VANGL2;ANLN;ARHGAP33;FLOT1;MAD2L1;CDC42SE2;ZWINT;PDZD2;HOMER2;DOCK9;ARHGAP15;ZAP70;FAF2;EPHA2;SH3PXD2A;SRGAP1;ARHGEF4;NDEL1;ACTC1;EPSTI1;PRKCZ;ACTG1;ARHGAP28;DOCK4;CENPH;SYDE2;DVL3;CTNNB1;WASL;HMOX2;RHOBTB2;ACTR3;MYL9;ARHGEF3;SKA1;FMNL2;PPP1R12B;ARHGEF28;PAFAH1B1;ITSN2;CUL3;MYL12B;ROCK1;ARPC2;RHOB;RBM15;MUC13;FERMT2;ARHGEF40;ARHGAP1;STX5;MYO6;CPSF7;DYNC1H1;SCFD1;ARHGEF9;PRAG1;ARPC3;TAGAP;RHOQ;TIAM1;RNASE1;ABI1	Reactome_2022
prerank	Signaling By Nuclear Receptors R-HSA-9006931	0.4032887242459466	1.1625560605310854	0.074	0.6573032703710684	1.0	75/257	25.23%	TBL1XR1;CAV1;GNG12;GNB4;PGR;NRIP1;PIK3CA;CHD1;BCL2;AREG;ESR2;CREB1;CAV2;NCOA2;KDM1B;ZDHHC21;GDNF;ABCA1;FOXO3;ERBB4;EBAG9;H2AZ1;RARB;GNG2;HDAC3;MYB;AKT1;DDX5;PDK2;XPO1;KDM3A;RARA;PDK3;TLE3;RDH11;JUN;IGF1R;KCNH8;GNG3;ADH7;SMC3;DHRS9;GPAM;GTF2A2;S1PR3;NCOR2;RDH10;KAT5;POLR2H;GNG5;PDHX;POU2F1;APOC1;SMC1A;DHRS3;DHRS4;HSP90AB1;CYP26C1;PDPK1;EEPD1;CYP26A1;NCOR1;POLR2D;FOS;HBEGF;MMP2;TGFA;ABCG5;PRKCZ;PPP5C;MOV10;GATA3;NR5A2;MYLIP;GTF2A1	Reactome_2022
prerank	Developmental Biology R-HSA-1266738	0.3926438886840533	1.160330461473278	0.002	0.6573756357139406	1.0	305/1050	25.57%	RPL15;TBL1XR1;CTNNA2;EPHA7;ADGRG6;POU3F2;CHL1;RPL22L1;ROBO2;PKN2;DOK6;PRDM14;LHX9;FOXP1;EFNB2;HNF4G;CACNB4;NELL2;ST8SIA4;RBPJ;MYO10;SLIT2;RFX6;RPL39L;MYF5;KRTAP13-3;MRPL13;PIK3CA;TRPC4;ANK2;TRPC1;PTPRC;MED4;MEF2C;SOS2;SOX2;UTRN;SEMA4D;KRTAP6-1;GATA6;EBF1;YES1;ROBO1;MEF2A;GAP43;CREB1;TRPC6;CACNB2;SCN9A;SEMA3E;PSMA6;MYF6;VAV3;CDH2;NCOA2;COL9A1;LIN9;SEMA5A;EFNA5;EZR;PSMD14;RPL30;CXCR4;CYP51A1;SMAD4;COL4A4;ITGAV;KRT76;GDNF;SH3KBP1;SCN7A;SPTBN1;PSME4;COL4A3;PSMD12;CD24;UPF2;SH3GL2;EPHA4;APH1B;KRT79;TRPC3;ZFPM2;ADAM22;ZNF638;FOXO3;HOXD3;SEMA3A;UNC5C;SOS1;GRIN2B;NAB1;FYN;TBXT;DMRT1;PSMD4;COL6A2;ELOC;EPHA5;CTNNA1;WT1;H2AZ1;KRTAP3-1;TRIO;RPS8;CD36;KRTAP6-3;ACVR1C;DPYSL5;ANK3;KRTAP19-3;RARB;PSMD5;ITGA5;HOXC4;PFN2;EPHA6;KRTAP9-3;CACNB1;GFI1;KLF5;ANK1;HDAC3;NRCAM;KRT2;MYB;AKT1;ARHGEF7;HDAC2;PCSK6;KRT4;HOXA3;PRKACB;SCN11A;ITGA2;PKP4;TFDP2;DEK;RARA;MPP3;FRS2;RANBP9;NAB2;LDB2;MED23;RPL10L;RPS21;ALCAM;CDH4;WWTR1;RBBP5;POTEF;KRTAP9-9;JUN;CHD9;DSC3;DLG1;SDCBP;KRT6B;NRP2;UNC5B;GRB10;RPL9;ADGRV1;LPL;FARP2;KRTAP10-10;CDON;PTPN11;PSMB11;SUZ12;RPS13;EOMES;RELN;ST14;ISL1;RPL6;UPF3A;EIF4A3;RCAN1;EPHB1;DSCAML1;SCN3B;BMP4;PLXNC1;NTN4;TP63;NGEF;FGFR1;NCOR2;NCAM1;TCF12;TSC22D1;NKX6-1;DSG4;TCF7L1;SOX10;DAG1;POLR2H;VLDLR;FOXD3;SRGAP2;KRTAP20-1;PDHX;SCN4B;LEFTY2;SEMA6A;RPL36AL;KRTAP21-1;RPL34;MED7;IAPP;SCN8A;ENAH;CAPNS1;PSMA2;NR2F2;PAX6;SALL1;EZH2;KALRN;CNTN1;RGMB;HSP90AB1;PPARA;LCE3E;KRTAP10-12;MYL12A;ADAM23;PPARG;GAB2;PPARGC1A;TFDP1;CSNK2A2;CAP1;SCN2A;RPL19;DOK1;KRT72;KRTAP19-4;RPL7;SCN10A;GFRA1;SHTN1;TRPC5;ITGA9;NCOR1;POLR2D;BNIP2;NOTCH1;CRMP1;NRTN;NTN1;MMP2;EED;RPL4;ACVR2A;HOXD1;PABPC1;DSG3;KRTAP22-1;SPRR1B;RDX;PSMC1;LAMA2;KRTAP13-2;ADIRF;GFRA2;RPS19;EPHA2;RPL29;PML;ABLIM2;SRGAP1;ACTG1;YAP1;COL4A2;FOXO1;TRIM33;MED30;RPL11;LIPK;ABLIM1;LIPJ;DCC;LCE3A;MED9;NR5A2;MED6;CACNA1C;CNTN6;CTNNB1;KRTAP13-4;ERBB2;LYN;RPS12;INSM1;PTF1A;WASL;ACTR3;STAT3;MYL9;KRTAP19-5;HSPA8;HOXB3	Reactome_2022
prerank	GPCR Downstream Signaling R-HSA-388396	0.36925050856563535	1.0860531604549601	0.112	0.6579896425007005	1.0	155/607	23.39%	NPY1R;TACR3;PDE11A;PTGER3;PTH2R;HTR1F;PDE4B;GNG12;GNB4;RXFP1;NPY2R;CXCL6;P2RY1;RASGRF2;MTNR1A;GPR150;GRM7;PIK3CA;SSTR2;CAMK2D;SOS2;TSHR;PRKAR1A;OPN5;HEBP1;CREB1;TRPC6;GRM5;PPP3CA;CALCR;VAV3;NPFFR2;PDE4D;CXCR4;GPR68;NMBR;PROKR1;PRKX;PDE7A;DGKB;EDNRB;PRKAR1B;FFAR4;PDE7B;DGKH;CHRM3;GHSR;TRPC3;MCHR2;NTS;NBEA;SOS1;TRH;GPR37;TRIO;AHCYL1;RXFP3;CRH;PLA2G4A;TAAR6;ITGA5;GNG2;MLNR;CAMK4;TAAR5;RIPK2;AKT1;EDNRA;ARHGEF7;ITPR2;OPRM1;PTGDR;PRKACB;SCTR;PLCB1;MCF2L;ARHGEF6;PLEKHG5;SUCNR1;PTGFR;ADRA1B;PTGER2;ADM2;PDE8B;TAC1;NPY5R;PLCB4;PIK3R5;DGKG;RAMP3;GNG3;APP;RGS6;RASGRP2;ADCY8;RGS7;TAS2R10;FSHR;TAS2R60;ADCY2;PDE4C;S1PR2;INSL5;NGEF;TRHR;S1PR3;CCR3;EDN1;ADCY7;CXCL5;MC5R;CXCL1;GNG5;QRFPR;ARRB2;GHRL;CALCRL;OXER1;CAMK2G;MCF2;CCL4;RGS11;ADCYAP1;IAPP;PPP3CC;HTR5A;KALRN;CXCR2;RLN2;PDE1A;CXCL13;ADCY6;PDPK1;GRM1;GPR37L1;OPRD1;HBEGF;PDE10A;GPR132;PPP1CA;CXCR1;AGTR1;RGS8;GNAS;CXCL8;HCRTR1;NPB;PDE4A;ADRB2;P2RY6;AVPR1B;GPR27;OXGR1;ARHGEF4;CAMK2B	Reactome_2022
prerank	SUMOylation R-HSA-2990846	0.37482142910582933	1.0760785256245355	0.277	0.6589753528445369	1.0	53/170	24.93%	NFKBIA;SATB1;XRCC4;PGR;COMMD3-BMI1;NRIP1;TOP2B;THRB;TPR;AREG;MDM2;NCOA2;TFAP2A;RWDD3;CTBP1;DDX5;HDAC2;RORA;RARA;ING3;SEC13;HNRNPK;DNMT3A;MBD1;SUZ12;SMC3;TFAP2B;SATB2;CDKN2A;NCOR2;SMC1A;ZNF131;NDC1;NUP54;HDAC7;SENP1;PPARA;RAD52;PPARG;PPARGC1A;MITF;NR1H4;NUP42;CHD3;PML;NR1I2;SAFB;UHRF2;PHC3;NOP58;NR5A2;NR3C1;PHC1	Reactome_2022
prerank	Regulation Of Lipid Metabolism By PPARalpha R-HSA-400206	0.3801825081459488	1.0748631277494882	0.335010060362173	0.6590296357776698	1.0	29/118	20.92%	TBL1XR1;MED4;NCOA2;LIN9;NFYC;ABCB4;ABCA1;TNFRSF21;CD36;MUSK;HDAC3;RORA;NPAS2;PCDHB16;MED23;ALAS1;CHD9;CLOCK;NCOR2;MED7;AHR;PPARGC1B;PPARA;PPARG;PPARGC1A;NR1H4;ACSL1;ACOX1;NCOR1	Reactome_2022
prerank	Signaling By NOTCH R-HSA-157118	0.3758695266403057	1.0898010511184069	0.26	0.6596819795736243	1.0	46/201	21.65%	TBL1XR1;E2F3;WWC1;RBPJ;MIB1;ST3GAL6;FBXW7;CREB1;PSMA6;PSMD14;WWP2;PSMD12;HEY1;APH1B;NBEA;GZMB;PSMD4;H2AZ1;DTX2;PSMD5;HDAC3;HEY2;AKT1;STAT1;HDAC2;TFDP2;TLE3;YWHAZ;JUN;ACTA2;POGLUT1;RAB6A;NCOR2;TLE1;MIB2;ARRB2;HDAC9;ELF3;PSMA2;CNTN1;HDAC7;TFDP1;NCOR1;NOTCH1;HDAC8;SEL1L	Reactome_2022
prerank	MAPK Family Signaling Cascades R-HSA-5683057	0.368908598536375	1.0766703922633944	0.25	0.6625447215262428	1.0	88/313	24.23%	PRKG2;PKN2;RASGRF2;DUSP16;PIK3CA;ABHD17B;CAMK2D;FGFR4;NRG3;AREG;PSMA6;PSMD14;GDNF;SPTBN1;PSME4;PSMD12;FOXO3;PPP2R5E;KITLG;SOS1;GRIN2B;ERBB4;FN1;FYN;PSMD4;JAK1;LAMTOR3;CDC42EP3;PSMD5;RASA2;SEPTIN7;RAP1B;LRRC7;FGA;RASA3;ARHGEF7;XPO1;PRKACB;RASAL2;MPP3;FRS2;RANBP9;PDGFRA;MAPK4;RASGEF1A;RAG1;JUN;RASA4;PPP2R5C;DLG1;NRG2;PTPN11;PSMB11;NF1;IL2RG;CSF2;IRS1;FGFR1;NCAM1;IL5;DNAJB1;FLT3;RAPGEF2;PTPN3;ARRB2;CAMK2G;KL;PSMA2;FGF5;KALRN;DUSP4;GFRA1;NRG1;HBEGF;NRTN;MMP2;JAK2;PSMC1;GFRA2;GOLGA7;TGFA;CAMK2B;PPP5C;PDGFB;FOXO1;FGFR2;MOV10;CDK1	Reactome_2022
prerank	Programmed Cell Death R-HSA-5357801	0.37263597878353377	1.0714949095579442	0.315	0.6654380591282452	1.0	66/204	28.02%	HMGB2;CHMP2B;PKN2;ARHGAP10;CHMP4C;SATB1;BCL2;PMAIP1;PSMA6;CASP4;PSMD14;PSME4;PSMD12;ACIN1;GZMB;PSMD4;PSMD5;AKT1;CASP7;TFDP2;YWHAZ;YWHAG;DIABLO;SDCBP;UNC5B;IL1B;STUB1;PSMB11;TANK;OMA1;PLEC;NMT1;CDKN2A;TP63;YWHAQ;RIPK1;CYCS;GAS2;GSDME;PPP3CC;PSMA2;PROC;H1-1;CASP8;TFDP1;IRF2;FLOT1;TNFRSF10A;DSG3;TMED7-TICAM2;PSMC1;TJP1;CHMP7;LMNA;DCC;TRADD;CTNNB1;STAT3;CHMP6;APIP;BAD;ROCK1;PSMD6;CFLAR;KPNA1;DAPK1	Reactome_2022
prerank	Anterograde Trans-Synaptic Signaling (GO:0098916)	0.350932255234462	1.0067550677115682	0.4964964964964965	0.6654923215106402	1.0	79/194	34.28%	HTR1F;SYT1;RIT2;CACNB4;GRIN2A;GRIK2;GABRB1;GRM7;NLGN1;SNCA;CACNB2;DLG2;HCRTR2;HTR1A;PDE7B;AMPH;CHRM3;APBA1;SLC1A3;GRIN2B;CRH;SNAP25;GRIK1;CACNB1;NRXN1;PCDHB16;AKAP9;GRIA2;NPY5R;HOMER1;DLG1;SDCBP;SLC1A2;SLC1A1;CHRNA1;GLRA3;CACNA1B;DBH;HTR5A;DTNA;SYPL1;GLRB;GAD2;SLC6A2;GABRB2;DLGAP1;SYN2;HCRTR1;PNOC;KCNIP2;CACNA1E;LPAR3;GAD1;PAFAH1B1;PMP22;GLRA2;CHRNA5;SPG11;OPRK1;SST;GABRP;SLC12A4;KCND2;CHRNA2;SLC18A3;KIF5A;EXOC4;SLC18A2;NPTX2;KCNQ3;GRIA1;GRM2;SNCG;CHRNA10;HCRT;SLC1A6;PCDHB10;CHRNA9;GABRR1	GO_Biological_Process_2023
prerank	Toll-like Receptor Cascades R-HSA-168898	0.3714473851722673	1.070264871724252	0.3123123123123123	0.6658194740410434	1.0	39/159	21.16%	NKIRAS1;EEA1;NFKBIA;NOD1;TLR6;MEF2C;UBE2D1;MEF2A;CREB1;UBE2D2;GDNF;UBE2N;PIK3C3;CD36;UBE2D3;RIPK2;FGA;MAP2K3;USP14;TAB2;IRAK4;JUN;PELI2;KCNH8;APP;PTPN11;TANK;TRAF3;RIPK1;IKBKB;MAPK10;TLR2;GSDME;MAP3K1;DUSP4;CASP8;LY86;FOS;IRAK2	Reactome_2022
prerank	Positive Regulation Of Protein Metabolic Process (GO:0051247)	0.3465627802784537	0.9963906819989656	0.506	0.66605195989692	1.0	70/193	30.57%	ATG10;BCL10;NFKBIA;ELAVL1;IDE;YTHDF1;FGFR4;ASB5;SSB;EZR;CD86;PLK2;PRR16;AKT1;PIWIL2;HDAC2;LDB1;RANBP9;DACT1;APC2;TRIM32;METTL14;IL1B;STUB1;APP;HNRNPD;ISL1;UPF3A;EIF4A3;SAMD4A;TIPARP;PRKN;LARP1B;IL17F;BARD1;NAT10;GUF1;CYFIP2;RPS6KB1;PLD1;TNFAIP3;CASP8;LARP1;CLU;SNF8;AGTR1;RDX;EGLN2;FOXO1;METTL3;PCIF1;WNT7A;ERBB2;APC;IST1;BAD;CUL4A;EIF4G1;STX5;NIBAN1;VGLL4;MAPK7;PLXNB2;PYM1;THBS1;CSF1;PERP;CDKN1B;RNF41;VPS28	GO_Biological_Process_2023
prerank	Positive Regulation Of Gene Expression (GO:0010628)	0.34237201678647955	0.9992519239856212	0.528	0.666161729719562	1.0	140/472	25.38%	ATF2;FGF2;BMPR1B;TLR6;PGR;PDCD10;RBPJ;ELAVL1;ANK2;YTHDF1;FGFR4;MEF2C;TXK;ROBO1;RIMS1;SSB;CALCR;CADM1;EZR;CITED2;HMGA2;WNT16;BMPR1A;BMPR2;DHX36;PRR16;HOXD3;NTS;PRKAA1;FN1;IFNGR1;PLA2R1;BMP7;FAM47E;WT1;SPRY2;TFAP2A;CD36;ANK3;MUSK;LAMP3;FUBP1;FOXD1;AKT1;EIF2AK2;PIWIL2;EMILIN1;TENT4B;POU4F1;ITGB8;TWIST1;HNRNPLL;MED23;LAMTOR5;ADM2;RBBP5;RAMP3;ACTA2;METTL14;WNT6;IL1B;APP;HNRNPD;RAB27A;UPF3A;EIF4A3;SAMD4A;MT3;POU3F3;ATP13A2;BMP4;CSF2;PTPN22;GARS1;ELAVL4;RIPK1;PRKN;RBM20;LARP1B;RBMS3;TLE1;SRPK2;IL17F;NGF;TLR2;NAT10;GUF1;GAS6;NFE2L2;FGF5;PAX6;PLSCR1;CNTN1;IFNG;RPS6KB1;ITGAX;SMO;PLD1;RLN2;PPARG;PPARGC1A;MITF;RBM22;LARP1;CLU;NOTCH1;SNF8;HPN;HILPDA;FLOT1;MYCN;IFI16;BTN3A1;MBIP;RDX;CXCL8;NKX3-1;NTRK3;SPHK2;ACTC1;ACTG1;YAP1;NKX2-1;HOXA5;PDGFB;GLYR1;GAPDH;RPL11;TTN;LIMS1;METTL3;CLEC9A;PCIF1;ZNF804A;MYD88;ERBB2;CDH3;PADI2;STAT3;FGF19	GO_Biological_Process_2023
prerank	Positive Regulation Of Hydrolase Activity (GO:0051345)	0.3481966166995589	0.998253843496465	0.5245737211634904	0.6674330395762501	1.0	62/171	31.11%	HMGB2;EVI5;RASGRF2;SOS2;SEMA4D;CAV2;RGP1;ALS2;RAB11FIP2;RAPGEF5;RAP1GDS1;DOCK10;PICALM;SOS1;TBC1D30;ZC3H15;DOCK8;MAPRE2;ARHGEF7;PKP4;RASGEF1A;DOCK7;RGS6;RASGRP2;NTRK1;NF1;RGS7;RGL1;RAPGEF2;TBC1D20;CCL4;RGS11;SNX9;EZH2;RAPGEF3;SLC6A2;RAPGEFL1;ARAP1;SNX13;MAP4K4;WDR41;RGS8;DOCK9;NDEL1;LIMS1;DVL3;F2R;ERBB2;RASGEF1C;S100A10;ROCK1;FERMT2;ADRB1;CALM3;CCL20;CCL19;PRSS22;CTSH;ECT2;RSU1;BMP2;CALM2	GO_Biological_Process_2023
prerank	Transmembrane Receptor Protein Serine/Threonine Kinase Signaling Pathway (GO:0007178)	0.35218124599546574	0.9967369996996662	0.5255255255255256	0.667609278951311	1.0	58/128	34.15%	BMPR1B;TGFBR3;MAGI2;HIVEP1;SMAD4;TGFBR2;BMPR1A;BMPR2;GDF11;SIRT1;ZMIZ2;BMP7;ACVR1C;GDF10;DDX5;TWSG1;TGFB2;GDF7;JUN;GDF2;STUB1;BMP4;APLP2;GARS1;BMP3;ARRB2;LEFTY2;RUNX2;ACVRL1;RGMB;RNF111;PPARG;GDF9;BMP8B;FOS;ACVR2A;TGFB1I1;STAT3;LPXN;TGFBRAP1;BMP6;FERMT2;ACVR1;RGMA;BMP15;DLX5;COL3A1;BMP2;ADAM9;FURIN;MAP3K7;GDF15;GDF5;SKI;USP15;NUP93;HPGD;INHBB	GO_Biological_Process_2023
prerank	Cell-Matrix Adhesion (GO:0007160)	0.3589175755964307	0.9993898006768331	0.5130522088353414	0.668479493056253	1.0	21/104	12.96%	HPSE;ITGAV;ITGBL1;HOXD3;PEAK1;FN1;ADAMTS13;TIMM10B;ITGA5;FGA;ARHGEF7;EMILIN1;TSC1;ITGA2;ITGB8;CD44;SORBS1;ITGA4;PPFIA2;ITGA7;ADAMTS9	GO_Biological_Process_2023
prerank	Golgi Vesicle Transport (GO:0048193)	0.34517100211700275	0.9949096279518542	0.5195195195195195	0.66886852626518	1.0	79/197	36.22%	SEC24B;YIPF7;TRAPPC8;SEC24D;LMAN1;BET1;USO1;NBAS;SAR1B;KDELR2;BCAP29;CYTH3;COPB2;SCAMP1;PLPP3;PGAP1;RAB33B;SORCS1;SEC22A;GOSR2;SPAST;COG3;PRKD1;VTI1B;TRAPPC12;MYO18A;GOLGA5;COG7;RAB6A;RAB6B;MYO5A;TBC1D20;USE1;GOLPH3;MIA2;PITPNB;TMED5;SEC16A;ARF3;NKD2;SEC22C;TFG;MYO1B;YIPF4;TMED7;COG8;RAB7B;COPB1;RAB12;SLC10A7;CTAGE4;CUL3;STX5;SCFD1;ATL3;RBSN;RINT1;AP4M1;SNX1;GCC2;SEC16B;COPA;TRAPPC13;ARL3;GOLGA4;RAB43;SEC31A;NRBP1;KLHL12;EXOC5;SNX2;TRAPPC10;STEEP1;GOPC;VPS51;RAB2A;TRAPPC11;TRAPPC3L;COPG1	GO_Biological_Process_2023
prerank	Regulation Of Autophagy (GO:0010506)	0.3450584866541372	0.9967510268970152	0.537	0.6704068638841336	1.0	78/234	27.51%	SNX6;PIP4K2A;LEPR;TP53INP1;BCL2;SH3GLB1;FBXW7;LRRK2;AMBRA1;PLK2;FOXO3;PIK3C3;PRKAA1;TRIM34;ATP6V1C1;TFEB;VPS26A;LAMP3;MET;DCN;ATP6V1H;AKT1;WAC;TAB2;RB1CC1;EEF1A1;SH3BP4;RNF152;PRKD1;CISD2;TRIM32;RRAGA;HGF;RRAGD;ATP13A2;USP13;PTPN22;PRKN;USP20;MTDH;KAT5;DRAM2;TMEM59;ATP6V0A1;CAPNS1;IFNG;ATP6V1E1;CSNK2A2;CCNY;RRAGC;TRIM38;ATG13;GPR137;DCAF12;WDR41;ATP6V1A;IFI16;RUBCN;CPTP;FOXO1;GAPDH;DAPL1;TRIM21;STAT3;FBXL2;TBK1;ATG14;ATP6V0E2;UCHL1;ATP6V0D1;BAD;CDK5R1;ROCK1;TPCN2;KAT8;EIF4G1;DRAM1;TRIM8	GO_Biological_Process_2023
prerank	Positive Regulation Of Programmed Cell Death (GO:0043068)	0.34581885078461494	0.9996177285482546	0.516	0.670610878916361	1.0	89/242	31.90%	PAWR;BCL10;ANO6;SFRP2;SLIT2;BCL2;PMAIP1;SHQ1;SNCA;LRRK2;HSPD1;STK17B;FOXO3;PIDD1;SIRT1;IRF5;SCIN;ACVR1C;POU4F2;ARHGEF7;EMILIN1;CRADD;CTLA4;FRZB;DIABLO;JUN;JMY;PHLDA3;NTRK1;OMA1;NF1;TNFRSF10C;EMILIN2;BMP4;RNF122;FAM162A;RIPK1;STK4;AIFM2;ARL6IP5;BARD1;MAP3K5;GADD45A;CCAR1;IAPP;PHLDA1;RASSF2;IFNG;SAP18;CASP2;ERCC3;CASP8;SLC6A2;NRG1;GZMA;CLU;MAP3K20;TNFRSF10A;CSRNP3;REST;SPHK2;HOXA5;FOXO1;TRADD;CALHM2;CTNNB1;APC;DDX20;AIFM1;BAD;RBM5;BCL6;RHOB;CFLAR;DUSP6;DAPK1;HTATIP2;OLFM1;PNMA3;IGFBP3;BNIP3;ECT2;BMP2;FAS;TNFSF10;UBD;IL6;ING4;CLIP3	GO_Biological_Process_2023
prerank	PTEN Regulation R-HSA-6807070	0.3731555299700502	1.0670883536014577	0.36	0.6714456182522647	1.0	44/137	24.07%	COMMD3-BMI1;MECOM;PSMA6;PSMD14;GDNF;WWP2;PSME4;PSMD12;PTEN;MTA3;PSMD4;LAMTOR3;PSMD5;HDAC3;AKT1;HDAC2;LAMTOR5;JUN;RRAGA;STUB1;RRAGD;PSMB11;SUZ12;FRK;RHEB;MTA2;USP13;TNKS2;MKRN1;CNOT6L;PSMA2;EZH2;HDAC7;PPARG;CSNK2A2;USP7;RRAGC;CHD3;EED;PSMC1;REST;PML;PHC3;MOV10	Reactome_2022
prerank	Regulation Of I-kappaB kinase/NF-kappaB Signaling (GO:0043122)	0.3490324919831627	1.004080382621316	0.508	0.6732090821439143	1.0	83/227	31.29%	MIER1;BCL10;NOD1;TLR6;SLC39A8;TRAF3IP2;ZDHHC17;IFIT5;GOLT1B;TRIM13;PLK2;DHX36;UBE2N;PIDD1;SIRT1;TRIM34;WLS;TRIM62;PPM1B;NDFIP2;PPM1N;RIPK2;STAT1;RORA;TAB2;RHOH;TNFRSF19;IRAK4;LAMTOR5;PELI2;PRKD1;TRIM32;IL1B;S100A4;TANK;TRAF3;MALT1;RIPK1;PRKN;USP20;IKBKB;MTDH;TRIM59;TLE1;MIB2;ARRB2;TNIP3;LITAF;NR1H4;TNFAIP3;CASP8;PDPK1;TFG;TRIM38;TRAF1;ROR1;SPHK2;PPP5C;TIFA;GAPDH;TRIM21;TRADD;F2R;MYD88;TRAF6;TBK1;CARD16;CFLAR;GPRC5B;TRIM8;OTUD7B;MAPKBP1;GSTP1;CCL19;ZFAND6;NLRC3;REL;APOL2;ECT2;DDX1;EDAR;TNFSF10;UBD	GO_Biological_Process_2023
prerank	Cytokine-Mediated Signaling Pathway (GO:0019221)	0.3462469912239174	0.9996401062333845	0.506	0.6734656854598339	1.0	70/249	25.39%	NFKBIA;CXCL6;LEPR;TNFRSF11A;TRAF3IP2;IL12RB2;OSMR;SMAD4;FOXO3;SOS1;SIRT1;JAK1;IRF5;IFNA8;IL12A;STAT4;FOXC1;NUMBL;AKT1;STAT1;PLCB1;TNFSF11;IRAK4;IFNW1;GPR75;IL7;PF4V1;RRAGA;IL1B;IL1R1;PTPN11;IL18R1;TRAF3;MT3;IL2RG;CSF2;APLP2;IL17A;IL5;RIPK1;IKBKB;FLT3;CXCL5;STAT5A;CXCL1;IL17F;LIFR;CCL4;CXCR2;ST18;CXCL13;TOLLIP;TRAF1;IRAK2;ADIPOR1;JAK2;CXCL8;OAS2;IL31RA;CNTFR;YAP1;PDGFB;LIMS1;TRADD;IFNA21;MYD88;LYN;TRAF6;STAT3;CXCL2	GO_Biological_Process_2023
prerank	Antigen Processing: Ubiquitination And Proteasome Degradation R-HSA-983168	0.39948838343361187	1.162755776634054	0.069	0.6748468658466682	1.0	75/305	19.70%	CBLB;UBA6;FBXL4;KBTBD8;NEDD4L;ANAPC4;KLHL5;FBXO11;SH3RF1;UBE2D1;LMO7;ASB5;HERC6;FBXW7;PSMA6;UBE2W;UBA3;FBXL5;PSMD14;UBE2D2;DZIP3;RNF7;HACE1;RNF217;PSME4;PSMD12;UBE2N;PSMD4;ELOC;HERC5;UBE2D3;PSMD5;RCHY1;UBE2E3;LTN1;FBXL19;TRIM36;WWP1;FBXL3;RNF138;HERC4;GPR75-ASB3;RNF19A;FBXO32;ASB10;FBXL7;UBE2E2;RNF220;UNKL;UBA5;KLHL42;TRIM32;FBXO30;STUB1;PSMB11;FBXO4;LONRF1;UBE2J1;HECTD1;FBXW8;UBE3D;HERC3;RNF14;PRKN;ASB17;MKRN1;MIB2;RNF144B;SKP2;PSMA2;UBE2K;RNF111;CDC34;HECW2;UBE2V2	Reactome_2022
prerank	Regulation Of Gene Expression (GO:0010468)	0.3380010990585592	0.9999923988561992	0.501	0.6750906596282907	1.0	306/1099	25.38%	ATF2;MIER1;ZBTB11;YAF2;FGF2;ENY2;WWC1;PTBP2;BMPR1B;TLR6;FOXP1;PGR;CDK6;SMARCA5;PDCD10;ILDR1;RBPJ;CGGBP1;SFRP2;GRSF1;SOX21;YTHDC1;ANK2;PTPRC;SLC39A8;TAF5L;ZBTB20;FGFR4;MEF2C;TXK;SOX2;HNRNPH3;RO60;PRKAR1A;ESR2;MDM2;ROBO1;FBXW7;RIMS1;CALCR;NCOA2;EZR;CITED2;HMGA2;THAP1;GDNF;NFYC;ZNF219;ATXN7;WWP2;WNT16;ELAVL2;ESRRG;SH3GL2;WWC2;ZNF516;ACTL6A;AFF1;BMPR1A;BMPR2;DHX36;ZNF638;HOXD3;PICALM;NTS;PRKAA1;SIRT1;FN1;NAB1;IFNGR1;NUDT21;CNOT7;GCFC2;BMP7;WT1;SPRY2;TFAP2A;GPBP1;CD36;METTL4;TFEB;ANK3;MUSK;LAMP3;UTY;FOXC1;ZNF407;MSC;NDFIP2;FUBP1;BRPF3;OGG1;IGF2;HEY2;FOXD1;MYB;AKT1;ZNF35;BAZ1A;EMILIN1;MLXIPL;JADE2;RORA;PRMT5;BNC2;KAT14;ZBTB38;ATRAID;ZSCAN21;ZZZ3;ZNF90;PUM2;POU4F1;ITGB8;KAT6B;NAB2;TWIST1;NR2C2;RHOH;JADE1;KDR;TGFB2;ZNF648;TRRAP;HNRNPLL;ING3;NPC1;ZNF273;MBNL1;IGF2BP2;YEATS4;MED23;LAMTOR5;TEAD2;ADM2;WWTR1;RAG1;ZNF827;ZNF683;RAMP3;YEATS2;SFTPD;BAZ2A;ATF7;NOCT;BMAL2;ACTA2;ATXN7L3B;MATR3;WNT6;IL1B;ZNF134;APBB2;ATF7IP;CLOCK;APP;NFXL1;HNRNPD;TRAF3;RPL6;RAB27A;MT3;TCFL5;POU3F3;ATP13A2;PCBP3;BMP4;MSR1;USP13;ADNP;CSF2;SAP30;RNF14;SUPT20H;KAT6A;TARDBP;TIPARP;PTPN22;GARS1;RIPK1;PRKN;RBM20;TCF7L1;CRKL;AFF3;SSBP2;PRDM8;TRIML2;RBMS3;TLE1;SRPK2;TRIM44;SFMBT2;NELL1;NGF;ATF5;MLF2;ZBTB2;ZNF462;CRIP1;TLR2;AFF4;NR1D2;ZNF131;GAS6;ZNF488;ACVRL1;NFE2L2;DICER1;FGF5;PAX6;PARP15;EZH2;PLSCR1;CNTN1;AHR;DMTF1;FOXN2;ST18;IFNG;ANKRA2;JMJD1C;ITGAX;SMO;PPARGC1B;LITAF;RLN2;PPARG;PPARGC1A;SLC8A1;STX3;MITF;ZNF326;CASP8;NFKBIZ;WTIP;IHH;ZNF205;PHF19;IRF2;LARP1;NRG1;OPRD1;ASCC1;CLU;NOTCH1;SNF8;HPN;CHD3;MYCN;ZNF431;HP1BP3;ZBTB45;HNRNPDL;FZD7;IFI16;PRDX6;BTN3A1;MBIP;SORD;BTN2A2;RDX;CXCL8;NKX3-1;NFIA;BMI1;YTHDF2;REST;NTRK3;PML;NR1I2;ZNF281;ZFAT;ACTC1;TRIM49;ACTG1;YAP1;NKX2-1;NSD2;HOXA5;ESRRB;PDGFB;RPL11;TTN;LIMS1;LRP1;SCRT2;TRIM64;GATA3;NR5A2;NR3C1;ZNF804A;HMHB1;HINT1;MYD88;DR1;ZNF664;TRIM4;ATP1B1;LYN;CDH3;INSM1;PTF1A;STAT3;PCBP2;FGF19	GO_Biological_Process_2023
prerank	Cellular Responses To Stimuli R-HSA-8953897	0.361095784286985	1.0672797971247932	0.171	0.6771985784807375	1.0	188/726	24.13%	RPL15;TBL1XR1;E2F3;RPL22L1;EXTL2;HSPA4L;CTDSP2;CAPZA2;PGR;COMMD3-BMI1;NRIP1;CDK6;DYNC1I1;ANAPC4;RPL39L;MRPL13;CAMK2D;MEF2C;TPR;UBE2D1;AREG;TERF1;MDM2;BMT2;CREB1;CRYAB;GML;PSMA6;DYNC1LI1;DCTN1;DNAJB9;NCOA2;LIN9;PSMD14;RPL30;CITED2;HMGA2;UBE2D2;RNASE12;GDNF;NFYC;HSPA13;PSME4;PSMD12;FBXL17;TNIK;SLC7A11;FNIP1;SIRT1;PSMD4;MRE11;LAMTOR3;ATP6V1C1;TNFRSF21;ELOC;H2AZ1;EIF2AK1;RPS8;EXOSC9;UBE2D3;PSMD5;SERP1;HDAC3;COX18;ATP6V1H;AKT1;XPO1;MAP2K3;HSPA4;RORA;CSRP1;TFDP2;NPAS2;EEF1A1;CASTOR2;PCDHB16;SH3BP4;CAPZA3;KICS2;RPL10L;LAMTOR5;RPS21;GOSR2;EDEM1;BAG4;JUN;CHD9;HIKESHI;BAG2;SEC13;RRAGA;GRB10;RPL9;NOX4;EHMT2;CLOCK;RRAGD;PSMB11;SUZ12;RPS13;RHEB;HSPH1;RPL6;DNAJC3;MT3;CREB3L2;CDKN2A;RAD50;NCOR2;COX7C;DNAJB1;HSPA12B;HSPA6;ERO1A;PTK6;NCF4;KAT5;IMPACT;MAPK10;ATF5;ATOX1;CAMK2G;RPL36AL;CYCS;DCP2;RPL34;MAP3K5;SESN1;DYNC1I2;SKP2;CCNA2;MT1X;NDC1;NFE2L2;PSMA2;EZH2;HIGD1A;NUP54;HSP90AB1;PPARA;H1-1;CREBRF;PPARGC1A;ATP6V1E1;COX16;GFPT1;COX6C;GSTA3;ATF3;DCTN6;TFDP1;WTIP;CSNK2A2;MT1M;NUP42;RPL19;TXN2;MAP4K4;RRAGC;RPL7;ALB;NCOR1;FOS;NOTCH1;DCTN4;ANAPC16;TCIRG1;EED;RPL4;UBE2E1;ATP6V1A;PSMC1;CXCL8;EHMT1;RPS19;WIPI1;RPL29;SRPRB;MIOS;BAG1;CAMK2B;TXNRD2;LMNA;UBN1;PHC3;RPL11;MOV10;DNAJB11	Reactome_2022
prerank	RNA Splicing, Via Transesterification Reactions With Bulged Adenosine As Nucleophile (GO:0000377)	0.34819774563355727	1.0000029125933847	0.5060240963855421	0.6780472543812851	1.0	39/171	20.98%	PRPF40A;LSM8;HNRNPA3;SLU7;SNRPD1;WBP4;YTHDC1;HNRNPH3;SRSF12;SYNCRIP;CRNKL1;PLRG1;HNRNPA2B1;SF3B1;GCFC2;USP39;DDX5;DDX23;SMU1;PRPF38A;SNRPG;HNRNPK;METTL14;GEMIN5;PPIL3;SF3B6;EIF4A3;SNRNP27;RBM4;PRPF3;SNRPN;PRPF4;CDC5L;LSM5;RNPC3;RBM22;SRSF6;NOVA1;SNRPA1	GO_Biological_Process_2023
prerank	Receptor-Mediated Endocytosis (GO:0006898)	0.3554602772954303	1.0006687134263346	0.5075225677031093	0.6783576539603575	1.0	41/120	28.22%	CAV1;MAGI2;SNCA;CAV2;FNBP1L;DPP4;FCGR2B;PPT1;PICALM;CUBN;CD36;SCARB2;SNAP91;RAMP3;SFTPD;LRP1B;LMBR1L;MSR1;PIKFYVE;VLDLR;ARRB2;LMBRD1;CALCRL;DNAJC6;SNX9;CXCR2;STON2;MRC1;CXCR1;RALB;CXCL8;ADRB2;LRP1;CLEC9A;MICALL1;TPCN2;PI4KB;LDLRAP1;CD81;HSPG2;GPR107	GO_Biological_Process_2023
prerank	DNA Repair	0.33939519056414874	0.9668633971542147	0.5751503006012024	0.6790168515892216	1.0	34/145	22.11%	PDE4B;ERCC5;CCNO;NPR2;NUDT9;POLR1D;TARBP2;DUT;NUDT21;REV3L;SNAPC4;POLB;GMPR2;POLD3;AK3;GPX4;SDCBP;SEC61A1;DGUOK;GTF2A2;BOLA2;POLR2H;COX17;POLD4;GSDME;RAD52;ERCC3;STX3;SRSF6;ADCY6;POLR2D;DCTN4;RFC2;ZWINT	MSigDB_Hallmark_2020
prerank	Epithelium Development (GO:0060429)	0.3510131985997846	1.0017397916651831	0.5175175175175175	0.6800521212390366	1.0	42/151	24.43%	CNN3;PKD2;PDCD10;HNRNPH3;GATA6;EHF;WDPCP;KRIT1;TCF21;WT1;STAT1;KRT4;NKX2-5;KDR;INTU;DACT1;DMBT1;MANSC4;DHRS9;TST;CES1;LOXL3;SOX10;DAG1;MFSD2A;SALL1;NKX2-6;SMO;CDHR2;PPARG;IHH;PTCH1;AKR1C1;TOLLIP;FUZ;APELA;JAK2;PTER;ANXA4;FGFR2;CDK1;RIPK4	GO_Biological_Process_2023
prerank	Positive Regulation Of Developmental Process (GO:0051094)	0.34772181650084655	1.000867236569867	0.514	0.6805631116633393	1.0	57/230	20.29%	BRMS1L;ELAPOR2;CCN2;BMPR1B;PHLDB2;FST;NLGN1;NCOA2;MAP3K13;GDNF;ACTL6A;BMPR1A;BMPR2;PRKAA1;SIRT1;ARID4B;TET1;BMP7;WT1;TLE6;POU4F2;DCN;BASP1;KRT2;FOXD1;ARHGEF7;HDAC2;RTN4;NRXN1;LLPH;PLCB1;NR2C2;KDR;PA2G4;PPP1R13L;UTP25;RELN;ISL1;SLC6A6;HMCES;BMP4;SAP30;FGFR1;PTN;PRKN;DAG1;VLDLR;TRPM4;ARID2;FBXO5;MCU;HSP90AB1;SHLD2;PPARG;PRL;RAPGEF3;DLG5	GO_Biological_Process_2023
prerank	Apical Junction	0.3330844735930763	0.9590712271145567	0.6336336336336337	0.6809498168470389	1.0	67/195	30.65%	CADM2;LAMC2;NECTIN3;SLIT2;PTPRC;TNFRSF11B;COL9A1;CD86;PCDH1;SORBS3;PTEN;CTNNA1;TSC1;FYB1;ITGA2;ARHGEF6;ADRA1B;CLDN4;CDH4;LAMA3;DSC3;DLG1;RHOF;CLDN11;NF1;COL16A1;EPB41L2;IRS1;THBS3;CNTN1;ADAM23;CAP1;ITGA9;ATP1A3;TRAF1;MAP3K20;NRTN;MMP2;TJP1;ACTC1;ACTG1;PPP2R2C;CDH11;CDH3;WASL;MYL9;NEGR1;MYL12B;DMP1;CLDN14;ARPC2;LDLRAP1;DHX16;LIMA1;SHC1;TIAL1;CADM3;GTF2F1;ACTN2;CLDN6;KCNH2;AKT3;EVL;VCL;SYMPK;PBX2;RSU1	MSigDB_Hallmark_2020
prerank	MAPK1/MAPK3 Signaling R-HSA-5684996	0.3627077327859493	1.0526608299981552	0.337	0.6832005809544383	1.0	93/272	30.47%	PRKG2;RASGRF2;DUSP16;PIK3CA;ABHD17B;CAMK2D;FGFR4;NRG3;AREG;PSMA6;PSMD14;GDNF;SPTBN1;PSME4;PSMD12;PPP2R5E;KITLG;SOS1;GRIN2B;ERBB4;FN1;FYN;PSMD4;JAK1;LAMTOR3;PSMD5;RASA2;RAP1B;LRRC7;FGA;RASA3;RASAL2;MPP3;FRS2;RANBP9;PDGFRA;RASGEF1A;RASA4;PPP2R5C;DLG1;NRG2;PTPN11;PSMB11;NF1;IL2RG;CSF2;IRS1;FGFR1;NCAM1;IL5;FLT3;RAPGEF2;PTPN3;ARRB2;CAMK2G;KL;PSMA2;FGF5;DUSP4;GFRA1;NRG1;HBEGF;NRTN;JAK2;PSMC1;GFRA2;GOLGA7;TGFA;CAMK2B;PPP5C;PDGFB;FGFR2;CDK1;PDE6D;ERBB2;FGF19;ABHD17A;CUL3;PTPN7;PSMD6;EREG;DUSP6;MAP2K1;SHC1;GFRA3;PSMC4;IL2RA;ACTN2;SPRED1;PDGFRB;VCL;RGL2;MAP2K2	Reactome_2022
prerank	Interleukin-4 And Interleukin-13 Signaling R-HSA-6785807	0.37722674749497104	1.0545742593874254	0.38391959798994973	0.6855444467133417	1.0	32/106	25.51%	BCL2;SOX2;S1PR1;PTGS2;F13A1;FOXO3;SOS1;FN1;JAK1;IL12A;CD36;AKT1;STAT1;OPRM1;RORA;TWIST1;IL1B;IRF4;IL2RG;IL17F;POU2F1;ITGAX;FOS;OPRD1;MMP2;JAK2;CXCL8;FOXO1;GATA3;RORC;STAT3;HSPA8	Reactome_2022
prerank	mRNA Splicing - Major Pathway R-HSA-72163	0.3659970443638034	1.0533234434115644	0.35235235235235235	0.685832185233167	1.0	62/177	31.43%	PRPF40A;LSM8;HNRNPA3;ELAVL1;SLU7;WBP4;FIP1L1;CRNKL1;PLRG1;HNRNPA2B1;ELAVL2;SF3B1;NUDT21;GCFC2;USP39;DDX5;DDX23;PPIL6;SUGP1;PRPF38A;SNRPG;HNRNPK;PPIL3;SF3B6;HNRNPD;DHX9;EIF4A3;SNRNP27;PRPF3;CPSF2;POLR2H;SNRPN;PRPF4;CDC5L;CSTF2T;CCAR1;LSM5;RBM22;SRSF6;POLR2D;SNRPA1;CWC27;SF1;PCBP2;HSPA8;SMNDC1;SRSF5;NCBP2;PCF11;RBM5;DHX16;CPSF7;SNRPB2;GTF2F1;CHERP;SNRPF;SYMPK;SRSF7;SRSF11;PRPF19;COLEC12;POLR2A	Reactome_2022
prerank	Diseases Of Metabolism R-HSA-5668914	0.3631793339962835	1.055341747791955	0.334	0.6873129054121181	1.0	72/235	25.85%	GYG1;SP8;THSD7A;ADAMTS3;GALNT3;SEMA5A;SDC1;TPMT;SBSPON;ADAMTSL3;HLCS;CUBN;EXT1;GPC6;ADAMTSL1;ADAMTS13;PCCB;CYP27A1;DCN;PPP1R3C;MTRR;ADAMTS4;ADAMTS19;MCCC2;CHST3;CYP7B1;G6PC3;SLC35D1;SFTPD;ADAMTS9;CHSY1;GPC5;GNE;ADAMTS1;ARSB;PCCA;PGM1;LUM;SDC4;DAG1;LMBRD1;MOGS;MMADHC;ADAMTS20;MTR;PROC;ADAMTS17;MUC20;GFPT1;SPAM1;CYP26C1;C1GALT1;ACACA;SPON2;ABCA3;GBE1;CYP19A1;NOTCH1;ADAMTS18;MUC17;GUSB;PAPSS2;HEXB;GALT;SRD5A3;SEMA5B;ADAMTS14;NUS1;IDH1;NOTCH2;B3GALT6;MUC12	Reactome_2022
prerank	C-type Lectin Receptors (CLRs) R-HSA-5621481	0.3659654942201055	1.0502351596327621	0.378	0.6911638511791105	1.0	20/137	9.72%	PKN2;BCL10;NFKBIA;UBE2D1;PPP3CA;PSMA6;UBA3;PSMD14;UBE2D2;PSME4;PSMD12;UBE2N;FYN;PSMD4;AHCYL1;PSMD5;ARHGEF7;ITPR2;PRKACB;TAB2	Reactome_2022
prerank	Peptidyl-Serine Modification (GO:0018209)	0.34464398852775785	0.9873434988698542	0.554	0.6912380937286379	1.0	49/163	24.63%	PKN2;VRK2;CSNK1G3;CAMK2D;STK39;NEK7;GALNT3;LRRK2;RICTOR;CSNK1A1L;MAP3K13;GALNT13;PRKX;DYRK2;DCLK3;TGFBR2;ATR;PLK2;CAMK4;STK32A;MAP4K1;PRKACB;TTK;PDK3;MYO3A;NDNF;PRKD1;POGLUT1;DYRK3;CSNK1D;HIPK3;IKBKB;STK4;SRPK2;GALNT16;GAS6;RPS6KB1;CSNK2A2;PDPK1;HIPK1;MAP3K20;CSNK1G2;PRKCI;CAMK2B;PRKCZ;PDGFB;CDK1;SGK3;GALNT2	GO_Biological_Process_2023
prerank	RAF/MAP Kinase Cascade R-HSA-5673001	0.3637865738397854	1.0556769951962999	0.332	0.6919518452884845	1.0	91/266	30.47%	PRKG2;RASGRF2;DUSP16;PIK3CA;ABHD17B;CAMK2D;FGFR4;NRG3;AREG;PSMA6;PSMD14;GDNF;SPTBN1;PSME4;PSMD12;PPP2R5E;KITLG;SOS1;GRIN2B;ERBB4;FN1;FYN;PSMD4;JAK1;LAMTOR3;PSMD5;RASA2;RAP1B;LRRC7;FGA;RASA3;RASAL2;MPP3;FRS2;RANBP9;PDGFRA;RASGEF1A;RASA4;PPP2R5C;DLG1;NRG2;PSMB11;NF1;IL2RG;CSF2;IRS1;FGFR1;NCAM1;IL5;FLT3;RAPGEF2;PTPN3;ARRB2;CAMK2G;KL;PSMA2;FGF5;DUSP4;GFRA1;NRG1;HBEGF;NRTN;JAK2;PSMC1;GFRA2;GOLGA7;TGFA;CAMK2B;PPP5C;PDGFB;FGFR2;PDE6D;ERBB2;FGF19;ABHD17A;CUL3;PTPN7;PSMD6;EREG;DUSP6;MAP2K1;SHC1;GFRA3;PSMC4;IL2RA;ACTN2;SPRED1;PDGFRB;VCL;RGL2;MAP2K2	Reactome_2022
prerank	Chromatin Modifying Enzymes R-HSA-3247509	0.4554848815972101	1.3124963758133965	0.006006006006006006	0.6924388596011454	0.827	74/235	22.74%	TBL1XR1;BRMS1L;ENY2;PRMT6;MECOM;TAF5L;KDM4C;NCOA2;KDM1B;GDNF;SMYD2;ATXN7;EPC1;KDM5B;AEBP2;KDELR2;ACTL6A;PRDM9;KDM2B;KDM5C;RIOX2;SMYD3;MTA3;PHF21A;ARID4B;H2AZ1;UTY;BRPF3;HDAC3;HDAC2;JADE2;PRMT5;KAT14;SUV39H2;KDM3A;ZZZ3;KAT6B;JADE1;TRRAP;ING3;YEATS4;RBBP5;POTEF;YEATS2;DNMT3A;ATF7IP;EHMT2;CLOCK;SUZ12;MTA2;ARID5B;SAP30;ELP5;SUPT20H;NCOR2;KAT6A;KAT5;ARID2;HAT1;ELP2;PAX3;EZH2;SAP18;SETD7;PHF2;NCOR1;SAP130;CHD3;HDAC8;EED;MBIP;JAK2;EHMT1;REST	Reactome_2022
prerank	Proteolysis (GO:0006508)	0.3399059020127516	0.9876370177686673	0.541	0.6930358638489652	1.0	79/319	21.96%	ENPEP;CPE;CPM;ERMP1;PCSK1;IDE;ADAMTS3;VASH2;NLN;MDM2;TMPRSS11E;MME;PSMA6;CASP4;UBA3;CXCR4;PM20D2;MMP16;APH1B;DPP4;ADAM22;CTSC;GZMB;PLAU;METAP2;ADAMTS13;ECE2;TRABD2A;CPOX;PCSK6;ADAMTS4;CNDP2;CASP7;ADAMTS19;TLL1;FBXO3;NEDD8;ADAMTS9;HGF;ADGRV1;COLEC10;PSMB11;ST14;ADAMTS1;KLK4;MALT1;CPQ;MMP14;SENP6;PCSK5;PARL;CAPN9;PITRM1;ADAMTS20;CAPN8;CAPN13;CAPNS1;CNTN1;TMPRSS6;SENP1;PROC;ADAMTS17;PRSS48;ADAM23;CASP2;USP25;CASP8;ADAM12;IHH;PTCH1;TRHDE;GZMA;PAPPA2;HPN;LNPEP;PRSS3;MMP2;SPG7;ADAMTS18	GO_Biological_Process_2023
prerank	Olfactory Signaling Pathway R-HSA-381753	-0.319977147655509	-1.0	1.0	0.6932084309133489	0.5076335877862596	123/385	22.21%	OR2L3;OR5M9;OR13A1;OR11A1;OR4S2;OR6K3;OR1B1;OR7G1;OR5M3;OR5B17;OR7C1;OR11H6;REEP1;OR56A5;OR5AK2;OR10H4;OR4K2;OR10H5;OR5V1;OR5P2;OR51F2;OR51A2;OR51B2;OR2C1;OR51T1;OR4B1;OR1Q1;OR8J3;OR2M3;OR1I1;OR8I2;OR2AP1;OR6C3;OR51M1;OR4P4;GNB1;OR6N1;OR4F21;OR5D18;OR7E24;OR51F1;OR8U1;RTP1;OR4D6;OR51E1;OR4M2B;OR2B3;OR1C1;OR51B5;OR10Z1;OR8H1;OR10H3;OR5T2;OR1J1;OR10H2;OR52N5;OR1J2;OR10AG1;OR2H1;OR52E2;OR5I1;OR1A2;OR2S2;OR7G2;OR12D2;GNAL;OR6C74;OR10J5;OR6C2;OR2K2;OR6C6;OR4F15;OR52N4;OR14K1;OR5F1;OR2G3;OR4K15;OR10J1;OR2M4;OR5B12;OR6C65;OR8B8;OR1E2;OR1S2;OR8B3;OR2G6;OR3A1;OR1G1;OR5P3;OR5A1;OR2A1;OR2W1;OR51I1;OR6A2;OR5B2;OR5T1;OR52W1;OR51G1;OR1L8;OR8D1;ANO2;OR2AE1;OR51A4;OR1S1;OR4A5;OR52B2;OR4C13;OR2AJ1;OR5L1;OR11G2;OR6C68;OR2C3;OR6S1;OR4F17;OR2D2;OR4M1;OR2B6;OR10R2;OR4L1;OR2T4;OR10X1;OR6K6;OR2T33	Reactome_2022
prerank	Sensory Perception R-HSA-9709957	-0.17818725489125095	-1.0	1.0	0.6932084309133489	0.5076335877862596	103/595	13.03%	OR2L3;OR5M9;OR13A1;OR11A1;OR4S2;MYO3B;OR6K3;OR1B1;SDC3;OR7G1;OR5M3;OR5B17;RIMBP2;OR7C1;OR11H6;REEP1;OR56A5;OR5AK2;OR10H4;CAPZB;OR4K2;OR10H5;OR5V1;ITPR3;OR5P2;OR51F2;OR51A2;OR51B2;OR2C1;OR51T1;KCNMA1;OR4B1;OR1Q1;OR8J3;PDE6G;STRA6;OR2M3;PDE6A;CACNA1D;METAP1;OR1I1;OR8I2;OR2AP1;OR6C3;OR51M1;OR4P4;GNB1;LDLR;BSN;OR6N1;OR4F21;OR5D18;OR7E24;KCNQ4;OR51F1;ESPNL;OR8U1;TAS2R4;RTP1;OR4D6;GSN;WHRN;DNAJC5;OR51E1;TAS2R50;OR4M2B;OR2B3;OR1C1;OR51B5;OR10Z1;OR8H1;CAMKMT;PRKCQ;OR10H3;OR5T2;RHO;OR1J1;OR10H2;OR52N5;OR1J2;OR10AG1;OR2H1;SCNN1B;OR52E2;OR5I1;TAS2R8;OR1A2;APOM;OR2S2;OPN1SW;TWF2;TAS2R30;OR7G2;OR12D2;GNAL;CASK;GNB3;OR6C74;OR10J5;OR6C2;OR2K2;OR6C6;OR4F15	Reactome_2022
prerank	Expression And Translocation Of Olfactory Receptors R-HSA-9752946	-0.319577675331404	-1.0	1.0	0.6932084309133489	0.5076335877862596	120/378	22.21%	OR2L3;OR5M9;OR13A1;OR11A1;OR4S2;OR6K3;OR1B1;OR7G1;OR5M3;OR5B17;OR7C1;OR11H6;REEP1;OR56A5;OR5AK2;OR10H4;OR4K2;OR10H5;OR5V1;OR5P2;OR51F2;OR51A2;OR51B2;OR2C1;OR51T1;OR4B1;OR1Q1;OR8J3;OR2M3;OR1I1;OR8I2;OR2AP1;OR6C3;OR51M1;OR4P4;OR6N1;OR4F21;OR5D18;OR7E24;OR51F1;OR8U1;RTP1;OR4D6;OR51E1;OR4M2B;OR2B3;OR1C1;OR51B5;OR10Z1;OR8H1;OR10H3;OR5T2;OR1J1;OR10H2;OR52N5;OR1J2;OR10AG1;OR2H1;OR52E2;OR5I1;OR1A2;OR2S2;OR7G2;OR12D2;OR6C74;OR10J5;OR6C2;OR2K2;OR6C6;OR4F15;OR52N4;OR14K1;OR5F1;OR2G3;OR4K15;OR10J1;OR2M4;OR5B12;OR6C65;OR8B8;OR1E2;OR1S2;OR8B3;OR2G6;OR3A1;OR1G1;OR5P3;OR5A1;OR2A1;OR2W1;OR51I1;OR6A2;OR5B2;OR5T1;OR52W1;OR51G1;OR1L8;OR8D1;OR2AE1;OR51A4;OR1S1;OR4A5;OR52B2;OR4C13;OR2AJ1;OR5L1;OR11G2;OR6C68;OR2C3;OR6S1;OR4F17;OR2D2;OR4M1;OR2B6;OR10R2;OR4L1;OR2T4;OR10X1;OR6K6;OR2T33	Reactome_2022
prerank	Leishmania Infection R-HSA-9658195	0.3634731730009976	1.0484996080936597	0.348	0.6950918129049758	1.0	77/243	29.18%	PTH2R;GNG12;GNB4;RXFP1;MYO10;GPR150;NCKAP1;TSHR;PRKAR1A;YES1;CREB1;NT5E;CALCR;VAV3;PRKX;PRKAR1B;PLK2;FYN;AHCYL1;CRH;TAAR6;ABI2;GNG2;DPEP2;TAAR5;ITPR2;PTGDR;PRKACB;SCTR;PTGER2;ADM2;POTEF;JUN;RAMP3;SUGT1;IL1B;GNG3;ADCY8;FSHR;ADCY2;ADCY7;MC5R;WASF3;MYO5A;GNG5;CALCRL;ADCYAP1;IAPP;CYFIP2;HSP90AB1;RHBDF2;RLN2;ADCY6;WIPF3;TXN2;FZD7;GNAS;ADRB2;GPR27;ACTG1;DVL3;LYN;WASL;ACTR3;LHCGR;ARPC2;MC4R;ADCY9;ADRB1;CALCA;GPR83;CRHR2;ADCY5;ARPC3;GPR15;RNASE1;ABI1	Reactome_2022
prerank	Adaptive Immune System R-HSA-1280218	0.35841540194558624	1.0562101855983224	0.2	0.6955149513487607	1.0	134/713	16.60%	CBLB;UBA6;PKN2;FBXL4;BCL10;NFKBIA;KBTBD8;TLR6;CAPZA2;NEDD4L;SEC24B;DYNC1I1;ANAPC4;KLHL5;PIK3CA;FBXO11;TRPC1;PTPRC;SEC24D;RAET1E;SH3RF1;UBE2D1;LMO7;ASB5;HERC6;YES1;FBXW7;RICTOR;PPP3CA;PSMA6;DYNC1LI1;UBE2W;DCTN1;UBA3;PRKG1;FBXL5;PSMD14;STIM1;UBE2D2;DZIP3;CD86;ITGAV;RNF7;SH3KBP1;HACE1;SAR1B;RNF217;PSME4;PSMD12;SH3GL2;ORAI2;FCGR2B;CTSC;UBE2N;PPP2R5E;PTEN;SOS1;PIK3C3;CTSO;FYN;PSMD4;ELOC;CD36;AHCYL1;HERC5;UBE2D3;PSMD5;RCHY1;RAP1B;CD8A;RIPK2;UBE2E3;FGA;AKT1;CD33;LTN1;ARHGEF7;ITPR2;FBXL19;TRIM36;PRKACB;CTLA4;TAB2;FYB1;WWP1;FBXL3;OSBPL1A;RNF138;HERC4;YWHAZ;GPR75-ASB3;RNF19A;FBXO32;ASB10;FBXL7;SIGLEC6;CAPZA3;ITGA4;UBE2E2;RNF220;CD226;SEC13;PPP2R5C;UNKL;UBA5;KLHL42;TRIM32;FBXO30;SEC61A1;STUB1;PTPN11;PSMB11;RASGRP2;FBXO4;LONRF1;MALT1;DAPP1;CENPE;UBE2J1;HECTD1;FBXW8;UBE3D;HERC3;RNF14;PTPN22;PRKN;KIF2A;IKBKB;HLA-DMB;ASB17;NCF4;MKRN1;CD1D;MIB2	Reactome_2022
prerank	Hemostasis R-HSA-109582	0.35958297007140766	1.057056438335506	0.239	0.6971619813229409	1.0	149/563	25.48%	CAV1;ATP2B1;GUCY1B1;GTPBP2;SRI;PDE11A;PRKG2;SERPINB8;GNG12;CAPZA2;RAB5A;GNB4;PDE5A;CD109;GUCY1A1;P2RY1;CD47;TFPI;FAM3C;PIK3CA;GATA6;PRKAR1A;YES1;TRPC6;VAV3;OLA1;PRKG1;STIM1;SDC1;ITGAV;VEGFC;DGKB;PRKAR1B;DGKH;DOCK10;TRPC3;ORAI2;ZFPM2;F13A1;PPP2R5E;SLC7A11;SOS1;FN1;FYN;PHF21A;IFNA8;PLAU;CD36;KIF13B;PLA2G4A;ITGA5;DOCK8;RAB27B;BRPF3;DOCK3;SERPINE2;RAP1B;IGF2;F3;GNG2;MYB;FGA;AKT1;HDAC2;ITPR2;PRKACB;P2RX3;QSOX1;GUCY1A2;ITGA2;CD44;TGFB2;YWHAZ;SERPINB6;ITGA4;ABCC4;AK3;PIK3R5;DOCK7;CARMIL1;DGKG;PPP2R5C;GP9;PF4V1;VTI1B;GNG3;KCNMB3;APP;PTPN11;RASGRP2;CENPE;CD58;PIKFYVE;GRB14;APLP2;THPO;SDC4;KIF2A;SLC8A3;KIF16B;PHACTR2;GNG5;ARRB2;PSG3;LEFTY2;F13B;TMX3;GAS6;SLC7A9;JMJD1C;ITGAX;PROC;SLC8A1;PDE1A;MERTK;RAPGEF3;CYB5R1;PDPK1;CAP1;ALB;IRF2;CLU;PDE10A;TNFRSF10A;KIF3A;SERPINA5;JAK2;GNAS;DOCK9;LHFPL2;RAD51B;PRKCZ;TBXA2R;PDGFB;GYPC;DOCK4;GATA3;NFE2;F11R;PTPN1;PRCP;F2R;IFNA21;CD48;ATP1B1;LYN;GNA12;GNA14;S100A10	Reactome_2022
prerank	Cellular Responses To Stress R-HSA-2262752	0.35927201805288184	1.0612668651746777	0.193	0.6997599241605413	1.0	184/712	24.13%	RPL15;TBL1XR1;E2F3;RPL22L1;EXTL2;HSPA4L;CTDSP2;CAPZA2;PGR;COMMD3-BMI1;NRIP1;CDK6;DYNC1I1;ANAPC4;RPL39L;MRPL13;CAMK2D;MEF2C;TPR;UBE2D1;AREG;TERF1;MDM2;BMT2;CREB1;CRYAB;GML;PSMA6;DYNC1LI1;DCTN1;DNAJB9;NCOA2;LIN9;PSMD14;RPL30;CITED2;HMGA2;UBE2D2;RNASE12;GDNF;NFYC;HSPA13;PSME4;PSMD12;FBXL17;TNIK;SLC7A11;FNIP1;SIRT1;PSMD4;MRE11;LAMTOR3;ATP6V1C1;TNFRSF21;ELOC;H2AZ1;EIF2AK1;RPS8;EXOSC9;UBE2D3;PSMD5;SERP1;HDAC3;COX18;ATP6V1H;AKT1;XPO1;MAP2K3;HSPA4;RORA;TFDP2;NPAS2;EEF1A1;CASTOR2;PCDHB16;SH3BP4;CAPZA3;KICS2;RPL10L;LAMTOR5;RPS21;GOSR2;EDEM1;BAG4;JUN;CHD9;HIKESHI;BAG2;SEC13;RRAGA;GRB10;RPL9;NOX4;EHMT2;CLOCK;RRAGD;PSMB11;SUZ12;RPS13;RHEB;HSPH1;RPL6;DNAJC3;CREB3L2;CDKN2A;RAD50;NCOR2;COX7C;DNAJB1;HSPA12B;HSPA6;ERO1A;PTK6;NCF4;KAT5;IMPACT;MAPK10;ATF5;ATOX1;CAMK2G;RPL36AL;CYCS;DCP2;RPL34;MAP3K5;SESN1;DYNC1I2;SKP2;CCNA2;NDC1;NFE2L2;PSMA2;EZH2;HIGD1A;NUP54;HSP90AB1;PPARA;H1-1;CREBRF;PPARGC1A;ATP6V1E1;COX16;GFPT1;COX6C;GSTA3;ATF3;DCTN6;TFDP1;WTIP;CSNK2A2;NUP42;RPL19;TXN2;MAP4K4;RRAGC;RPL7;ALB;NCOR1;FOS;NOTCH1;DCTN4;ANAPC16;TCIRG1;EED;RPL4;UBE2E1;ATP6V1A;PSMC1;CXCL8;EHMT1;RPS19;WIPI1;RPL29;SRPRB;MIOS;BAG1;CAMK2B;TXNRD2;LMNA;UBN1;PHC3;RPL11;MOV10;DNAJB11	Reactome_2022
prerank	SARS-CoV Infections R-HSA-9679506	0.36190217078610215	1.0573100389074268	0.3	0.7024221755456789	1.0	100/360	26.21%	CAV1;ZDHHC2;BRMS1L;CHMP2B;NOD1;CHMP4C;PATJ;SEC24B;ST6GALNAC3;G3BP2;SEC24D;TPR;S1PR1;HAVCR1;SDC1;SH3KBP1;SAR1B;UBE2N;SOS1;PIK3C3;MTA3;GPC6;PHF21A;JAK1;IFNGR1;ARID4B;IFNA8;RPS8;PARP8;CRBN;RIPK2;AKT1;STAT1;DDX5;TUSC3;HDAC2;TAB2;YWHAZ;ITGA4;RPS21;YWHAG;SNRPG;SFTPD;SEC13;GEMIN5;IL1R1;ST6GAL1;GPC5;PTPN11;RPS13;TRAF3;MTA2;COMT;STING1;SAP30;YWHAQ;RIPK1;SDC4;IKBKB;SRPK2;IL17F;TOMM70;TLR2;MOGS;ZDHHC5;NDC1;NFE2L2;MOGAT1;NUP54;HSP90AB1;SAP18;MAN2A1;FUT8;PDPK1;NUP42;LARP1;ATP1A3;IFIH1;IRAK2;PALS1;CHD3;ZCRB1;JAK2;RPS19;TJP1;REST;GOLGA7;CHMP7;FXYD1;NR3C1;IFNA21;TRIM4;ATP1B1;RPS12;TRAF6;DDX20;CHMP6;TBK1;ATG14;CUL3	Reactome_2022
prerank	SUMO E3 Ligases SUMOylate Target Proteins R-HSA-3108232	0.3697147980139951	1.0596192154779327	0.332	0.7025656976307365	1.0	51/164	24.93%	NFKBIA;SATB1;XRCC4;PGR;COMMD3-BMI1;NRIP1;TOP2B;THRB;TPR;AREG;MDM2;NCOA2;TFAP2A;CTBP1;DDX5;HDAC2;RORA;RARA;ING3;SEC13;HNRNPK;DNMT3A;MBD1;SUZ12;SMC3;TFAP2B;SATB2;CDKN2A;NCOR2;SMC1A;ZNF131;NDC1;NUP54;HDAC7;PPARA;RAD52;PPARG;PPARGC1A;MITF;NR1H4;NUP42;CHD3;PML;NR1I2;SAFB;UHRF2;PHC3;NOP58;NR5A2;NR3C1;PHC1	Reactome_2022
prerank	SARS-CoV-2 Infection R-HSA-9694516	0.3636630609532893	1.0579448570194676	0.314	0.7053445942002886	1.0	74/276	26.15%	CAV1;ZDHHC2;CHMP2B;NOD1;CHMP4C;PATJ;SEC24B;ST6GALNAC3;G3BP2;SEC24D;TPR;HAVCR1;SDC1;SAR1B;UBE2N;PIK3C3;GPC6;JAK1;IFNA8;RPS8;PARP8;RIPK2;AKT1;STAT1;DDX5;TUSC3;TAB2;YWHAZ;RPS21;YWHAG;SNRPG;SFTPD;SEC13;GEMIN5;ST6GAL1;GPC5;PTPN11;RPS13;TRAF3;STING1;YWHAQ;SDC4;IKBKB;SRPK2;IL17F;TOMM70;TLR2;MOGS;ZDHHC5;NDC1;MOGAT1;NUP54;HSP90AB1;MAN2A1;FUT8;PDPK1;NUP42;LARP1;IFIH1;IRAK2;PALS1;ZCRB1;RPS19;TJP1;GOLGA7;CHMP7;IFNA21;TRIM4;RPS12;TRAF6;DDX20;CHMP6;TBK1;ATG14	Reactome_2022
prerank	Regulation Of Apoptotic Process (GO:0042981)	0.33431564358255894	0.982014794537387	0.61	0.7084815675113951	1.0	226/670	31.36%	ANKRD13C;PAWR;CAT;BCL10;OLFM4;LSM8;ANO6;PDCD10;ARHGAP21;SFRP2;ERCC5;SLIT2;RHBDD1;PHIP;FBXO11;BCL2;PMAIP1;MEF2C;SH3RF1;SHQ1;SEMA4D;GATA6;MDM2;SNCA;RICTOR;CRYAB;CITED2;HMGA2;HSPD1;PKHD1;STK17B;GDNF;FFAR4;EPC1;ACTL6A;PRDM9;TRIM2;PLK2;PPT1;FOXO3;PRKAA1;ERBB4;PIDD1;NAA15;SIRT1;FYN;MRE11;TPT1;IRF5;WT1;SPRY2;TFAP2A;SCIN;ACVR1C;PAGE4;HDAC3;AKT1;STAT1;ARHGEF7;HDAC2;RTN4;EMILIN1;CRADD;GRID2;CTLA4;POU4F1;NKX2-5;FRZB;CD44;KDR;YWHAZ;TRRAP;ING3;PA2G4;YEATS4;BAG4;DIABLO;JUN;IL7;KIF14;JMY;HIP1;IGF1R;PHLDA3;HNRNPK;SOCS2;HGF;NTRK1;OMA1;MYO18A;NF1;DNAJC3;TFAP2B;TNFRSF10C;MT3;MALT1;POU3F3;EMILIN2;TMBIM4;ATP13A2;BMP4;RNF122;FSTL1;NTF3;FAM162A;TARDBP;HIPK3;TSC22D1;RIPK1;PRKN;TOX3;FLT3;MTDH;KAT5;STK4;USP17L1;AIFM2;ATF5;GHRL;ARL6IP5;GOLPH3;TOMM70;BARD1;RNF144B;MAP3K5;GADD45A;CCAR1;SKP2;IAPP;GAS6;PHLDA1;RASSF2;HIGD1A;RPS6KB1;NKX2-6;PROC;BIRC6;SAP18;CASP2;ERCC3;NR1H4;CASP8;SLC6A2;MAP4K4;ALB;NRG1;FCMR;GZMA;CLU;BNIP2;HPN;MAP3K20;TNFRSF10A;MAD2L1;CSRNP3;IFIT3;EGLN2;TJP1;REST;SPHK2;IL31RA;PRKCI;BAG1;ANXA4;HOXA5;FOXO1;CCND2;OPA1;CDK1;TRADD;CALHM2;PRR5;CTNNB1;CD38;RNF157;ERBB2;APC;NOTCH2;DDX20;IFT57;AIFM1;NIBAN2;APIP;FMN2;SPHK1;NUAK2;BAD;CIB1;ALPK2;RBM5;BCL6;RHOB;LEF1;CFLAR;ZBTB7A;DUSP6;DAPK1;IL4;SHC1;TRIM24;FHL2;GSTP1;HTATIP2;RAF1;SUPV3L1;OLFM1;ZFAND6;ACTN2;WNT1;PNMA3;THBS1;CIAPIN1;LRP2;RBM25;IGFBP3;BNIP3;CTSH;ECT2;BMP2;EPC2;TCL1A;PTK2B;FAS;TNFSF10;UBD;AGT	GO_Biological_Process_2023
prerank	Signaling By Hedgehog R-HSA-5358351	0.36762040236216625	1.0451353594632435	0.40180360721442887	0.7084980046404489	1.0	52/135	32.92%	HHAT;WDR19;PRKAR1A;PSMA6;DYNC2H1;PSMD14;PRKAR1B;PSME4;PSMD12;PSMD4;HHIP;PSMD5;PRKACB;GLI3;INTU;GPC5;CDON;PSMB11;OS9;ADCY8;ADCY2;EFCAB7;ADCY7;IFT140;ARRB2;SMOX;PSMA2;SPOPL;ADCY6;IHH;PTCH1;FUZ;SEL1L;KIF3A;GNAS;PSMC1;DZIP1;IFT172;IFT57;CUL3;PSMD6;ADCY9;EVC2;ADCY5;PSMC4;ERLEC1;CUL1;CDC73;PRKAR2B;TTC21B;PTCH2;PSMF1	Reactome_2022
prerank	MyD88 Dependent Cascade Initiated On Endosome R-HSA-975155	0.36972308626194444	1.0434770020123487	0.401010101010101	0.7116407818057379	1.0	25/100	21.16%	NKIRAS1;NFKBIA;NOD1;MEF2C;MEF2A;CREB1;GDNF;UBE2N;RIPK2;MAP2K3;USP14;TAB2;IRAK4;JUN;PELI2;KCNH8;APP;TANK;IKBKB;MAPK10;MAP3K1;DUSP4;CASP8;FOS;IRAK2	Reactome_2022
prerank	Non-Membrane-Bounded Organelle Assembly (GO:0140694)	0.3466583613265339	0.9800132382261132	0.5705705705705706	0.7127583895484282	1.0	32/131	23.33%	G3BP2;ZFYVE1;TMOD3;CDS1;YTHDF1;NEK7;CAPRIN1;INO80;MAPRE2;RCC1;CEP63;HDAC3;NPC1;SMIM22;CENPW;FARP2;GOLGA8J;CENPE;HAUS6;CENPC;OGFOD1;CSNK1D;DDX6;DHX29;CENPF;FITM2;ZAR1;NCOR1;TUBGCP3;YTHDF2;TIA1;BSCL2	GO_Biological_Process_2023
prerank	Supramolecular Fiber Organization (GO:0097435)	0.3339340581343993	0.9782468426052914	0.581	0.71639027259269	1.0	62/311	17.58%	CEP126;CD2AP;SERPINB8;CNN3;PPP1R9A;COL14A1;ADAMTS3;TMOD3;MAP10;MDM2;SNCA;RUFY3;KRT76;SH3KBP1;SLAIN1;KRT79;ERMN;NOSTRIN;MYO7A;HOOK1;FYN;DES;CD36;SLAIN2;TLE6;STMND1;KRT2;MYO5C;COL5A2;EMILIN1;KRT4;XIRP2;TGFB2;TLL1;CENPJ;KIF14;CARMIL1;HIP1;COL11A1;DLG1;KRT6B;LOX;KATNB1;COL1A1;RHOF;MBD1;APP;CRTAP;NF1;COL12A1;TARDBP;LUM;RIPK1;PRKN;KIF2A;LOXL3;CCDC88A;MYO5A;CCDC88C;TPM2;COL5A1;SHROOM4	GO_Biological_Process_2023
prerank	Toll Like Receptor 7/8 (TLR7/8) Cascade R-HSA-168181	0.3657319929635855	1.0316210750923716	0.4246713852376138	0.7187516012959343	1.0	25/101	21.16%	NKIRAS1;NFKBIA;NOD1;MEF2C;MEF2A;CREB1;GDNF;UBE2N;RIPK2;MAP2K3;USP14;TAB2;IRAK4;JUN;PELI2;KCNH8;APP;TANK;IKBKB;MAPK10;MAP3K1;DUSP4;CASP8;FOS;IRAK2	Reactome_2022
prerank	Cellular Response To Cytokine Stimulus (GO:0071345)	0.3366002014951349	0.9764991264334074	0.602	0.720016580141137	1.0	76/297	25.29%	ASAH1;SLC12A2;NFKBIA;LEPR;CD47;TPR;STK39;RO60;ST3GAL6;NPR2;LRRK2;MME;SYNCRIP;IL12RB2;OSMR;CXCR4;SOS1;SIRT1;JAK1;IRF5;IFNA8;TNFRSF21;STAT4;FOXC1;NUMBL;POU4F2;DOCK8;AKAP6;AKT1;STAT1;POU4F1;TNFSF11;IRAK4;IFNW1;BAG4;IL7;IL1B;PTPN11;TANK;DHX9;CD58;IL2RG;CRHBP;CSF2;RIPK1;IKBKB;FLT3;STAT5A;LIFR;TLR2;HYAL2;CCL4;GSDME;GAS6;MT1X;NFE2L2;UBE2K;CDC34;SPAM1;RIPOR2;IRF8;AQP4;IFI16;JAK2;CXCL8;NKX3-1;IL31RA;INPP5K;GAPDH;PTGIS;GATA3;TRADD;HMHB1;IFNA21;TRAF6;STAT3	GO_Biological_Process_2023
prerank	Response To Elevated Platelet Cytosolic Ca2+ R-HSA-76005	0.36621209115405917	1.038219828913499	0.4238143289606458	0.7232576346023328	1.0	28/127	21.14%	GTPBP2;CD109;FAM3C;OLA1;VEGFC;F13A1;SOS1;FN1;CD36;RAB27B;BRPF3;IGF2;FGA;QSOX1;TGFB2;ABCC4;VTI1B;APP;PIKFYVE;APLP2;PHACTR2;LEFTY2;TMX3;GAS6;CYB5R1;CAP1;ALB;CLU	Reactome_2022
prerank	Neutrophil Degranulation R-HSA-6798695	0.3527260930921847	1.0317638803114995	0.38	0.7238149954268224	1.0	114/453	25.87%	ATP8A1;GCA;ASAH1;OLFM4;IQGAP2;CD53;HPSE;CD55;GYG1;ANO6;COMMD3;CAND1;CPNE3;CD47;PTPRC;PLAC8;RAP2B;QPCT;CDK13;PTPRB;AGA;PTX3;XRCC5;DYNC1LI1;PSMD14;SERPINB12;ITGAV;CALML5;PSMD12;DIAPH1;CYSTM1;HEBP2;CTSC;VNN1;RAB10;PLAU;LAMTOR3;FOLR3;CD36;SNAP25;SCAMP1;RAP1B;LRRC7;CD33;S100P;ACP3;QSOX1;EEF1A1;DOK3;CD44;SERPINB6;PA2G4;NHLRC3;SDCBP;STOM;AGL;RHOF;CKAP4;FRK;RAB27A;DNAJC3;RCAN1;ARSB;CD58;STING1;RAB6A;PIKFYVE;CHAMP1;CMTM6;PGM1;HSPA6;ADGRE5;LPCAT1;CXCL1;AIFM2;RAB37;TLR2;IRAG2;RAB9B;ATP6V0A1;PSMA2;STK10;MANBA;CXCR2;CD59;ITGAX;HSP90AB1;ARHGAP45;CD93;KCMF1;CAP1;SLCO4C1;TOLLIP;PTGES2;TCIRG1;PRSS3;CXCR1;TMED7-TICAM2;FAF2;GUSB;GOLGA7;COPB1;TNFAIP6;HEXB;BST1;PDXK;PRCP;HMOX2;PADI2;MGST1;HSPA8;IDH1;PAFAH1B2;IST1	Reactome_2022
prerank	Cell Cycle, Mitotic R-HSA-69278	0.3539502320577202	1.0368328237715416	0.33	0.7251791752453299	1.0	129/515	24.23%	MZT1;BORA;E2F3;NIPBL;CHMP2B;CHMP4C;VRK2;CDK6;PLK4;NCAPG;AHCTF1;DYNC1I1;ANAPC4;GINS2;TPR;UBE2D1;GORASP2;NEK7;PSMA6;DYNC1LI1;DCTN1;LIN9;PSMD14;USO1;PRIM2;ORC4;NEK9;LPIN2;PSME4;PSMD12;CDC25C;PDS5A;PPP2R5E;CENPN;TUBB4A;PSMD4;H2AZ1;NDC80;PSMD5;RCC1;CEP63;SGO1;AKT1;MCM3;ESCO2;ITGB3BP;XPO1;RAB33B;ARPP19;TFDP2;PPP1R12A;TUBA3C;AKAP9;FBXL7;CENPU;MNAT1;CCNH;YWHAG;SPAST;POLD3;VPS4A;CENPJ;PTTG1;SEC13;POLD2;PPP2R5C;LPIN1;GMNN;NEDD1;PSMB11;DHFR;SMC3;DNA2;CENPE;HAUS6;CEP135;SLC19A1;CDKN2A;CSNK1D;SGO2;PCM1;ORC6;RRM2;KIF2A;PTK6;MAU2;TUBB8;TUBB2A;POLD4;FBXO5;SMC1A;DYNC1I2;SKP2;CCNA2;MCM6;DBF4;PHLDA1;CENPF;NDC1;PSMA2;NUP54;HSP90AB1;POLE2;TFDP1;CSNK2A2;NUP42;ESCO1;ANAPC16;RFC2;HDAC8;TUBGCP3;UBE2E1;MAD2L1;MZT2A;ZWINT;ORC3;JAK2;PSMC1;CEP164;NCAPD3;GINS4;NDEL1;PCNT;CHMP7;LMNA;CC2D1B;CCND2;CENPH;CDK1	Reactome_2022
prerank	Apoptosis R-HSA-109581	0.3606535251964516	1.03238376723513	0.418	0.7266243915352355	1.0	56/175	28.02%	HMGB2;PKN2;ARHGAP10;SATB1;BCL2;PMAIP1;PSMA6;PSMD14;PSME4;PSMD12;ACIN1;GZMB;PSMD4;PSMD5;AKT1;CASP7;TFDP2;YWHAZ;YWHAG;DIABLO;UNC5B;PSMB11;TANK;OMA1;PLEC;NMT1;CDKN2A;TP63;YWHAQ;RIPK1;CYCS;GAS2;GSDME;PPP3CC;PSMA2;PROC;H1-1;CASP8;TFDP1;TNFRSF10A;DSG3;TMED7-TICAM2;PSMC1;TJP1;LMNA;DCC;TRADD;CTNNB1;STAT3;APIP;BAD;ROCK1;PSMD6;CFLAR;KPNA1;DAPK1	Reactome_2022
prerank	SARS-CoV-2-host Interactions R-HSA-9705683	0.3598541145305072	1.0385174010344405	0.38538538538538536	0.7279608199042461	1.0	51/193	26.15%	CAV1;NOD1;PATJ;SEC24B;G3BP2;SEC24D;TPR;SAR1B;UBE2N;PIK3C3;JAK1;IFNA8;RPS8;RIPK2;AKT1;STAT1;TAB2;YWHAZ;RPS21;YWHAG;SNRPG;SFTPD;SEC13;GEMIN5;PTPN11;RPS13;TRAF3;STING1;YWHAQ;IKBKB;IL17F;TOMM70;TLR2;NDC1;NUP54;HSP90AB1;PDPK1;NUP42;LARP1;IFIH1;IRAK2;PALS1;RPS19;TJP1;IFNA21;TRIM4;RPS12;TRAF6;DDX20;TBK1;ATG14	Reactome_2022
prerank	G Alpha (I) Signaling Events R-HSA-418594	0.3553756717732345	1.0349774557159463	0.394	0.7298572163730382	1.0	72/306	22.58%	NPY1R;PTGER3;HTR1F;PDE4B;GNG12;GNB4;NPY2R;CXCL6;MTNR1A;GRM7;SSTR2;CAMK2D;PRKAR1A;OPN5;HEBP1;CREB1;PPP3CA;PDE4D;CXCR4;PRKX;PRKAR1B;MCHR2;NBEA;GPR37;AHCYL1;RXFP3;PLA2G4A;GNG2;CAMK4;ITPR2;OPRM1;PRKACB;PLCB1;SUCNR1;NPY5R;PLCB4;GNG3;APP;RGS6;ADCY8;RGS7;TAS2R10;TAS2R60;ADCY2;PDE4C;S1PR2;INSL5;S1PR3;CCR3;ADCY7;CXCL5;CXCL1;GNG5;OXER1;CAMK2G;CCL4;RGS11;PPP3CC;HTR5A;CXCR2;PDE1A;CXCL13;ADCY6;GPR37L1;OPRD1;PPP1CA;CXCR1;RGS8;GNAS;CXCL8;NPB;PDE4A	Reactome_2022
prerank	DNA Replication R-HSA-69306	0.3580516997558132	1.0272548975499525	0.4264264264264264	0.7309583300683792	1.0	42/155	29.24%	ANAPC4;GINS2;UBE2D1;PSMA6;PSMD14;PRIM2;ORC4;PSME4;PSMD12;PSMD4;H2AZ1;PSMD5;MCM3;POLD3;POLD2;GMNN;PSMB11;DNA2;SLC19A1;ORC6;POLD4;SKP2;CCNA2;MCM6;DBF4;PSMA2;POLE2;ANAPC16;RFC2;UBE2E1;ORC3;PSMC1;GINS4;ORC5;CCNA1;CDC16;CDC7;PSMD6;KPNA1;MCM7;PSMC4;LRIG1	Reactome_2022
prerank	Glycosaminoglycan Metabolism R-HSA-1630316	0.3625061660719637	1.0282469515014794	0.44410876132930516	0.7315804237703374	1.0	39/115	26.45%	HPSE;ST3GAL6;NDST3;SDC1;B3GAT2;B4GALT6;EXT1;GPC6;DCN;CHST9;CHST3;HS3ST1;CD44;DSE;PAPSS1;CHSY1;GPC5;HS3ST5;ARSB;CHORDC1;B3GNT4;LUM;SDC4;XYLT2;HS6ST1;HYAL2;GLCE;DSEL;SPAM1;NDST4;GUSB;PAPSS2;CHST15;HEXB;HS6ST3;SLC9A1;B3GALT6;CHST2;XYLT1	Reactome_2022
prerank	Transcriptional Regulation By TP53 R-HSA-3700989	0.3528127627930175	1.0325406290127892	0.39	0.7318486598731289	1.0	131/349	31.56%	CNOT2;PIP4K2A;TP53INP1;PMAIP1;PRDM1;CDK13;MDM2;RICTOR;GDNF;SMYD2;DYRK2;CDC25C;PLK2;TAF2;PTEN;PRKAA1;PIDD1;MRE11;CNOT7;BCL2L14;LAMTOR3;ELOC;POU4F2;BRPF3;COX18;AKT1;E2F7;HDAC2;CRADD;PRMT5;TSC1;PRKAG2;TFDP2;POU4F1;YWHAZ;ING3;MNAT1;CCNH;LAMTOR5;PPP1R13L;GTF2H4;YWHAG;JUN;CENPJ;JMY;PPP2R5C;RRAGA;EHMT2;PRELID3A;RRAGD;DNA2;RHEB;TNFRSF10C;MTA2;CDKN2A;TP63;RAD50;YWHAQ;KAT6A;COX7C;PMS2;GTF2H2;KAT5;POLR2H;AIFM2;BARD1;CNOT6L;CYCS;FANCC;GADD45A;SESN1;RBBP8;CCNA2;BTG2;STEAP3;TSC2;CASP2;COX16;ERCC3;COX6C;SESN3;TFDP1;CSNK2A2;PDPK1;TXN2;USP7;HIPK1;RRAGC;ARID3A;POLR2D;FOS;MSH2;RFC2;CHD3;TNFRSF10A;PDZD2;EHMT1;PML;SUPT16H;PRKAG3;MOV10;CDK1;PRR5;DDB2;NDRG1;TAF15;CCNA1;CDK5R1;RRAD;BCL6;CNOT10;TAF5;GNPDA1;PCBP4;CNOT6;BANP;CCNG1;RBBP7;RMI1;GTF2F1;AKT3;KMT5A;PERP;CDKN1B;IGFBP3;TP53I3;TNRC6B;CSNK2B;POLR2A;PRKAB2;AURKA	Reactome_2022
prerank	SLC-mediated Transmembrane Transport R-HSA-425407	0.3604611199637851	1.0389407101861126	0.375	0.7320805627799143	1.0	69/239	25.73%	SLC44A5;SRI;SLCO1A2;SLC12A2;SLC4A4;SLC30A7;SLC27A6;SLC39A8;SLC44A3;SLC30A10;SLC4A8;SLC39A10;SLC26A4;SLC1A3;SLC35A3;SLC6A15;SLC7A11;SLC14A2;SLC6A19;SLC9A9;SLC6A5;SLC5A6;SLCO3A1;SLC1A7;SLC7A2;SLC5A3;SLC40A1;SLC41A2;SLC35D1;SLC22A15;AHCYL2;SLC17A6;SLC1A2;SLC9A8;SLC6A6;SLC1A1;SLC11A2;SLC9A2;SLC15A2;SLC8A3;SLC2A9;SLC9A3;SLC16A7;SLC6A12;SLC7A9;SLC8A1;SLC5A7;SLC6A2;SLCO4C1;SLC22A5;CP;SLC17A5;SLC22A16;ARL2BP;SLC22A3;SLC31A1;SLC45A3;SLCO1C1;SLC5A8;SLC36A2;SLC24A1;SLC2A13;SLC26A7;SLC6A13;SLC13A1;SLC15A3;SLC5A11;SLC9A1;SLC3A1	Reactome_2022
prerank	Lipid Transport (GO:0006869)	0.3428544967539607	0.9703083424746489	0.5786290322580645	0.7328342312258168	1.0	27/104	23.60%	SLCO1A2;TTPA;ATP8B1;PLPPR4;FABP2;ABCD3;FABP5;CD36;OSBPL8;SLC51A;FABP12;SLC10A1;ABCC4;ABCB11;SLC10A4;PRELID3A;MFSD2A;MTTP;PITPNB;EHHADH;ACSL1;ABCA3;AKR1C1;ABCG5;SLCO1C1;ABCA12;CPTP	GO_Biological_Process_2023
prerank	Interleukin-1 Signaling R-HSA-9020702	0.3652687789562673	1.0331486777638481	0.43775100401606426	0.7345141375282983	1.0	20/113	13.61%	NKIRAS1;NFKBIA;NOD1;PSMA6;PSMD14;PSME4;PSMD12;UBE2N;PSMD4;PSMD5;RIPK2;USP14;TAB2;IRAK4;PELI2;IL1B;IL1R1;APP;PSMB11;TANK	Reactome_2022
prerank	Intracellular Protein Transport (GO:0006886)	0.33536642546609596	0.9705314467498322	0.619	0.735021579022866	1.0	77/320	22.84%	AP3B1;E2F3;SNX6;ARL4A;RAB5A;SLU7;PHIP;ARF6;TPR;LMAN1;NLGN1;STAM;USO1;RAB28;RABL2A;SAR1B;RAB19;ARL6;SEPTIN9;WLS;KIF13B;ARFIP1;VPS26A;C2CD5;STX6;COPB2;AKAP6;RAB23;VPS36;COX18;MAIP1;AKT1;STX7;SYNRG;XPO1;RAB20;KPNA5;HIKESHI;SEC13;TRAK2;RAB21;GRPEL2;KATNB1;STAM2;SCFD2;COG7;RAB6A;RAB22A;APLP2;MAP1LC3C;RANBP3L;RAB6B;FAM53C;STK4;CAMSAP3;STX2;STRADB;TMED5;IFT27;SNX9;SEC16A;RASSF9;ARF3;PTTG1IP;TSC2;RAB32;STX3;NUP42;SNX13;SNF8;TNPO2;OXA1L;GRPEL1;POM121L2;TMED7;RABL2B;FAM53B	GO_Biological_Process_2023
prerank	SRP-dependent Cotranslational Protein Targeting To Membrane R-HSA-1799339	0.3673270042317674	1.0254298062707494	0.447	0.7352958880838364	1.0	24/107	24.00%	RPL15;RPL22L1;RPL39L;MRPL13;SEC11C;RPL30;RPS8;RPL10L;RPS21;RPL9;SEC61A1;RPS13;RPL6;RPL36AL;RPL34;SEC11A;SEC61G;RPL19;RPL7;RPL4;RPS19;RPL29;SRPRB;RPL11	Reactome_2022
prerank	Nitrogen Compound Transport (GO:0071705)	0.34063375603604085	0.9706456768501475	0.573	0.7376650405047653	1.0	60/158	33.34%	CHMP2B;SLC12A2;SNX7;SLC26A4;PPT1;SLC6A15;CUBN;SLC7A14;SLC6A19;SCARB2;SCAMP1;ABCG2;CD3G;SLC7A2;ABCC4;RAMP3;HIKESHI;LRP1B;SLC6A6;DENND10;CMTM6;SLC15A2;EDN1;ARL6IP5;SLC6A12;CALCRL;SLC35F3;SLC19A3;CENPF;NDC1;SNX33;ARRDC3;SLC6A2;NRG1;SLC22A5;KIF3A;SLC22A3;SLC5A8;SLC36A2;SLC26A7;SLC6A13;SLC13A1;SLC15A3;SLC3A1;LRRC8D;SLC7A8;CHMP3;SLC48A1;SLC52A3;SFXN5;CEP290;SLC19A2;LRP2;SLC38A1;RHAG;SLC29A4;SLC18A2;SLC7A1;TMEM30B;SNX18	GO_Biological_Process_2023
prerank	Deubiquitination R-HSA-5688426	0.35430547565371073	1.0232868654308265	0.434	0.7414761206583537	1.0	64/262	21.07%	INO80D;NFKBIA;NOD1;CNKSR3;MBD6;IDE;MBD5;UBE2D1;AREG;MDM2;UCHL5;PSMA6;STAM;PSMD14;KDM1B;SMAD4;ATXN7;PSME4;PSMD12;TGFBR2;CYLD;ACTL6A;PTEN;INO80;PSMD4;USP44;PSMD5;RIPK2;RHOT1;CFTR;USP14;TRRAP;POTEF;NEDD8;PSMB11;TANK;TRAF3;STAM2;USP13;TNKS2;USP34;RIPK1;PRKN;USP20;USP17L1;ARRB2;TNIP3;TOMM70;BARD1;ATXN3L;OTUD5;SKP2;CCNA2;PSMA2;PROC;USP24;WDR48;USP25;TNFAIP3;BRCC3;USP7;INO80B;UCHL3;IFIH1	Reactome_2022
prerank	Positive Regulation Of T Cell Activation (GO:0050870)	-0.19640885117227272	-0.9338649481130263	0.5	0.746606334841629	0.8177777777777778	13/103	5.54%	NCK2;NOD2;CD276;CD28;PDCD1LG2;CYRIB;ABL2;IL23R;HLA-DQA2;TFRC;CD70;NCK1;BRD7	GO_Biological_Process_2023
prerank	Fatty Acid Metabolic Process (GO:0006631)	0.3404444783934807	0.9629886781563815	0.5927783350050151	0.7551641444973908	1.0	29/120	21.58%	ELOVL4;PEX2;SLC27A6;LPIN2;ABCD3;CD36;PCCB;SGPL1;ACBD7;ACSL3;ABCB11;GPX4;LPIN1;ABCD2;ACSL6;GPAM;ACSM4;PCCA;MSMO1;CES1;CBR4;PPARGC1A;ACOT8;ACACA;ACSL1;ACOX1;ADIPOR1;ACOT4;CPT1C	GO_Biological_Process_2023
prerank	Cellular Response To Lipid (GO:0071396)	0.3337598908999054	0.9612531667543117	0.639	0.757721979279868	1.0	64/227	25.51%	HMGB2;BCL10;PEX2;PDE4B;NRIP1;CXCL6;TFPI;BRINP3;SSTR2;MEF2C;CREB1;CD86;CCDC62;SPP1;H2AZ1;POU4F2;GFI1;ZNF35;MAP4K1;RORA;CFTR;CASP7;RARA;POU4F1;PDK3;RAMP3;PLAA;PF4V1;WNT6;IL1B;ADCY8;ADCY2;ACOD1;CRHBP;IRS1;ATP1A1;CXCL5;PTK6;KAT5;CXCL1;TNIP3;CHMP5;AHR;CXCL13;EHHADH;NR1H4;TNFAIP3;ADCY6;ATP1A3;NCOA4;FZD7;CXCL8;NKX3-1;SPHK2;CD180;NR3C1;FAM210B;RORC;MYD88;LYN;TRAF6;MGST1;CXCL2;HSPA8	GO_Biological_Process_2023
prerank	Unfolded Protein Response	0.3268482208168546	0.9208716303295468	0.678714859437751	0.7617664234293033	1.0	30/108	28.27%	CNOT2;DCTN1;DNAJB9;XPOT;EXOSC9;SERP1;YWHAZ;GOSR2;EDEM1;NABP1;DNAJC3;EIF4A3;ERO1A;TUBB2A;DCP2;SEC11A;ATF3;WIPI1;EXOC2;SRPRB;MTHFD2;EDC4;PDIA6;TARS1;ATP6V0D1;HERPUD1;EIF4G1;CKS1B;CNOT6;SHC1	MSigDB_Hallmark_2020
prerank	G2-M Checkpoint	0.31500386122786733	0.905040910749594	0.76	0.777613843568628	1.0	68/197	31.56%	E2F3;SLC12A2;PLK4;SNRPD1;YTHDC1;GINS2;SYNCRIP;EFNA5;PRIM2;LIG3;H2AZ1;NDC80;POLQ;MCM3;XPO1;PRMT5;TTK;RASAL2;TLE3;MNAT1;PTTG1;HNRNPD;CENPE;SAP30;ORC6;SMC2;ATF5;BARD1;FBXO5;SMC1A;FANCC;CCNA2;MCM6;DBF4;CENPF;EZH2;CBX1;TFDP1;MAP3K20;TNPO2;CKS2;MAD2L1;PML;NSD2;ODC1;CDK1;DR1;HSPA8;ORC5;NOTCH2;PAFAH1B1;CUL3;CUL4A;MTF2;CDC7;CKS1B;RAD21;HMGA1;PURA;TROAP;KMT5A;CDKN1B;ODF2;SQLE;SLC38A1;BUB3;CUL1;AURKA	MSigDB_Hallmark_2020
prerank	Gene Expression (Transcription) R-HSA-74160	0.33998189064038575	1.0121934176112706	0.4	0.7837271858180933	1.0	435/1430	28.67%	TBL1XR1;YAF2;CAV1;CBX3;CCN2;ZNF804B;TET2;CNOT2;RNGTT;KCTD1;PRMT6;HNF4G;PRKRA;PGR;NEDD4L;PIP4K2A;COMMD3-BMI1;CDK6;SMARCA5;THRB;GRIN2A;RBPJ;ELL2;ANAPC4;SLU7;ANG;TP53INP1;MYBL1;CAMK2D;MED4;PMAIP1;MEF2C;TPR;PRDM1;SOX2;CDK13;FIP1L1;ZNF704;UBE2D1;AREG;ESR2;PITX2;YES1;MDM2;MLLT3;FBXW7;CREB1;SSB;ZNF521;SNAPC3;RICTOR;PSMA6;ZNF860;ELF2;ZNF655;PSMD14;CITED2;SMAD4;HSPD1;ITGBL1;GDNF;NFYC;SMYD2;DYRK2;THOC7;PCGF5;POLR1D;INTS12;PSME4;PSMD12;EPC1;ESRRG;KDM5B;AEBP2;GTF3C6;HEY1;INTS6;CDC25C;ACTL6A;TRPC3;ZNF791;PLK2;SF3B1;ZNF606;TARBP2;MMP13;PHAX;FOXO3;ZNF320;TAF2;ICE1;PTEN;GRIN2B;PRKAA1;PIDD1;MTA3;SIRT1;PSMD4;MRE11;NUDT21;ARID4B;CNOT7;TET1;BCL2L14;LAMTOR3;ELOC;H2AZ1;ZNF77;TFAP2A;CRH;RARB;UBE2D3;POLR3G;PSMD5;POU4F2;ITGA5;ZNF587;BRPF3;INTS9;MSX2;HDAC3;COX18;CAMK4;DPEP2;HEY2;MYB;SOCS4;AKT1;STAT1;E2F7;PIWIL2;HDAC2;OPRM1;CRADD;SNAPC4;NKX3-2;RORA;PRMT5;TSC1;CTLA4;PRKAG2;TSN;WWP1;TET3;TFDP2;DEK;ZNF343;RARA;POU4F1;NKX2-5;TWIST1;NR2C2;YWHAZ;FBXO32;GLI3;ING3;ITGA4;MNAT1;PAX5;ZNF273;CCNH;LDB2;ZNF490;YEATS4;MED23;LAMTOR5;PPP1R13L;GRIA2;GTF2H4;TEAD2;WWTR1;POLR1E;RBBP5;YWHAG;POTEF;TGIF1;JUN;CENPJ;NFIB;BRF1;SNRPG;JMY;SEC13;BAZ2A;PPP2R5C;TDRD6;ZNF599;SAP30BP;RRAGA;DNMT3A;ZNF710;COL1A1;STUB1;POLR1G;EHMT2;PRELID3A;RRAGD;PTPN11;PSMB11;SUZ12;ZNF248;NABP1;DNA2;RHEB;ZNF717;TFAP2B;EIF4A3;TNFRSF10C;ZNF775;SATB2;GPAM;PIWIL4;MTA2;GTF2A2;CDKN2A;TP63;ZNF621;RAD50;CSF2;SAP30;YWHAQ;ZNF701;NCOR2;KAT6A;ERCC6;TCF12;TAF1A;LMO2;COX7C;RRM2;PMS2;TCF7L1;INTS11;GTF2H2;KAT5;CPSF2;POLR2H;AIFM2;LIFR;ZNF641;POU2F1;ZNF75D;ZNF692;ARID2;RUNX2;ZNF681;AFF4;NR1D2;BARD1;CAMK2G;HDAC9;CNOT6L;CYCS;CSTF2T;FANCC;GADD45A;SESN1;RBBP8;SKP2;CCNA2;MED7;GTF3C3;NDC1;PSMA2;DICER1;EZH2;IFNG;BTG2;NUP54;HDAC7;SNAPC1;PPARGC1B;RNF111;STEAP3;SAP18;PPARA;TSC2;INTS1;ZNF771;ZNF441;THOC1;PPARG;PPARGC1A;CASP2;ZNF496;COX16;ERCC3;COX6C;ZNF433;NR1H4;SRSF6;BDP1;SESN3;TFDP1;CSNK2A2;PDPK1;GAD2;IHH;ZNF205;NUP42;TXN2;USP7;PHF19;HIPK1;RRAGC;ARID3A;NCOR1;ZKSCAN1;POLR2D;FOS;MLLT1;NOP2;NOTCH1;SAP130;MSH2;ANAPC16;ZFP1;RFC2;CHD3;HDAC8;TNFRSF10A;ASZ1;EED;ZNF431;INTS4;UBE2E1;POU2F2;FYTTD1;ZNF706;PDZD2;PSMC1;NFIA;EHMT1;NRBF2;PIWIL1;ZNF213;TJP1;THOC2;PVALB;ZNF333;PML;TGFA;NR1I2;SARNP;ZNF287;SUPT16H;CAMK2B;PRKAG3;YAP1;ZNF777;CCNG2;ESRRB;FOXO1;TRIM33;MED30;CCND2;PHC3;MOV10;CDK1;ZNF558;GATA3;NFE2;NR5A2;MED6;PRR5;NR3C1;SMAD1;RORC;NR1I3;ZNF799;PTPN1;CTNNB1;E2F6;ZNF664;PHC1;ERBB2;TDRD1;ZFP14;ZNF79;GTF2A1;DDB2;MYL9;HENMT1;POLR1F;ZNF785;NOTCH2;NDRG1;SRSF5;GAD1;XPO5;ZNF17;ZNF101;DDX56;ZNF75A;TAF15;CCNA1;ZNF3;NCBP2;CDK5R1;RRAD;ZNF529;PCF11;MAEL;ZFP69;CDC16;BCL6;MTF2;ZNF567;LEF1;CDC7;PSMD6;TFAP2D;SETD1B;ZNF583;CNOT10;TAF5;TAF1D;MAML3;GNPDA1;OPRK1;CPSF7;PCBP4;CNOT6;ZNF100;RUNX3;SST;RSPO3;BANP;ZNF790;BCDIN3D;ZNF746;NR4A2;CCNG1;ATAD2;RBBP7	Reactome_2022
prerank	Membrane Trafficking R-HSA-199991	0.3455664662986424	1.0142884502066318	0.465	0.7846141623402589	1.0	251/590	36.33%	AP3B1;CHMP2B;SYT1;MAN2A2;CHMP4C;CAPZA2;RAB5A;CD55;DENND4C;VTA1;TBC1D4;RAB39A;SEC24B;DYNC1I1;ANK2;TRAPPC8;SEC24D;ARF6;SH3D19;TBC1D1;VPS4B;AREG;LMAN1;BET1;TPD52L1;VPS54;DYNC1LI1;DCTN1;SGIP1;ALS2;STAM;FNBP1L;USO1;DENND1B;AP3S1;NBAS;SH3KBP1;SAR1B;SPTBN1;AMPH;SH3GL2;DENND5B;KDELR2;CTSC;SYT9;GOLIM4;MAN1A1;PICALM;COPS2;CYTH3;RAB10;SCARB2;KIF13B;ANK3;SNAP91;PLA2G4A;SYT2;RAB27B;C2CD5;STX6;COPB2;VPS36;ANK1;AKT1;CLVS1;RAB33B;CFTR;TSC1;PRKAG2;EXOC1;CUX1;YWHAZ;CAPZA3;SEC22A;GOSR2;YWHAG;SCOC;COG3;VPS4A;SEC13;EPS15L1;HIP1;NEDD8;RAB21;GJA5;APP;TRAPPC12;RAB27A;BLOC1S1;STAM2;CENPE;COG7;TMF1;RAB6A;YWHAQ;CSNK1D;RAB6B;DENND2A;KIF2A;MYO5A;KIF16B;ARRB2;TBC1D20;DNAJC6;RAB9B;RHOBTB3;DYNC1I2;RALGAPA2;CHMP5;SNX9;SEC16A;CD59;ARF3;TSC2;RAB32;MAN2A1;DCTN6;STON2;EXOC3;GAPVD1;SEC22C;TFG;PTGES2;HBEGF;SNF8;DCTN4;COPS6;LNPEP;SBF2;GOLGB1;KIF3A;AGTR1;TMED7;HOMER2;COG8;TJP1;ADRB2;GJB3;TGFA;EXOC2;RAB7B;COPB1;PRKAG3;TPD52;CHMP7;TOR1B;RAB12;MAN1A2;DENND2D;AP4E1;RABGEF1;GALNT2;RAB11A;WASL;DCTN2;ACTR3;HSPA8;PAFAH1B2;CHMP6;VPS37A;ARFIP2;NECAP1;PAFAH1B1;ITSN2;ACBD3;KIF21A;GDI2;ARPC2;FZD4;LDLRAP1;DENND2C;EREG;TOR1A;STX5;RAB18;MYO6;DYNC1H1;GCC1;GOLGA1;DENND4B;SCFD1;RINT1;RINL;ARPC3;RHOQ;CLVS2;DENND2B;RNASE1;AP4M1;CAPZA1;SLC18A3;RAB39B;AKT3;GCC2;MAP1LC3B;SEC16B;LRP2;GALNT1;COPA;VPS28;RAB3GAP2;TRAPPC13;RIN2;AP4S1;KIF5A;PRKAB2;MCFD2;GGA3;EXOC4;CBL;GOLGA4;AP1S3;GRIA1;PRKAA2;SORT1;KIF12;TXNDC5;SYS1;KIF19;RAB43;SNX18;CCZ1B;SEC31A;DYNLL1;GJB7;TBC1D15;EXOC5;VPS45;SYT12;GNS;SNX2;CLTB;OCRL;PIP5K1C;PUM1;NAA38;KIF25;TACR1;TRAPPC10;GRK3;VPS37B;KIF5C;RAB30;KIF3B;RAB36;VPS51;TRAPPC11;F5;COPG1;SYNJ1;CNIH1	Reactome_2022
prerank	Organic Substance Transport (GO:0071702)	0.33313041921302045	0.9511352153241132	0.6523046092184369	0.7848940127445119	1.0	45/193	23.49%	CAV1;SLCO1A2;CHMP2B;PKD2;TRPC4;TRPC1;SNX7;ABCB9;TRPC3;PPT1;CUBN;FYN;TPT1;CACNA2D1;AQP11;SCAMP1;ABCG2;CD3G;RAMP3;HIKESHI;LRP1B;SLC19A1;DISP1;DENND10;CMTM6;MFSD2A;RYR2;ARL6IP5;CALCRL;CENPF;NDC1;SNX33;ARRDC3;ABCA3;AQP4;SLC6A2;TRPC5;NRG1;SLC22A5;CLU;SLC22A16;KIF3A;SLC22A3;PANX1;ABCA12	GO_Biological_Process_2023
prerank	Mitotic G1 Phase And G1/S Transition R-HSA-453279	0.3539732762648936	1.010868775427964	0.47695390781563124	0.7849790555906087	1.0	45/146	30.01%	E2F3;CDK6;PSMA6;LIN9;PSMD14;PRIM2;ORC4;PSMD12;PSMD4;PSMD5;AKT1;MCM3;TFDP2;MNAT1;CCNH;GMNN;DHFR;CDKN2A;ORC6;RRM2;PTK6;FBXO5;SKP2;CCNA2;MCM6;DBF4;PSMA2;POLE2;TFDP1;ORC3;JAK2;PSMC1;CCND2;CDK1;E2F6;LYN;ORC5;CCNA1;CDC7;PSMD6;CKS1B;MCM7;PSMC4;AKT3;CDKN1B	Reactome_2022
prerank	Peptidyl-Serine Phosphorylation (GO:0018105)	0.3328831949316015	0.9516434263821184	0.6439317953861585	0.786401418122334	1.0	50/155	27.28%	PKN2;VRK2;CSNK1G3;CAMK2D;STK39;NEK7;LRRK2;RICTOR;CSNK1A1L;MAP3K13;PRKX;DYRK2;DCLK3;TGFBR2;ATR;PLK2;CAMK4;STK32A;MAP4K1;PRKACB;TTK;PDK3;MYO3A;PRKD1;DYRK3;PIKFYVE;CSNK1D;HIPK3;RIPK1;IKBKB;STK4;SRPK2;GAS6;RPS6KB1;CSNK2A2;PDPK1;HIPK1;MAP3K20;CSNK1G2;PRKCI;CAMK2B;PRKCZ;PDGFB;CDK1;SGK3;MORC3;TBK1;CDK5R1;ROCK1;CDC7	GO_Biological_Process_2023
prerank	Positive Regulation Of I-kappaB kinase/NF-kappaB Signaling (GO:0043123)	0.33289225287991087	0.9495639188794854	0.653	0.786817245356299	1.0	57/170	31.29%	MIER1;BCL10;NOD1;TLR6;TRAF3IP2;ZDHHC17;IFIT5;GOLT1B;TRIM13;PLK2;DHX36;UBE2N;TRIM34;WLS;TRIM62;NDFIP2;RIPK2;TAB2;TNFRSF19;IRAK4;LAMTOR5;PELI2;PRKD1;TRIM32;S100A4;MALT1;RIPK1;PRKN;IKBKB;MTDH;MIB2;LITAF;CASP8;TFG;TRIM38;ROR1;PPP5C;TIFA;GAPDH;TRIM21;TRADD;F2R;MYD88;TRAF6;TBK1;CARD16;CFLAR;GPRC5B;TRIM8;CCL19;REL;APOL2;ECT2;DDX1;EDAR;TNFSF10;UBD	GO_Biological_Process_2023
prerank	HIV Life Cycle R-HSA-162587	0.3547053459467681	1.0124894748493818	0.4744744744744745	0.7884345161951436	1.0	49/149	32.66%	CHMP2B;RNGTT;CHMP4C;XRCC4;NEDD4L;VTA1;TPR;VPS4B;XRCC5;SGIP1;CXCR4;TAF2;ELOC;RCC1;XPO1;MNAT1;CCNH;GTF2H4;VPS4A;SEC13;GTF2A2;NMT1;GTF2H2;POLR2H;CHMP5;NDC1;NUP54;ERCC3;NUP42;POLR2D;SUPT16H;CHMP7;GTF2A1;CHMP6;VPS37A;TAF15;NCBP2;TAF5;KPNA1;HMGA1;LRIG1;GTF2F1;VPS28;POLR2A;LOC124904439;FURIN;NUP210;GTF2E1;CTDP1	Reactome_2022
prerank	Positive Regulation Of Apoptotic Process (GO:0043065)	0.3253168986029435	0.9436996385242677	0.69	0.7927947362744041	1.0	96/265	31.90%	EPHA7;PAWR;BCL10;ANO6;SFRP2;SLIT2;BCL2;PMAIP1;SHQ1;SNCA;TPD52L1;HSPD1;STK17B;FOXO3;PIDD1;SIRT1;IRF5;TFAP2A;SCIN;ACVR1C;ARHGEF7;EMILIN1;CRADD;CTLA4;FRZB;TGFB2;DIABLO;JUN;JMY;PHLDA3;OMA1;NF1;TFAP2B;TNFRSF10C;EMILIN2;BMP4;RNF122;TP63;FAM162A;RIPK1;STK4;SRPK2;AIFM2;ARL6IP5;BARD1;MAP3K5;GADD45A;CCAR1;IAPP;PHLDA1;RASSF2;SAP18;CASP2;ERCC3;CASP8;SLC6A2;NRG1;GZMA;CLU;MAP3K20;TNFRSF10A;CSRNP3;NKX3-1;REST;SPHK2;HOXA5;FOXO1;PTGIS;TRADD;CALHM2;CTNNB1;APC;DDX20;AIFM1;BAD;CDK5R1;RBM5;BCL6;RHOB;CFLAR;DUSP6;DAPK1;OLFM1;PNMA3;BTG1;IGFBP3;BNIP3;CTSH;ECT2;BMP2;FAS;TNFSF10;UBD;IL6;ING4;CLIP3	GO_Biological_Process_2023
prerank	Regulation Of Cellular Component Organization (GO:0051128)	0.3297807897969473	0.9425548171604493	0.6582914572864321	0.793296285909061	1.0	48/150	26.77%	RIT2;SNCAIP;HJURP;CAMK2D;NRG3;SEMA4D;MLLT3;SETD5;ERMN;PICALM;EBAG9;ZFYVE16;CD36;METTL4;BBS10;RAP1B;RAB33B;JADE2;PRDM5;CTTNBP2;JADE1;PLCE1;KIF14;HIP1;SOCS2;PTPN11;RASGRP2;RAPGEF2;ATF5;CAMSAP3;ANKRA2;TSC2;STON2;SLC6A2;NRG1;PAPPA2;AGTR1;EGLN2;TJP1;ALKBH4;SGK3;PTPN1;INSM1;HSPA8;MUC12;SPHK1;IL17RB;ROCK1	GO_Biological_Process_2023
prerank	mRNA Splicing R-HSA-72172	0.34963741469646326	1.0081861605952884	0.478	0.7941862130093207	1.0	64/185	31.43%	PRPF40A;LSM8;HNRNPA3;ELAVL1;SLU7;WBP4;FIP1L1;CRNKL1;PLRG1;HNRNPA2B1;ELAVL2;SF3B1;NUDT21;GCFC2;USP39;DDX5;DDX23;PPIL6;SUGP1;PRPF38A;SNRPG;HNRNPK;PPIL3;SF3B6;HNRNPD;DHX9;EIF4A3;SNRNP27;PRPF3;CPSF2;POLR2H;SNRPN;PRPF4;CDC5L;CSTF2T;CCAR1;LSM5;RNPC3;RBM22;SRSF6;POLR2D;SNRPA1;ZCRB1;CWC27;SF1;PCBP2;HSPA8;SMNDC1;SRSF5;NCBP2;PCF11;RBM5;DHX16;CPSF7;SNRPB2;GTF2F1;CHERP;SNRPF;SYMPK;SRSF7;SRSF11;PRPF19;COLEC12;POLR2A	Reactome_2022
prerank	Regulation Of Cell Cycle (GO:0051726)	0.3269452006184626	0.9439741041789576	0.713	0.7951568562938881	1.0	83/285	27.19%	INO80D;PKD2;THAP5;CDK6;ANAPC4;TP53INP1;BRINP3;PTPRC;MECOM;MDM2;NEK7;UCHL5;LIN9;CITED2;HMGA2;THAP1;NEK9;EPC1;CYLD;ACTL6A;SIRT1;INO80;BMP7;CDC123;HOXC9;CTBP1;JADE2;TSC1;KAT14;ZZZ3;RARA;BRINP1;POU4F1;JADE1;TGFB2;IFNW1;TRRAP;ING3;YEATS4;SMIM22;JUN;YEATS2;GMNN;SDCBP;TRIM32;RPRM;BRINP2;CDK5RAP3;BMP4;CDKN2A;ADARB1;TARDBP;PTK6;KAT5;SRPK2;BARD1;FBXO5;GADD45A;HSP90AB1;TSC2;JUNB;NBN;INO80B;ANAPC16;PCLAF;CKS2;MBIP;FGFR2;UHRF2;INSM2;METTL3;TRIM21;GATA3;WDR12;DR1;INSM1;STAT3;HOXD10;CDK10;AFAP1L2;CDC16;PROX1;RHOB	GO_Biological_Process_2023
prerank	Negative Regulation Of Response To External Stimulus (GO:0032102)	0.3328877414425837	0.9456778273404957	0.6399197592778335	0.7962498376884495	1.0	49/145	29.76%	CTNNA2;FGF2;CD109;SLC39A8;FFAR4;EPHA4;CYLD;GHSR;PTEN;DRD2;MACIR;PPM1B;CEP63;AKT1;RORA;GRID2;CCN3;YWHAZ;LRFN5;ATG12;ISL1;REG3A;GHRL;AHR;PROC;PPARA;PPARG;NR1H4;TNFAIP3;TRIM45;CGAS;IFI16;TNFAIP6;PTGIS;TRIM21;GATA3;STAT3;PCBP2;TRIB1;CARD16;OTULIN;IL4;MAPKBP1;DTX4;C1QTNF3;FEM1A;MAPK7;NLRC3;FNDC4	GO_Biological_Process_2023
prerank	Regulation Of Programmed Cell Death (GO:0043067)	0.33212250142550875	0.9444415947194239	0.6633266533066132	0.7969118506943352	1.0	34/176	17.11%	ASAH1;OLFM4;FBXO11;MECOM;ZDHHC17;LRRK2;CRYAB;EPC1;ACTL6A;SIRT1;FYN;TPT1;POU4F2;AKT1;STAT1;RTN4;POU4F1;TRRAP;ING3;YEATS4;HIP1;NTRK1;OMA1;MALT1;BMP4;NTF3;TARDBP;RIPK1;PRKN;TOX3;FLT3;KAT5;USP17L1;TOMM70	GO_Biological_Process_2023
prerank	Double-Strand Break Repair (GO:0006302)	0.3257478255617939	0.9336059765411067	0.6920762286860582	0.8138914304359688	1.0	59/167	32.35%	HMGB2;XRCC4;ERCC5;XRCC5;PSMD14;LIG3;GEN1;EPC1;UBE2N;INO80;MRE11;HPF1;REV3L;POLQ;NUCKS1;RECQL;FBH1;RNF138;POLB;SPIDR;NPC1;SLX4;ZGRF1;MMS22L;DCLRE1C;NABP1;DNA2;RAD50;KAT5;RBBP8;RAD52;WDR48;UBE2V2;NBN;ZFYVE26;MCM9;RAD51B;PPP5C;NSD2;TDP1;PAXX;SMC6;CIB1;MRPL36;RNF169;RNF168;RECQL5;HELQ;RAD21;AUNIP;RMI1;MEIOB;DDX1;PRPF19;CYREN;AP5Z1;MUS81;SAMHD1;HMGB1	GO_Biological_Process_2023
prerank	Regulation Of Nucleic Acid-Templated Transcription (GO:1903506)	0.31880141036214676	0.9345280507804442	0.758	0.814498504125361	1.0	118/442	25.29%	ATF2;MIER1;ZBTB11;YAF2;WWC1;SMARCA5;SOX21;SLC39A8;TAF5L;MEF2C;SOX2;ESR2;NCOA2;HMGA2;THAP1;NFYC;ZNF219;ELAVL2;ESRRG;WWC2;ZNF516;ACTL6A;NAB1;GCFC2;WT1;GPBP1;TFEB;FOXC1;MSC;BRPF3;OGG1;IGF2;MYB;ZNF35;BAZ1A;MLXIPL;JADE2;RORA;PRMT5;BNC2;KAT14;ZBTB38;ZSCAN21;ZZZ3;ZNF90;KAT6B;NAB2;NR2C2;RHOH;JADE1;ZNF648;TRRAP;ING3;ZNF273;YEATS4;MED23;TEAD2;WWTR1;YEATS2;BAZ2A;ATF7;BMAL2;APBB2;ATF7IP;CLOCK;NFXL1;HNRNPD;RPL6;TCFL5;USP13;SAP30;RNF14;KAT6A;TCF7L1;SSBP2;PRDM8;ATF5;MLF2;NR1D2;ZNF488;ACVRL1;EZH2;AHR;DMTF1;FOXN2;JMJD1C;PPARGC1B;PPARGC1A;MITF;WTIP;ZNF205;PHF19;IRF2;ASCC1;NOTCH1;CHD3;ZNF431;HP1BP3;FZD7;MBIP;NKX3-1;NFIA;REST;PML;NR1I2;ZNF281;ZFAT;NKX2-1;NSD2;ESRRB;SCRT2;NR5A2;NR3C1;HINT1;DR1;ZNF664;PTF1A;STAT3	GO_Biological_Process_2023
prerank	tRNA Processing R-HSA-72306	0.3593485725957395	1.0023006607149283	0.5166163141993958	0.8197108398785029	1.0	52/103	42.24%	TPR;TRMT10C;XPOT;ADAT2;RPP38;METTL1;TRMT13;SEC13;TSEN15;TYW5;TRMT10A;TSEN34;TRDMT1;ALKBH8;CDKAL1;RPP25;NDC1;TRMT5;NUP54;NUP42;TRMT61A;QTRT2;THADA;TRMU;WDR4;PUS1;TRMT11;RPP21;THG1L;DDX1;COLEC12;ELAC2;NUP210;CPSF1;NUP93;NSUN6;TRNT1;TRMT12;NLRP2B;TYW1;NUP155;RPP14;NUP62;GTPBP3;NUP35;CTU2;PYDC1;TSEN54;TP53RK;RPP40;NUP43;NUP160	Reactome_2022
prerank	Negative Regulation Of Signal Transduction (GO:0009968)	0.32026834420397415	0.9260622812128002	0.746	0.8313191060919234	1.0	80/265	27.63%	FGF2;SPRY1;TLR6;PIP4K2A;BDNF;SFRP2;SULF1;LEPROT;CD47;PTPRC;BCL2;FBXW7;SNCA;CXXC4;WWP2;HEY1;DRD2;IL12A;LGR4;OTUD4;SPRY2;HHIP;DCN;TRABD2A;AKT1;EMILIN1;TWIST1;FRZB;HERC4;GLI3;DACT1;APCDD1;GRB10;IL1B;PALM3;MMP14;ENPP1;CRHBP;GRB14;IRS1;SHISA2;BPIFB1;DKK3;TLE1;SEMA6A;EZH2;PTPN12;RPS6KB1;TSC2;NKD2;PPARG;CYP26C1;TNFAIP3;CSNK2A2;CYP26A1;PTCH1;NRG1;SORD;CXCL8;NKX3-1;YTHDF2;BEND6;RAB7B;PRKCZ;INPP5K;LRP1;METTL3;GATA3;MGRN1;PTPN1;LYN;TRIB1;CER1;NIBAN2;CILP;TSKU;CARD16;ZBTB7A;RGS14;ACVR1	GO_Biological_Process_2023
prerank	Late Phase Of HIV Life Cycle R-HSA-162599	0.3396317990149532	0.9670227488621317	0.5725725725725725	0.8331776554320457	1.0	61/136	40.13%	CHMP2B;RNGTT;CHMP4C;NEDD4L;VTA1;TPR;VPS4B;SGIP1;TAF2;ELOC;RCC1;XPO1;MNAT1;CCNH;GTF2H4;VPS4A;SEC13;GTF2A2;NMT1;GTF2H2;POLR2H;CHMP5;NDC1;NUP54;ERCC3;NUP42;POLR2D;SUPT16H;CHMP7;GTF2A1;CHMP6;VPS37A;TAF15;NCBP2;TAF5;GTF2F1;VPS28;POLR2A;LOC124904439;FURIN;NUP210;GTF2E1;CTDP1;NUP93;ELOA;PPIA;VPS37B;ELOB;GTF2E2;ELOA2;MVB12A;TAF3;NCBP1;NUP155;NUP62;TAF1L;UBC;NUP35;VPS37D;POLR2F;CHMP4B	Reactome_2022
prerank	Signaling By Interleukins R-HSA-449147	0.33159352147712584	0.9680233111167726	0.645	0.8341931126066743	1.0	106/448	22.35%	NKIRAS1;PTPRZ1;PKN2;NFKBIA;NOD1;IL1RL2;PIK3CA;BCL2;MEF2C;SOS2;SOX2;YES1;MEF2A;MTAP;CREB1;PSMA6;IL12RB2;OSMR;S1PR1;PSMD14;SDC1;CD86;PTGS2;GDNF;PSME4;PSMD12;HNRNPA2B1;UBE2N;F13A1;FOXO3;SOS1;FN1;FYN;PSMD4;JAK1;IL12A;CD36;STAT4;PSMD5;SNAP25;IL20RA;RAP1B;RIPK2;AKT1;STAT1;OPRM1;MAP2K3;RORA;USP14;PTPN14;TAB2;TWIST1;YWHAZ;IRAK4;RAG1;JUN;IL7;PELI2;TEC;PTPN13;KCNH8;SOCS2;PTPN5;IL1B;IL1R1;IL22RA2;APP;PTPN11;PSMB11;IL18R1;TANK;IRF4;IL2RG;CSF2;IRS1;TOX4;IL5;IKBKB;CRKL;STAT5A;CXCL1;MAPK10;IL17F;LIFR;POU2F1;CCL4;PSMA2;IFNG;PTPN12;ITGAX;DUSP4;GAB2;STX3;IL1RN;CASP8;IL1R2;TOLLIP;SNRPA1;FOS;OPRD1;IRAK2;MMP2;HNRNPDL;JAK2;PSMC1;CXCL8	Reactome_2022
prerank	Vesicle-mediated Transport R-HSA-5653656	0.3397931780216122	0.998446931281786	0.532	0.8342454618853804	1.0	225/627	32.40%	AP3B1;CHMP2B;SYT1;MAN2A2;CHMP4C;CAPZA2;RAB5A;CD55;DENND4C;VTA1;TBC1D4;RAB39A;SEC24B;DYNC1I1;ANK2;TRAPPC8;SEC24D;ARF6;SH3D19;TBC1D1;VPS4B;AREG;LMAN1;BET1;TPD52L1;VPS54;DYNC1LI1;DCTN1;SGIP1;ALS2;STAM;FNBP1L;USO1;DENND1B;AP3S1;NBAS;SH3KBP1;SAR1B;SPTBN1;AMPH;SH3GL2;DENND5B;KDELR2;CTSC;SYT9;GOLIM4;MAN1A1;PICALM;COPS2;CYTH3;RAB10;CD36;SCARB2;KIF13B;ANK3;SNAP91;PLA2G4A;SYT2;RAB27B;C2CD5;STX6;COPB2;VPS36;ANK1;AKT1;CLVS1;RAB33B;CFTR;TSC1;PRKAG2;EXOC1;CUX1;YWHAZ;CAPZA3;SEC22A;GOSR2;YWHAG;SCOC;COG3;VPS4A;SEC13;EPS15L1;HIP1;NEDD8;RAB21;GJA5;COL1A1;APP;TRAPPC12;HSPH1;RAB27A;BLOC1S1;STAM2;CENPE;COG7;MSR1;TMF1;RAB6A;YWHAQ;CSNK1D;RAB6B;DENND2A;KIF2A;MYO5A;KIF16B;ARRB2;TBC1D20;DNAJC6;RAB9B;RHOBTB3;DYNC1I2;RALGAPA2;CHMP5;SNX9;SEC16A;CD59;ARF3;TSC2;RAB32;MAN2A1;DCTN6;STON2;EXOC3;GAPVD1;SEC22C;TFG;ALB;PTGES2;HBEGF;SNF8;DCTN4;COPS6;LNPEP;SBF2;GOLGB1;KIF3A;AGTR1;TMED7;HOMER2;COG8;TJP1;ADRB2;GJB3;TGFA;EXOC2;RAB7B;COPB1;PRKAG3;TPD52;CHMP7;COL4A2;TOR1B;RAB12;MAN1A2;DENND2D;AP4E1;RABGEF1;GALNT2;RAB11A;WASL;DCTN2;ACTR3;HSPA8;PAFAH1B2;CHMP6;VPS37A;ARFIP2;NECAP1;PAFAH1B1;ITSN2;ACBD3;KIF21A;GDI2;ARPC2;FZD4;LDLRAP1;DENND2C;EREG;TOR1A;STX5;RAB18;MYO6;DYNC1H1;GCC1;GOLGA1;DENND4B;SCFD1;APOL1;RINT1;RINL;ARPC3;RHOQ;CLVS2;DENND2B;RNASE1;AP4M1;CAPZA1;SLC18A3;RAB39B;AKT3;GCC2;MAP1LC3B;SEC16B;COL3A1;LRP2;GALNT1;COPA;VPS28;RAB3GAP2;TRAPPC13;RIN2;AP4S1;COLEC12;KIF5A;PRKAB2;MCFD2;GGA3;EXOC4;CBL;GOLGA4;AP1S3;GRIA1;PRKAA2;SORT1;KIF12	Reactome_2022
prerank	L13a-mediated Translational Silencing Of Ceruloplasmin Expression R-HSA-156827	0.34984855427414163	0.9813529316350451	0.5667001003009027	0.8353069217077134	1.0	22/107	25.11%	RPL15;RPL22L1;RPL39L;MRPL13;RPL30;RPS8;RPL10L;RPS21;RPL9;EIF3H;RPS13;RPL6;RPL36AL;RPL34;RPL19;RPL7;RPL4;PABPC1;RPS19;RPL29;RPL11;RPS12	Reactome_2022
prerank	Regulation Of IGF Transport And Uptake By IGFBPs R-HSA-381426	0.35266155379293396	0.9955026748834226	0.5115346038114343	0.8368559915831305	1.0	30/121	21.60%	PPP3CA;KTN1;CDH2;PRSS23;RCN1;FN1;SERPINA10;TNNI3;IGF2;FGA;QSOX1;IGFBP4;ENAM;APP;NUCB1;CKAP4;DNAJC3;BMP4;FSTL1;APLP2;GAS6;DMTF1;PROC;EVA1A;MFGE8;ALB;CHGB;PAPPA2;CP;MMP2	Reactome_2022
prerank	HIV Infection R-HSA-162906	0.33410493374400996	0.9684471676503668	0.6	0.837699448237061	1.0	43/228	20.94%	CHMP2B;PKN2;RNGTT;CHMP4C;XRCC4;NEDD4L;VTA1;TPR;VPS4B;PSMA6;XRCC5;SGIP1;PSMD14;CXCR4;PSME4;PSMD12;TAF2;FYN;PSMD4;ELOC;PSMD5;RCC1;ATP6V1H;XPO1;MNAT1;CCNH;GTF2H4;VPS4A;SEC13;PSMB11;PACS1;GTF2A2;NMT1;GTF2H2;POLR2H;CHMP5;NDC1;PSMA2;NUP54;ERCC3;NUP42;CD8B;POLR2D	Reactome_2022
prerank	M Phase R-HSA-68886	0.33563663790166076	0.9793922551130797	0.598	0.8386774932151164	1.0	88/373	24.23%	MZT1;NIPBL;CHMP2B;CHMP4C;VRK2;PLK4;NCAPG;AHCTF1;DYNC1I1;ANAPC4;TPR;UBE2D1;GORASP2;NEK7;PSMA6;DYNC1LI1;DCTN1;PSMD14;USO1;NEK9;LPIN2;PSME4;PSMD12;PDS5A;PPP2R5E;CENPN;TUBB4A;PSMD4;H2AZ1;NDC80;PSMD5;RCC1;CEP63;SGO1;ITGB3BP;XPO1;RAB33B;ARPP19;TUBA3C;AKAP9;CENPU;YWHAG;SPAST;VPS4A;CENPJ;PTTG1;SEC13;PPP2R5C;LPIN1;NEDD1;PSMB11;SMC3;CENPE;HAUS6;CEP135;CSNK1D;SGO2;PCM1;KIF2A;MAU2;TUBB8;TUBB2A;FBXO5;SMC1A;DYNC1I2;CENPF;NDC1;PSMA2;NUP54;CSNK2A2;NUP42;ANAPC16;HDAC8;TUBGCP3;UBE2E1;MAD2L1;MZT2A;ZWINT;PSMC1;CEP164;NCAPD3;NDEL1;PCNT;CHMP7;LMNA;CC2D1B;CENPH;CDK1	Reactome_2022
prerank	G1/S Transition R-HSA-69206	0.34435755452474603	0.9816655373473465	0.5551102204408818	0.8396296003386576	1.0	39/129	30.01%	PSMA6;LIN9;PSMD14;PRIM2;ORC4;PSMD12;PSMD4;PSMD5;AKT1;MCM3;TFDP2;MNAT1;CCNH;GMNN;DHFR;ORC6;RRM2;PTK6;FBXO5;SKP2;CCNA2;MCM6;DBF4;PSMA2;POLE2;TFDP1;ORC3;PSMC1;CDK1;E2F6;ORC5;CCNA1;CDC7;PSMD6;CKS1B;MCM7;PSMC4;AKT3;CDKN1B	Reactome_2022
prerank	Phase II - Conjugation Of Compounds R-HSA-156580	0.35483131230726644	0.9959354606890598	0.5441767068273092	0.8409517310394379	1.0	24/103	23.18%	UGT2B7;UGT2B11;UGT2B4;TPMT;UGT3A1;UGT1A6;UGT2A2;UGDH;MTRR;CNDP2;GSTM5;MGST3;SLC35D1;PAPSS1;ACSM4;COMT;UGP2;MTR;GLYATL3;GSTO2;GSTA3;TPST1;GSTM3;PAPSS2	Reactome_2022
prerank	Immune System R-HSA-168256	0.325844881875109	0.9689180768175886	0.763	0.8410606569867614	1.0	469/1896	25.39%	NKIRAS1;CBLB;ATP8A1;UBA6;GCA;EEA1;PTPRZ1;ASAH1;PKN2;FBXL4;BCL10;OLFM4;NFKBIA;KBTBD8;NOD1;IQGAP2;TLR6;CAPZA2;CD53;HPSE;CD55;GYG1;IL1RL2;NEDD4L;ANO6;COMMD3;CR2;CAND1;MYO10;SEC24B;DYNC1I1;ANAPC4;KLHL5;CPNE3;CD47;PIK3CA;FBXO11;TRPC1;PTPRC;SEC24D;TNFRSF11A;BCL2;PLAC8;RAP2B;CAMK2D;RAET1E;MEF2C;SOS2;TPR;TXK;QPCT;SOX2;NCKAP1;SH3RF1;CDK13;RO60;UBE2D1;PTPRB;LMO7;ASB5;HERC6;AGA;YES1;MEF2A;MTAP;FBXW7;CREB1;RICTOR;PTX3;PPP3CA;PSMA6;XRCC5;DYNC1LI1;UBE2W;VAV3;DCTN1;SGIP1;TNFRSF11B;IL12RB2;OSMR;S1PR1;CASP4;UBA3;PRKG1;FBXL5;PSMD14;SERPINB12;STIM1;UBE2D2;SDC1;DZIP3;CD86;ITGAV;RNF7;PTGS2;CALML5;GDNF;SH3KBP1;HACE1;SOCS6;SAR1B;POLR1D;IFIT5;RNF217;PSME4;PSMD12;HNRNPA2B1;SH3GL2;CYLD;TRIM2;DIAPH1;CYSTM1;ORAI2;HEBP2;FCGR2B;CTSC;DHX36;UBE2N;F13A1;FOXO3;PPP2R5E;VNN1;CFHR1;PTEN;SOS1;PIK3C3;CTSO;EIF4E2;FN1;ISG20;FYN;PSMD4;JAK1;IFNGR1;MRE11;IRF5;IFNA8;IL12A;RAB10;PLAU;LAMTOR3;ATP6V1C1;FOLR3;ELOC;CD36;TRIM62;AHCYL1;PPM1B;EIF4E3;HERC5;STAT4;ABI2;UBE2D3;POLR3G;PSMD5;SNAP25;RCHY1;IL20RA;SCAMP1;RAP1B;LRRC7;CD8A;RIPK2;UBE2E3;ATP6V1H;FGA;AKT1;STAT1;CD33;LTN1;ARHGEF7;EIF2AK2;ITPR2;OPRM1;FBXL19;MAP2K3;TRIM36;S100P;RORA;ACP3;PRKACB;CTLA4;USP14;PTPN14;QSOX1;TAB2;CFHR5;FYB1;WWP1;FBXL3;OSBPL1A;EEF1A1;DOK3;RNF138;TWIST1;TNFSF11;HERC4;CD44;YWHAZ;PLD2;IRAK4;GPR75-ASB3;RNF19A;FBXO32;ASB10;FBXL7;SERPINB6;SIGLEC6;CAPZA3;ITGA4;PA2G4;NHLRC3;RAG1;POTEF;JUN;IL7;PELI2;UBE2E2;KPNA5;RNF220;TEC;CD226;SEC13;PPP2R5C;UNKL;UBA5;PTPN13;KLHL42;KCNH8;SDCBP;SUGT1;SOCS2;STOM;TRIM32;FBXO30;GRB10;AGL;PTPN5;IL1B;SEC61A1;ATG12;IL1R1;STUB1;RHOF;COLEC10;IL22RA2;BCL11B;APP;PTPN11;PSMB11;RASGRP2;CKAP4;FRK;IL18R1;FBXO4;TANK;IRF4;TRAF3;DHX9;RAB27A;DNAJC3;EIF4A3;RCAN1;LONRF1;ARSB;MALT1;DAPP1;CENPE;UBE2J1;HECTD1;CD58;FBXW8;CSH1;CFHR2;IL2RG;UBE3D;HERC3;STING1;RAB6A;CSF2;PIKFYVE;RNF14;CHAMP1;IRS1;TOX4;NCAM1;IL5;CMTM6;PGM1;PTPN22;RIPK1;PRKN;KIF2A;BPIFB1;IKBKB;FLT3;HLA-DMB;CRKL;REG3A;HSPA6;ASB17;ADGRE5;STAT5A;LPCAT1;WASF3;NCF4;CXCL1;MKRN1;MAPK10;POLR2H;MYO5A;CD1D;IL17F;MIB2;AIFM2;LIFR;POU2F1;ATOX1;RAB37;TOMM70;TLR2;CAMK2G;RNF144B;TRIM56;IRAG2;CCL4;OTUD5;RAB9B;ATP6V0A1;DYNC1I2;SKP2;GSDME;ENAH;NDC1;PSMA2;STK10;MAP3K1;MANBA;CXCR2;CD59;CYFIP2;UBE2K;IFNG;SEC61G;PTPN12;NUP54;ITGAX;HSP90AB1;RNF111;DUSP4;ARHGAP45;CDC34;GAB2;ATP6V1E1;CASP2;HECW2;MUC20;PRL;UBE2V2;STX3;IL1RN;DCTN6;TNFAIP3;CASP8;RAPGEF3;CD93;IRF8;KCMF1;PDPK1;TRIM14;CD300C;LY86;WIPF3;NUP42;CAP1;SLCO4C1;TXN2;PIANP;RNF25;AKR1C1;TRIM45;CD8B;TRIM38;IRF2;IL1R2;CPNE2;TOLLIP;MRC1;SNRPA1;FOS;OPRD1;PTGES2;IFIH1;CLU;IRAK2;DCTN4;TCIRG1;LNPEP;PRSS3;CGAS;MMP2;CXCR1;KIF3A;HNRNPDL;UBE2E1;ATP6V1A;IFI16;BTN3A1;TMED7-TICAM2;BTN2A2;JAK2;IFIT3;PDZD2;PSMC1;CXCL8;OAS2;ZAP70;MUC17;FAF2;GUSB;RNF216;GOLGA7;PML;BTBD1;IL31RA;CD180;ICOS;CAMK2B;COPB1;PLPP4;PANX1;IL20;ACTG1;TIFA;CNTFR;FOXO1;TNFAIP6;HEXB;TRIM10;GAN;BST1;PRICKLE1;TRIM21;GATA3;PDXK;PRR5;MGRN1;DEFB136;RORC;PTPN1;CTNNB1;PRCP;MYLIP;TREML2;IFNA21;MYD88;TRIM4;ASB15;LYN;WASL;HMOX2;PADI2;DCTN2;ACTR3;TRAF6;STAT3;PCBP2;MGST1;CXCL2	Reactome_2022
prerank	Selenoamino Acid Metabolism R-HSA-2408522	0.3558680065776946	0.9934920601218132	0.5175175175175175	0.8412505568586517	1.0	26/112	26.02%	RPL15;RPL22L1;RPL39L;MRPL13;RPL30;RPS8;RPL10L;RPS21;PAPSS1;RPL9;RPS13;RPL6;RARS1;RPL36AL;RPL34;RPL19;RPL7;RPL4;RPS19;RPL29;PAPSS2;RPL11;AIMP1;INMT;RPS12;SARS1	Reactome_2022
prerank	Innate Immune System R-HSA-168249	0.3343616532704761	0.9918618893936827	0.572	0.8436061081324701	1.0	251/1008	25.87%	NKIRAS1;ATP8A1;GCA;EEA1;ASAH1;PKN2;BCL10;OLFM4;NFKBIA;NOD1;IQGAP2;TLR6;CAPZA2;CD53;HPSE;CD55;GYG1;ANO6;COMMD3;CR2;CAND1;MYO10;CPNE3;CD47;PIK3CA;PTPRC;BCL2;PLAC8;RAP2B;MEF2C;TXK;QPCT;NCKAP1;CDK13;RO60;UBE2D1;PTPRB;AGA;YES1;MEF2A;CREB1;PTX3;PPP3CA;PSMA6;XRCC5;DYNC1LI1;VAV3;CASP4;UBA3;PSMD14;SERPINB12;UBE2D2;ITGAV;CALML5;GDNF;POLR1D;PSME4;PSMD12;CYLD;DIAPH1;CYSTM1;HEBP2;CTSC;DHX36;UBE2N;VNN1;CFHR1;SOS1;PIK3C3;FYN;PSMD4;MRE11;IFNA8;RAB10;PLAU;LAMTOR3;ATP6V1C1;FOLR3;CD36;AHCYL1;HERC5;ABI2;UBE2D3;POLR3G;PSMD5;SNAP25;SCAMP1;RAP1B;LRRC7;RIPK2;ATP6V1H;FGA;CD33;ARHGEF7;ITPR2;MAP2K3;S100P;ACP3;PRKACB;USP14;QSOX1;TAB2;CFHR5;EEF1A1;DOK3;CD44;PLD2;IRAK4;SERPINB6;PA2G4;NHLRC3;POTEF;JUN;PELI2;TEC;KCNH8;SDCBP;SUGT1;STOM;TRIM32;AGL;IL1B;ATG12;RHOF;COLEC10;APP;PTPN11;PSMB11;RASGRP2;CKAP4;FRK;TANK;TRAF3;DHX9;RAB27A;DNAJC3;RCAN1;ARSB;MALT1;CD58;CFHR2;STING1;RAB6A;PIKFYVE;CHAMP1;CMTM6;PGM1;RIPK1;BPIFB1;IKBKB;REG3A;HSPA6;ADGRE5;LPCAT1;WASF3;NCF4;CXCL1;MAPK10;POLR2H;MYO5A;AIFM2;ATOX1;RAB37;TOMM70;TLR2;TRIM56;IRAG2;OTUD5;RAB9B;ATP6V0A1;GSDME;PSMA2;STK10;MAP3K1;MANBA;CXCR2;CD59;CYFIP2;UBE2K;ITGAX;HSP90AB1;DUSP4;ARHGAP45;CDC34;GAB2;ATP6V1E1;CASP2;MUC20;TNFAIP3;CASP8;CD93;KCMF1;PDPK1;LY86;WIPF3;CAP1;SLCO4C1;TXN2;AKR1C1;CPNE2;TOLLIP;FOS;PTGES2;IFIH1;CLU;IRAK2;TCIRG1;PRSS3;CGAS;CXCR1;ATP6V1A;IFI16;TMED7-TICAM2;PDZD2;PSMC1;MUC17;FAF2;GUSB;RNF216;GOLGA7;CD180;COPB1;PLPP4;PANX1;ACTG1;TIFA;TNFAIP6;HEXB;BST1;TRIM21;PDXK;DEFB136;CTNNB1;PRCP;IFNA21;MYD88;TRIM4;LYN;WASL;HMOX2;PADI2;ACTR3;TRAF6;PCBP2;MGST1;HSPA8;CPB2;IDH1;PAFAH1B2;MUC12;IST1	Reactome_2022
prerank	Organelle Biogenesis And Maintenance R-HSA-1852241	0.3391472253791005	0.9820336840858885	0.586	0.8437459304846343	1.0	76/268	25.77%	TBL1XR1;BBS7;TFB1M;BBS12;PLK4;DYNLT5;WDR19;DMAC2L;MEF2C;CREB1;DCTN1;DYNC2H1;NCOA2;LIN9;CCT5;GDNF;ARL6;TUBB4A;ARL13B;BBS10;DYNLRB2;DYNC2I1;SIRT5;CEP63;HDAC3;CAMK4;PRKAG2;SCLT1;EXOC1;MTX2;AKAP9;ALAS1;YWHAG;CHD9;CENPJ;IFT74;NEDD1;ATP5MG;ATP5F1C;HAUS6;CEP135;CSNK1D;CYS1;PCM1;IFT140;CYCS;DYNC1I2;CC2D2A;SMOX;IFT27;ATP5PF;IDH2;PPARGC1B;PPARA;PPARGC1A;EXOC3;TWNK;NCOR1;PTGES2;KIF3A;CEP164;MKKS;EXOC2;NUDT19;PRKAG3;PCNT;CDK1;IFT46;GABPA;RAB11A;KIF24;PDE6D;DCTN2;CRTC3;IFT172;IFT57	Reactome_2022
prerank	GTP Hydrolysis And Joining Of 60S Ribosomal Subunit R-HSA-72706	0.347132069233694	0.9758621758242887	0.5675675675675675	0.8438504493917138	1.0	21/108	24.00%	RPL15;RPL22L1;RPL39L;MRPL13;RPL30;RPS8;RPL10L;RPS21;RPL9;EIF3H;RPS13;RPL6;EIF5B;RPL36AL;RPL34;RPL19;RPL7;RPL4;RPS19;RPL29;RPL11	Reactome_2022
prerank	RNA Polymerase II Transcription R-HSA-73857	0.3285834974835884	0.9770818817750039	0.667	0.8440892966523446	1.0	380/1294	28.67%	TBL1XR1;YAF2;CAV1;CBX3;CCN2;ZNF804B;CNOT2;RNGTT;KCTD1;PRMT6;HNF4G;PGR;NEDD4L;PIP4K2A;COMMD3-BMI1;CDK6;THRB;GRIN2A;RBPJ;ELL2;ANAPC4;SLU7;TP53INP1;CAMK2D;MED4;PMAIP1;MEF2C;PRDM1;SOX2;CDK13;FIP1L1;ZNF704;UBE2D1;AREG;ESR2;PITX2;YES1;MDM2;MLLT3;FBXW7;CREB1;ZNF521;SNAPC3;RICTOR;PSMA6;ZNF860;ELF2;ZNF655;PSMD14;CITED2;SMAD4;HSPD1;ITGBL1;GDNF;NFYC;SMYD2;DYRK2;THOC7;PCGF5;INTS12;PSME4;PSMD12;EPC1;ESRRG;KDM5B;HEY1;INTS6;CDC25C;ACTL6A;TRPC3;ZNF791;PLK2;ZNF606;MMP13;PHAX;FOXO3;ZNF320;TAF2;ICE1;PTEN;GRIN2B;PRKAA1;PIDD1;SIRT1;PSMD4;MRE11;NUDT21;CNOT7;BCL2L14;LAMTOR3;ELOC;H2AZ1;ZNF77;TFAP2A;CRH;RARB;UBE2D3;PSMD5;POU4F2;ITGA5;ZNF587;BRPF3;INTS9;MSX2;HDAC3;COX18;CAMK4;HEY2;MYB;SOCS4;AKT1;STAT1;E2F7;HDAC2;OPRM1;CRADD;SNAPC4;NKX3-2;RORA;PRMT5;TSC1;CTLA4;PRKAG2;WWP1;TFDP2;DEK;ZNF343;RARA;POU4F1;NKX2-5;TWIST1;NR2C2;YWHAZ;FBXO32;GLI3;ING3;ITGA4;MNAT1;PAX5;ZNF273;CCNH;LDB2;ZNF490;YEATS4;MED23;LAMTOR5;PPP1R13L;GRIA2;GTF2H4;TEAD2;WWTR1;RBBP5;YWHAG;TGIF1;JUN;CENPJ;SNRPG;JMY;PPP2R5C;ZNF599;RRAGA;ZNF710;COL1A1;STUB1;EHMT2;PRELID3A;RRAGD;PTPN11;PSMB11;SUZ12;ZNF248;NABP1;DNA2;RHEB;ZNF717;TFAP2B;EIF4A3;TNFRSF10C;ZNF775;SATB2;GPAM;MTA2;GTF2A2;CDKN2A;TP63;ZNF621;RAD50;CSF2;YWHAQ;ZNF701;NCOR2;KAT6A;TCF12;LMO2;COX7C;RRM2;PMS2;TCF7L1;INTS11;GTF2H2;KAT5;CPSF2;POLR2H;AIFM2;LIFR;ZNF641;POU2F1;ZNF75D;ZNF692;ARID2;RUNX2;ZNF681;AFF4;NR1D2;BARD1;CAMK2G;HDAC9;CNOT6L;CYCS;CSTF2T;FANCC;GADD45A;SESN1;RBBP8;SKP2;CCNA2;MED7;PSMA2;EZH2;IFNG;BTG2;HDAC7;SNAPC1;PPARGC1B;RNF111;STEAP3;PPARA;TSC2;INTS1;ZNF771;ZNF441;THOC1;PPARG;PPARGC1A;CASP2;ZNF496;COX16;ERCC3;COX6C;ZNF433;NR1H4;SRSF6;SESN3;TFDP1;CSNK2A2;PDPK1;GAD2;IHH;ZNF205;TXN2;USP7;HIPK1;RRAGC;ARID3A;NCOR1;ZKSCAN1;POLR2D;FOS;MLLT1;NOP2;NOTCH1;MSH2;ANAPC16;ZFP1;RFC2;CHD3;HDAC8;TNFRSF10A;EED;ZNF431;INTS4;UBE2E1;POU2F2;FYTTD1;ZNF706;PDZD2;PSMC1;EHMT1;NRBF2;ZNF213;TJP1;THOC2;PVALB;ZNF333;PML;TGFA;NR1I2;SARNP;ZNF287;SUPT16H;CAMK2B;PRKAG3;YAP1;ZNF777;CCNG2;ESRRB;FOXO1;TRIM33;MED30;CCND2;PHC3;MOV10;CDK1;ZNF558;GATA3;NFE2;NR5A2;MED6;PRR5;NR3C1;SMAD1;RORC;NR1I3;ZNF799;PTPN1;CTNNB1;E2F6;ZNF664;PHC1;ERBB2;ZFP14;ZNF79;GTF2A1;DDB2;MYL9;ZNF785;NOTCH2;NDRG1;SRSF5;GAD1;ZNF17;ZNF101;ZNF75A;TAF15;CCNA1;ZNF3;NCBP2;CDK5R1;RRAD;ZNF529;PCF11;ZFP69;CDC16;BCL6;ZNF567;LEF1;CDC7;PSMD6;TFAP2D;SETD1B;ZNF583;CNOT10;TAF5;MAML3;GNPDA1;OPRK1;CPSF7;PCBP4;CNOT6;ZNF100;RUNX3;SST;RSPO3;BANP;ZNF790;ZNF746;NR4A2;CCNG1;ATAD2;RBBP7	Reactome_2022
prerank	Nonsense Mediated Decay (NMD) Enhanced By Exon Junction Complex (EJC) R-HSA-975957	0.34691260774934385	0.9693556623974258	0.5837512537612839	0.8445229996249654	1.0	23/110	22.82%	RPL15;RPL22L1;RPL39L;MRPL13;RPL30;UPF2;RPS8;RPL10L;RPS21;SMG7;RPL9;RPS13;RPL6;UPF3A;EIF4A3;RPL36AL;RPL34;RPL19;RPL7;RPL4;PABPC1;RPS19;RPL29	Reactome_2022
prerank	Mitotic Metaphase And Anaphase R-HSA-2555396	0.3422354681546155	0.9899829285335402	0.545	0.8470687965421858	1.0	68/228	29.02%	CHMP2B;CHMP4C;VRK2;AHCTF1;DYNC1I1;ANAPC4;UBE2D1;PSMA6;DYNC1LI1;PSMD14;PSME4;PSMD12;PDS5A;PPP2R5E;CENPN;TUBB4A;PSMD4;NDC80;PSMD5;RCC1;SGO1;ITGB3BP;XPO1;TUBA3C;CENPU;SPAST;VPS4A;PTTG1;SEC13;PPP2R5C;PSMB11;SMC3;CENPE;SGO2;KIF2A;TUBB8;TUBB2A;FBXO5;SMC1A;DYNC1I2;CENPF;NDC1;PSMA2;NUP54;ANAPC16;HDAC8;UBE2E1;MAD2L1;ZWINT;PSMC1;NDEL1;CHMP7;LMNA;CC2D1B;CENPH;CDK1;SKA1;CHMP6;IST1;PAFAH1B1;TUBB3;CDC16;PSMD6;WAPL;DYNC1H1;RAD21;PSMC4;TUBAL3	Reactome_2022
prerank	Protein Localization R-HSA-9609507	0.3398362190432969	0.9738149474323957	0.5745745745745746	0.8473392685060493	1.0	36/155	22.13%	PEX2;IDE;SYCP2;SLC25A13;UBE2D1;UBE2D2;HSPD1;CHCHD4;ABCD3;PEX13;UBE2D3;TIMM10B;CHCHD5;SERP1;AMACR;CMC2;PEX3;MTX2;ATAD1;ABCD2;GRPEL2;APP;HSD17B4;ACOX3;COX17;TOMM70;PITRM1;DHRS4;SEC61G;EHHADH;ACOT8;ACOX1;PEX7;PECR;ACOT4;GRPEL1	Reactome_2022
prerank	Generic Transcription Pathway R-HSA-212436	0.3232763904253004	0.9605199120428088	0.775	0.8486125920955266	1.0	342/1174	28.67%	TBL1XR1;YAF2;CAV1;CBX3;CCN2;ZNF804B;CNOT2;KCTD1;PRMT6;HNF4G;PGR;NEDD4L;PIP4K2A;COMMD3-BMI1;CDK6;THRB;GRIN2A;RBPJ;ANAPC4;TP53INP1;CAMK2D;MED4;PMAIP1;MEF2C;PRDM1;SOX2;CDK13;ZNF704;UBE2D1;AREG;ESR2;PITX2;YES1;MDM2;FBXW7;CREB1;ZNF521;RICTOR;PSMA6;ZNF860;ELF2;ZNF655;PSMD14;CITED2;SMAD4;HSPD1;ITGBL1;GDNF;NFYC;SMYD2;DYRK2;PCGF5;PSME4;PSMD12;EPC1;ESRRG;KDM5B;HEY1;CDC25C;ACTL6A;TRPC3;ZNF791;PLK2;ZNF606;MMP13;FOXO3;ZNF320;TAF2;PTEN;GRIN2B;PRKAA1;PIDD1;SIRT1;PSMD4;MRE11;CNOT7;BCL2L14;LAMTOR3;ELOC;H2AZ1;ZNF77;TFAP2A;CRH;RARB;UBE2D3;PSMD5;POU4F2;ITGA5;ZNF587;BRPF3;MSX2;HDAC3;COX18;CAMK4;HEY2;MYB;SOCS4;AKT1;STAT1;E2F7;HDAC2;OPRM1;CRADD;NKX3-2;RORA;PRMT5;TSC1;CTLA4;PRKAG2;WWP1;TFDP2;DEK;ZNF343;RARA;POU4F1;NKX2-5;TWIST1;NR2C2;YWHAZ;FBXO32;GLI3;ING3;ITGA4;MNAT1;PAX5;ZNF273;CCNH;LDB2;ZNF490;YEATS4;MED23;LAMTOR5;PPP1R13L;GRIA2;GTF2H4;TEAD2;WWTR1;RBBP5;YWHAG;TGIF1;JUN;CENPJ;JMY;PPP2R5C;ZNF599;RRAGA;ZNF710;COL1A1;STUB1;EHMT2;PRELID3A;RRAGD;PTPN11;PSMB11;SUZ12;ZNF248;DNA2;RHEB;ZNF717;TFAP2B;TNFRSF10C;ZNF775;SATB2;GPAM;MTA2;CDKN2A;TP63;ZNF621;RAD50;CSF2;YWHAQ;ZNF701;NCOR2;KAT6A;TCF12;LMO2;COX7C;RRM2;PMS2;TCF7L1;GTF2H2;KAT5;POLR2H;AIFM2;LIFR;ZNF641;ZNF75D;ZNF692;ARID2;RUNX2;ZNF681;NR1D2;BARD1;CAMK2G;HDAC9;CNOT6L;CYCS;FANCC;GADD45A;SESN1;RBBP8;SKP2;CCNA2;MED7;PSMA2;EZH2;IFNG;BTG2;HDAC7;PPARGC1B;RNF111;STEAP3;PPARA;TSC2;ZNF771;ZNF441;PPARG;PPARGC1A;CASP2;ZNF496;COX16;ERCC3;COX6C;ZNF433;NR1H4;SESN3;TFDP1;CSNK2A2;PDPK1;GAD2;IHH;ZNF205;TXN2;USP7;HIPK1;RRAGC;ARID3A;NCOR1;ZKSCAN1;POLR2D;FOS;NOP2;NOTCH1;MSH2;ANAPC16;ZFP1;RFC2;CHD3;HDAC8;TNFRSF10A;EED;ZNF431;UBE2E1;ZNF706;PDZD2;PSMC1;EHMT1;NRBF2;ZNF213;TJP1;PVALB;ZNF333;PML;TGFA;NR1I2;ZNF287;SUPT16H;CAMK2B;PRKAG3;YAP1;ZNF777;CCNG2;ESRRB;FOXO1;TRIM33;MED30;CCND2;PHC3;MOV10;CDK1;ZNF558;GATA3;NFE2;NR5A2;MED6;PRR5;NR3C1;SMAD1;RORC;NR1I3;ZNF799;PTPN1;CTNNB1;E2F6;ZNF664;PHC1;ERBB2;ZFP14;ZNF79;DDB2;MYL9;ZNF785;NOTCH2;NDRG1;GAD1;ZNF17;ZNF101;ZNF75A;TAF15;CCNA1;ZNF3;CDK5R1;RRAD;ZNF529;ZFP69;CDC16;BCL6;ZNF567;LEF1;CDC7;PSMD6;TFAP2D;SETD1B;ZNF583;CNOT10;TAF5;MAML3;GNPDA1;OPRK1;PCBP4;CNOT6;ZNF100;RUNX3;SST;RSPO3;BANP;ZNF790;ZNF746;NR4A2;CCNG1;ATAD2;RBBP7	Reactome_2022
prerank	Mitotic Anaphase R-HSA-68882	0.3397110272811085	0.9821904923512758	0.57	0.8488415061013682	1.0	67/227	29.02%	CHMP2B;CHMP4C;VRK2;AHCTF1;DYNC1I1;ANAPC4;UBE2D1;PSMA6;DYNC1LI1;PSMD14;PSME4;PSMD12;PDS5A;PPP2R5E;CENPN;TUBB4A;PSMD4;NDC80;PSMD5;RCC1;SGO1;ITGB3BP;XPO1;TUBA3C;CENPU;SPAST;VPS4A;PTTG1;SEC13;PPP2R5C;PSMB11;SMC3;CENPE;SGO2;KIF2A;TUBB8;TUBB2A;SMC1A;DYNC1I2;CENPF;NDC1;PSMA2;NUP54;ANAPC16;HDAC8;UBE2E1;MAD2L1;ZWINT;PSMC1;NDEL1;CHMP7;LMNA;CC2D1B;CENPH;CDK1;SKA1;CHMP6;IST1;PAFAH1B1;TUBB3;CDC16;PSMD6;WAPL;DYNC1H1;RAD21;PSMC4;TUBAL3	Reactome_2022
prerank	Metabolism Of Carbohydrates R-HSA-71387	0.33342845924287967	0.9695124602987667	0.593	0.8493227530364761	1.0	70/276	24.40%	B3GALT1;HPSE;GYG1;GNPDA2;TPR;SLC25A13;ST3GAL6;NDST3;SDC1;PGM2L1;ENO2;B3GAT2;B4GALT6;EXT1;FUT9;GPC6;FUT6;DCN;CHST9;PPP1R3C;MDH1;PRKACB;CHST3;HS3ST1;CD44;DSE;G6PC3;SEC13;PAPSS1;AGL;CHSY1;GPC5;PFKP;HS3ST5;RPE;ARSB;PFKFB3;CHORDC1;PHKA2;B3GNT4;PGM1;LUM;SDC4;BPGM;PCNX4;XYLT2;HS6ST1;PCK2;HYAL2;PFKFB2;UGP2;NDC1;MANBA;GLCE;NUP54;PFKM;DSEL;PROC;SPAM1;NUP42;GBE1;XYLB;SORD;NDST4;GUSB;PAPSS2;CHST15;HEXB;HS6ST3;GALT	Reactome_2022
prerank	Cell Cycle R-HSA-1640170	0.33481218245190547	0.9844161995450706	0.582	0.8499926966714978	1.0	180/643	28.15%	MZT1;BORA;E2F3;NIPBL;CHMP2B;CHMP4C;VRK2;CDK6;SMARCA5;PLK4;NCAPG;AHCTF1;DYNC1I1;ANAPC4;HJURP;SYCP2;GINS2;TPR;UBE2D1;SHQ1;GORASP2;TERF1;MDM2;NEK7;PSMA6;DYNC1LI1;DCTN1;LIN9;PSMD14;USO1;PRIM2;ORC4;NEK9;SYNE1;LPIN2;PSME4;PSMD12;CDC25C;PRDM9;PDS5A;UBE2N;PPP2R5E;CENPN;SYNE2;TUBB4A;PSMD4;SYCP1;MRE11;H2AZ1;NDC80;PSMD5;RCC1;CEP63;SGO1;AKT1;MCM3;ESCO2;ITGB3BP;XPO1;RAB33B;ARPP19;TFDP2;PPP1R12A;TUBA3C;YWHAZ;AKAP9;FBXL7;CENPU;MNAT1;CCNH;YWHAG;CENPW;SPAST;POLD3;VPS4A;CENPJ;PTTG1;SEC13;POLD2;PPP2R5C;LPIN1;GMNN;NEDD1;PSMB11;DHFR;SMC3;DNA2;CENPE;HAUS6;CEP135;SLC19A1;CDKN2A;RAD50;YWHAQ;CSNK1D;SGO2;PCM1;ORC6;MSH4;RRM2;KIF2A;PTK6;KAT5;MAU2;POLR2H;TUBB8;TUBB2A;POLD4;BARD1;FBXO5;SMC1A;RBBP8;DYNC1I2;SKP2;CCNA2;MCM6;DBF4;PHLDA1;CENPF;NDC1;PSMA2;NUP54;HSP90AB1;POLE2;UBE2V2;TFDP1;CSNK2A2;NUP42;BRCC3;ESCO1;TEX12;POLR2D;ANAPC16;RFC2;HDAC8;TUBGCP3;UBE2E1;MAD2L1;MZT2A;ZWINT;ORC3;JAK2;PSMC1;CEP164;NCAPD3;GINS4;NDEL1;PCNT;CHMP7;NSD2;LMNA;CC2D1B;CCND2;CENPH;CDK1;E2F6;LYN;DCTN2;ORC5;SKA1;CHMP6;IST1;PPP1R12B;PAFAH1B1;CCNA1;RRAD;ABRAXAS1;TUBB3;CDC16;DIDO1;RNF168;CARD16;CDC7;PSMD6;ACD;WAPL;CKS1B;PCBP4;DYNC1H1;MCM7	Reactome_2022
prerank	TCF Dependent Signaling In Response To WNT R-HSA-201681	0.33789184045477016	0.9703129690073345	0.5995995995995996	0.8513061073028847	1.0	34/196	16.91%	CAV1;RSPO2;DKK2;SFRP2;SOX2;PSMA6;CXXC4;PSMD14;PSME4;PSMD12;PPP2R5E;PSMD4;LGR4;FZD6;H2AZ1;PSMD5;CTBP1;AKT1;XPO1;TLE3;YWHAZ;FZD1;TRRAP;RBBP5;DACT1;PPP2R5C;PSMB11;PIP5K1B;TNKS2;USP34;TCF7L1;KAT5;TLE1;CCDC88C	Reactome_2022
prerank	Major Pathway Of rRNA Processing In Nucleolus And Cytosol R-HSA-6791226	0.3343145869921984	0.9511076394433555	0.637	0.852738360796119	1.0	42/177	26.61%	RPL15;RPL22L1;RPL39L;MRPL13;RPL30;NIP7;NOC4L;RPS8;EXOSC9;RPP38;TEX10;RPL10L;RPS21;UTP15;UTP25;RPL9;RPS13;RPL6;NOL11;CSNK1D;KRR1;TBL3;RPP25;RPL36AL;RPL34;DDX52;RPL19;RPL7;WDR46;RPL4;RPS19;RPL29;RIOK1;RPL11;NOP58;WDR12;DCAF13;IMP4;RPS12;EMG1;DDX56;LAS1L	Reactome_2022
prerank	Platelet Activation, Signaling And Aggregation R-HSA-76002	0.33916206756449996	0.9825677563786415	0.552	0.8527828412843532	1.0	55/249	21.14%	GTPBP2;GNG12;GNB4;CD109;P2RY1;FAM3C;PIK3CA;TRPC6;VAV3;OLA1;VEGFC;DGKB;DGKH;TRPC3;F13A1;SOS1;FN1;FYN;CD36;PLA2G4A;RAB27B;BRPF3;RAP1B;IGF2;GNG2;FGA;AKT1;ITPR2;QSOX1;TGFB2;YWHAZ;ABCC4;PIK3R5;DGKG;GP9;VTI1B;GNG3;APP;PTPN11;RASGRP2;PIKFYVE;APLP2;THPO;PHACTR2;GNG5;ARRB2;LEFTY2;TMX3;GAS6;RAPGEF3;CYB5R1;PDPK1;CAP1;ALB;CLU	Reactome_2022
prerank	Metabolism Of RNA R-HSA-8953854	0.3350602284780051	0.9850798922413492	0.58	0.8527971892520803	1.0	183/652	28.25%	RPL15;PRPF40A;RPL22L1;CNOT2;RNGTT;LSM8;TFB1M;HNRNPA3;ELAVL1;RPL39L;SLU7;MRPL13;WBP4;TPR;FIP1L1;TRMT10C;PSMA6;LIN9;PSMD14;RPL30;CRNKL1;XPOT;THOC7;PLRG1;PSME4;PSMD12;HNRNPA2B1;NIP7;ELAVL2;UPF2;NOC4L;SF3B1;PHAX;PSMD4;NUDT21;CNOT7;GCFC2;RPS8;EXOSC9;PSMD5;ADAT2;USP39;IGF2;RPP38;AKT1;DDX5;TEX10;XPO1;PRMT5;DDX23;METTL1;CD44;YWHAZ;MNAT1;CCNH;IGF2BP2;RPL10L;RPS21;GTF2H4;PPIL6;SUGP1;POTEF;UTP15;TRMT13;PRPF38A;SNRPG;SEC13;SMG7;TSEN15;PAN3;HNRNPK;TYW5;UTP25;METTL14;GEMIN5;RPL9;PPIL3;PSMB11;RPS13;SF3B6;HNRNPD;TRMT10A;DHX9;RPL6;UPF3A;EIF4A3;SNRNP27;TSEN34;TRDMT1;NOL11;ADARB1;CSNK1D;PRPF3;KRR1;ALKBH8;GTF2H2;TBL3;CPSF2;NXF1;CDKAL1;POLR2H;SNRPN;DDX6;PRPF4;APOBEC2;RPP25;RPL36AL;NAT10;CNOT6L;DCP2;RPL34;CDC5L;CSTF2T;CCAR1;NDC1;PSMA2;LSM5;TRMT5;NUP54;DDX52;THOC1;RNPC3;ERCC3;RBM22;SRSF6;MRM2;NUP42;RPL19;RPL7;WDR46;POLR2D;SNRPA1;NOP2;TRMT61A;RPL4;ZCRB1;PABPC1;FYTTD1;QTRT2;PSMC1;RPS19;THOC2;RPL29;RIOK1;SARNP;APOBEC4;CWC27;RPL11;METTL3;SF1;NOP58;EDC4;WDR12;DCAF13;XRN1;IMP4;RPS12;THADA;TRMU;PCBP2;WDR4;EMG1;HSPA8;SMNDC1;SKIC3;DDX20;SRSF5;DDX56;PUS1;NCBP2;LAS1L;PCF11;RBM5;EIF4G1;MRM3;WDR3;PSMD6;DHX16;CNOT10;CPSF7;CNOT6;GPRC5A;GEMIN7	Reactome_2022
prerank	Influenza Viral RNA Transcription And Replication R-HSA-168273	0.3448381640090522	0.9711427859428353	0.5755755755755756	0.8534199513397696	1.0	27/136	22.82%	RPL15;RPL22L1;GRSF1;RPL39L;MRPL13;TPR;RPL30;RPS8;RPL10L;RPS21;SEC13;RPL9;RPS13;RPL6;DNAJC3;POLR2H;RPL36AL;RPL34;NDC1;NUP54;NUP42;RPL19;RPL7;POLR2D;RPL4;RPS19;RPL29	Reactome_2022
prerank	Clathrin-mediated Endocytosis R-HSA-8856828	0.3383326099200639	0.9606314228499312	0.6236236236236237	0.8535971748020551	1.0	42/139	27.53%	SYT1;RAB5A;ARF6;AREG;SGIP1;STAM;FNBP1L;SH3KBP1;AMPH;SH3GL2;SYT9;PICALM;COPS2;SCARB2;SNAP91;SYT2;CFTR;EPS15L1;HIP1;NEDD8;STAM2;ARRB2;DNAJC6;SNX9;STON2;GAPVD1;HBEGF;COPS6;AGTR1;ADRB2;TGFA;TOR1B;WASL;ACTR3;HSPA8;NECAP1;ITSN2;ARPC2;FZD4;LDLRAP1;EREG;TOR1A	Reactome_2022
prerank	Signaling By WNT R-HSA-195721	0.3283862448652611	0.9565709466504339	0.657	0.8536181385523904	1.0	57/292	19.23%	CAV1;PRKG2;RSPO2;GNG12;GNB4;DKK2;SFRP2;SOX2;PPP3CA;PSMA6;CXXC4;PRKG1;PSMD14;PSME4;PSMD12;WNT16;PPP2R5E;PARD6A;PSMD4;LGR4;WLS;FZD6;H2AZ1;VPS26A;PSMD5;CTBP1;DAAM1;GNG2;AKT1;ITPR2;XPO1;RORA;PLCB1;TLE3;YWHAZ;FZD1;TRRAP;RBBP5;DACT1;PPP2R5C;WNT6;GNG3;PSMB11;PIP5K1B;TNKS2;USP34;TCF7L1;KAT5;TLE1;GNG5;ARRB2;CCDC88C;TMED5;GNAO1;PSMA2;PROC;PORCN	Reactome_2022
prerank	Processing Of Capped Intron-Containing Pre-mRNA R-HSA-72203	0.3295659278615625	0.9550700967822843	0.65	0.8539085633454552	1.0	90/237	35.53%	PRPF40A;LSM8;HNRNPA3;ELAVL1;SLU7;WBP4;TPR;FIP1L1;CRNKL1;THOC7;PLRG1;HNRNPA2B1;ELAVL2;SF3B1;NUDT21;GCFC2;USP39;DDX5;DDX23;PPIL6;SUGP1;PRPF38A;SNRPG;SEC13;HNRNPK;METTL14;PPIL3;SF3B6;HNRNPD;DHX9;EIF4A3;SNRNP27;PRPF3;CPSF2;NXF1;POLR2H;SNRPN;PRPF4;CDC5L;CSTF2T;CCAR1;NDC1;LSM5;NUP54;THOC1;RNPC3;RBM22;SRSF6;NUP42;POLR2D;SNRPA1;ZCRB1;FYTTD1;THOC2;SARNP;CWC27;METTL3;SF1;PCBP2;HSPA8;SMNDC1;SRSF5;NCBP2;PCF11;RBM5;DHX16;CPSF7;SNRPB2;GTF2F1;CHERP;SNRPF;SYMPK;SRSF7;SRSF11;PRPF19;COLEC12;POLR2A;NUP210;ZC3H11A;GLE1;RBM17;ISY1-RAB43;CPSF1;NUP93;DDX46;PPIE;PQBP1;SNRNP25;PRPF31;ZMAT5	Reactome_2022
prerank	Interleukin-1 Family Signaling R-HSA-446652	0.3360080170124423	0.9574955663854408	0.6006006006006006	0.855187405794808	1.0	26/151	13.61%	NKIRAS1;NFKBIA;NOD1;IL1RL2;PSMA6;PSMD14;PSME4;PSMD12;UBE2N;PSMD4;PSMD5;RIPK2;USP14;PTPN14;TAB2;IRAK4;PELI2;PTPN13;PTPN5;IL1B;IL1R1;APP;PTPN11;PSMB11;IL18R1;TANK	Reactome_2022
prerank	rRNA Processing R-HSA-72312	0.3449655129891687	0.9857847853414207	0.55	0.8556632625444459	1.0	49/195	27.27%	RPL15;RPL22L1;TFB1M;RPL39L;MRPL13;TRMT10C;RPL30;NIP7;NOC4L;RPS8;EXOSC9;RPP38;TEX10;RPL10L;RPS21;UTP15;UTP25;RPL9;RPS13;RPL6;NOL11;CSNK1D;KRR1;TBL3;RPP25;RPL36AL;NAT10;RPL34;DDX52;MRM2;RPL19;RPL7;WDR46;NOP2;RPL4;RPS19;RPL29;RIOK1;RPL11;NOP58;WDR12;DCAF13;IMP4;RPS12;EMG1;DDX56;LAS1L;MRM3;WDR3	Reactome_2022
prerank	Influenza Infection R-HSA-168255	0.3361694309065794	0.9511145276913847	0.6426426426426426	0.8578826277603239	1.0	30/155	22.82%	RPL15;RPL22L1;GRSF1;RPL39L;MRPL13;TPR;RPL30;RPS8;EIF2AK2;XPO1;RPL10L;RPS21;KPNA5;SEC13;RPL9;RPS13;RPL6;DNAJC3;POLR2H;RPL36AL;RPL34;NDC1;NUP54;NUP42;RPL19;RPL7;POLR2D;RPL4;RPS19;RPL29	Reactome_2022
prerank	protein-RNA Complex Assembly (GO:0022618)	0.3210049892795631	0.9143833122794635	0.7419678714859438	0.85951253768509	1.0	45/143	30.88%	SNRPD1;YTHDC1;SHQ1;XRCC5;PRPF18;CRNKL1;CELF4;SF3B1;TARBP2;NUDT21;GCFC2;USP39;PRMT5;DDX23;RPL10L;SNRPG;CELF5;SCAF11;GEMIN5;EIF3H;DHX9;RPL6;SRPK2;LUC7L3;DHX29;DICER1;HSP90AB1;SRSF6;POLR2D;NOP2;MRPS7;RPS19;RPL11;DDX20;SRSF5;RBM5;EIF2D;CELF3;CPSF7;GEMIN7;STRAP;SNRPF;RPF2;DDX1;PRPF19	GO_Biological_Process_2023
prerank	Regulation Of TP53 Activity R-HSA-5633007	0.34399633355987086	0.9862033627358345	0.5470941883767535	0.8597896544734579	1.0	62/156	32.41%	PIP4K2A;TP53INP1;PRDM1;MDM2;RICTOR;SMYD2;DYRK2;TAF2;PRKAA1;MRE11;POU4F2;BRPF3;AKT1;HDAC2;PRMT5;PRKAG2;POU4F1;ING3;PPP1R13L;JMY;PPP2R5C;EHMT2;DNA2;MTA2;CDKN2A;TP63;RAD50;KAT6A;KAT5;BARD1;RBBP8;CCNA2;CSNK2A2;PDPK1;USP7;HIPK1;RFC2;CHD3;PDZD2;EHMT1;PML;SUPT16H;PRKAG3;CDK1;PRR5;TAF15;CCNA1;CDK5R1;RRAD;TAF5;BANP;CCNG1;RBBP7;RMI1;AKT3;KMT5A;CSNK2B;PRKAB2;AURKA;ARTN;PRKAA2;SETD9	Reactome_2022
prerank	Cap-dependent Translation Initiation R-HSA-72737	0.3378512875150515	0.9517423172369768	0.6236236236236237	0.8608765793549752	1.0	22/115	22.82%	RPL15;RPL22L1;RPL39L;MRPL13;RPL30;RPS8;RPL10L;RPS21;RPL9;EIF3H;RPS13;RPL6;EIF5B;RPL36AL;RPL34;EIF2B5;RPL19;RPL7;RPL4;PABPC1;RPS19;RPL29	Reactome_2022
prerank	Coagulation	0.29723199450285553	0.8447585495652136	0.8398398398398398	0.8668279525041017	1.0	33/133	25.61%	GNG12;P2RY1;ANG;PRSS23;HNF4A;DPP4;CTSO;FN1;FYN;PLAU;C2;F3;FGA;CSRP1;ITGA2;GP9;CPQ;MMP14;DCT;LEFTY2;APOC1;F13B;TMPRSS6;PROC;RAPGEF3;CLU;HPN;MMP2;TFPI2;PDGFB;LRP1;RAC1;CPB2	MSigDB_Hallmark_2020
prerank	Ub-specific Processing Proteases R-HSA-5689880	0.3296521449245853	0.9444287354067666	0.669	0.8714912698720899	1.0	45/186	25.40%	NFKBIA;IDE;AREG;MDM2;PSMA6;PSMD14;SMAD4;ATXN7;PSME4;PSMD12;CYLD;PTEN;PSMD4;USP44;PSMD5;RHOT1;CFTR;USP14;TRRAP;PSMB11;TANK;STAM2;USP13;TNKS2;USP34;RIPK1;USP20;USP17L1;ARRB2;TOMM70;SKP2;CCNA2;PSMA2;USP24;WDR48;USP25;USP7;IFIH1;PSMC1;WDR20;ADRB2;GATA3;SMAD1;TRAF6;DDB2	Reactome_2022
prerank	Mitotic Prometaphase R-HSA-68877	0.3298361354474954	0.9418912731585435	0.6766766766766766	0.874892564794345	1.0	48/183	24.23%	MZT1;PLK4;NCAPG;AHCTF1;DYNC1I1;NEK7;DYNC1LI1;DCTN1;NEK9;PDS5A;PPP2R5E;CENPN;TUBB4A;NDC80;CEP63;SGO1;ITGB3BP;XPO1;RAB33B;AKAP9;CENPU;YWHAG;CENPJ;SEC13;PPP2R5C;NEDD1;SMC3;CENPE;HAUS6;CEP135;CSNK1D;SGO2;PCM1;KIF2A;SMC1A;DYNC1I2;CENPF;CSNK2A2;HDAC8;TUBGCP3;MAD2L1;MZT2A;ZWINT;CEP164;NDEL1;PCNT;CENPH;CDK1	Reactome_2022
prerank	Positive Regulation Of Cytokine Production (GO:0001819)	0.3096631508016394	0.9026297685896354	0.82	0.8849792272281157	1.0	82/312	25.54%	BCL10;PDE4B;NOD1;TLR6;FOXP1;HPSE;SULF1;PTPRC;TXK;CADM1;IL12RB2;TRAF3IP3;PDE4D;CCBE1;CD86;HSPD1;PTGS2;SPTBN1;IRF5;DRD2;IL12A;PLA2R1;RIPK2;EIF2AK2;RORA;RFTN1;PLCB1;RARA;TWIST1;POU2AF1;LAMTOR5;IL7;CD226;IL1B;GDF2;IL1R1;APP;PTPN11;IL18R1;TANK;IRF4;ISL1;TRAF3;DHX9;MALT1;CD58;STING1;CSF2;IL17A;PTPN22;LACC1;RIPK1;RAB2B;IL17F;TLR2;HYAL2;CNTN1;IFNG;EHHADH;NR1H4;IFIH1;HILPDA;CGAS;FLOT1;POU2F2;IFI16;BTN3A1;JAK2;SPHK2;RAB7B;TRIM15;PRKCZ;GAPDH;PIBF1;CLEC9A;GATA3;HMHB1;F2R;MYD88;TRAF6;STAT3;PNP	GO_Biological_Process_2023
prerank	Regulation Of Cell Adhesion (GO:0030155)	0.3159237611960798	0.8994870965087985	0.7477477477477478	0.8889268584934902	1.0	33/140	22.75%	ZDHHC2;EPHA7;SEMA4D;PPP3CA;SEMA5A;EFNA5;CXCR4;ITGAV;PRKX;PKHD1;EPHA4;ADAM22;IL12A;PLAU;CD164;PKP4;PPP1R12A;ADGRG1;KIF14;PTPN11;PLXNC1;DUSP26;NID1;CBLL1;ACVRL1;STX3;RIPOR2;FRMD5;NRG1;LAMA2;CXCL8;YTHDF2;EPHA2	GO_Biological_Process_2023
prerank	Disorders Of Transmembrane Transporters R-HSA-5619115	0.32016179940098993	0.9161050180630231	0.7147147147147147	0.9235909776034478	1.0	46/172	24.76%	SLC4A4;TPR;PSMA6;PSMD14;ABCB4;ABCA1;PSME4;PSMD12;SLC26A4;SLC1A3;SLC35A3;PSMD4;DERL1;SLC6A19;SLC9A9;PSMD5;SLC6A5;CFTR;SLC40A1;ABCB11;SEC13;PSMB11;OS9;SLC1A1;SLC11A2;SLC2A9;LMBRD1;NDC1;PSMA2;SLC7A9;NUP54;SLC5A7;ABCA3;SLC6A2;NUP42;SLC22A5;CP;SLC17A5;SEL1L;PSMC1;AVPR1B;ABCG5;ABCA12;SLC36A2;SLC24A1;ABCC9	Reactome_2022
prerank	Factors Involved In Megakaryocyte Development And Platelet Production R-HSA-983231	0.3185362692063841	0.8975219174594689	0.7590361445783133	0.9241117716435554	1.0	50/134	35.71%	CAPZA2;RAB5A;GATA6;PRKAR1A;PRKAR1B;DOCK10;ZFPM2;PHF21A;IFNA8;KIF13B;DOCK8;DOCK3;MYB;HDAC2;PRKACB;AK3;DOCK7;CARMIL1;CENPE;KIF2A;KIF16B;JMJD1C;IRF2;KIF3A;JAK2;DOCK9;RAD51B;DOCK4;GATA3;NFE2;IFNA21;KIF21A;RBSN;RNASE1;CAPZA1;GATA4;KIF5A;PRKAR2B;AKAP1;KIF12;SH2B2;IFNA17;KIF19;VPS45;MICAL1;CDK2;KIF25;WEE1;KIF5C;KIF3B	Reactome_2022
prerank	Gene Expression (GO:0010467)	0.3042648634201516	0.88050561316253	0.864	0.9267812221119782	1.0	77/289	27.13%	RPL15;RNGTT;MRPL13;YTHDC1;TPR;HNRNPH3;SYNCRIP;CASP4;RPL30;HSPD1;THOC7;HNRNPA2B1;UPF2;GZMB;RPS8;EXOSC9;XPO1;CASP7;EEF1A1;MRPS6;RPS21;PRSS37;SMG7;HNRNPK;RPL9;NOX4;STUB1;RPS13;HNRNPD;RPL6;EIF4A3;YARS2;MRPL14;ENPP1;RBM4;ADARB1;FARSB;ELAVL4;NUFIP1;RBMS2;NXF1;GOLPH3;RBM15B;PRPF4;FASTKD2;ZNG1E;RPL36AL;M1AP;RPL34;THOC1;CASP8;ZAR1;NOVA1;RPL19;RPL7;MRPL43;GZMA;MRPS7;RPL4;FYTTD1;MRPL42;RPS19;THOC2;RPL29;SARNP;ADAD1;RPL11;DNAJB11;GALNT2;HARS2;DDX20;SARS1;NCBP2;MRPL36;RBM5;EIF4G1;TSPAN5	GO_Biological_Process_2023
prerank	Intra-Golgi And Retrograde Golgi-to-ER Traffic R-HSA-6811442	0.32052843367768896	0.9166759866734578	0.7247247247247247	0.9273093086370665	1.0	74/178	35.83%	MAN2A2;CAPZA2;RAB39A;DYNC1I1;VPS54;DYNC1LI1;DCTN1;NBAS;KDELR2;GOLIM4;MAN1A1;CYTH3;KIF13B;PLA2G4A;STX6;COPB2;RAB33B;CUX1;CAPZA3;GOSR2;SCOC;COG3;CENPE;COG7;TMF1;RAB6A;RAB6B;KIF2A;KIF16B;RAB9B;RHOBTB3;DYNC1I2;ARF3;MAN2A1;DCTN6;PTGES2;DCTN4;KIF3A;TMED7;COG8;COPB1;MAN1A2;GALNT2;DCTN2;PAFAH1B2;ARFIP2;PAFAH1B1;KIF21A;STX5;RAB18;DYNC1H1;GCC1;GOLGA1;RINT1;CAPZA1;GCC2;GALNT1;COPA;RAB3GAP2;KIF5A;GOLGA4;KIF12;SYS1;KIF19;RAB43;DYNLL1;VPS45;NAA38;KIF25;KIF5C;RAB30;KIF3B;RAB36;VPS51	Reactome_2022
prerank	RHO GTPases Activate Formins R-HSA-5663220	0.3201165174042641	0.8981259321899373	0.7303822937625755	0.9278004103510945	1.0	39/117	31.41%	AHCTF1;DYNC1I1;DIAPH3;DYNC1LI1;DIAPH1;PPP2R5E;CENPN;NDC80;PFN2;SGO1;DAAM1;ITGB3BP;XPO1;CENPU;POTEF;SEC13;PPP2R5C;CENPE;SGO2;KIF2A;SRGAP2;DYNC1I2;CENPF;MAD2L1;ZWINT;NDEL1;ACTG1;CENPH;DVL3;SKA1;FMNL2;PAFAH1B1;RHOB;DYNC1H1;RNASE1;CENPO;EVL;SPDL1;BUB3	Reactome_2022
prerank	Chromosome Maintenance R-HSA-73886	0.3149840788192785	0.8911297763861215	0.7462387161484454	0.9283540125271407	1.0	29/116	31.43%	SMARCA5;HJURP;SHQ1;TERF1;PRIM2;CENPN;H2AZ1;ITGB3BP;CENPU;CENPW;POLD3;POLD2;DNA2;SLC19A1;POLR2H;POLD4;CCNA2;POLR2D;RFC2;CENPH;CCNA1;ACD;RBBP7;LRIG1;TINF2;CENPO;POT1;GAR1;POLR2A	Reactome_2022
prerank	Signaling By NTRKs R-HSA-166520	0.32274776561226143	0.9181572509698805	0.7257257257257257	0.928543309548391	1.0	45/131	30.51%	RIT2;PIK3CA;MEF2C;MEF2A;CREB1;GDNF;SH3GL2;SOS1;GRIN2B;NAB1;FYN;DOCK3;F3;PCSK6;FRS2;NAB2;KCNH8;BCL11B;PTPN11;NTRK1;IRS1;NTF3;TCF12;CRKL;PCSK5;NGF;ADCYAP1;DUSP4;FOS;RALB;REST;NTRK3;NTF4;STAT3;TRIB1;CDK5R1;RRAD;DUSP6;MAP2K1;SHC1;TIAM1;RNASE1;MAPK7;MAP2K2;ARC	Reactome_2022
prerank	Cell Cycle Checkpoints R-HSA-69620	0.30470301018136464	0.8864601988112241	0.834	0.9285869779129513	1.0	73/267	28.15%	AHCTF1;DYNC1I1;ANAPC4;UBE2D1;MDM2;PSMA6;DYNC1LI1;PSMD14;ORC4;PSME4;PSMD12;CDC25C;UBE2N;PPP2R5E;CENPN;PSMD4;MRE11;NDC80;PSMD5;SGO1;MCM3;ITGB3BP;XPO1;YWHAZ;CENPU;YWHAG;SEC13;PPP2R5C;PSMB11;DNA2;CENPE;CDKN2A;RAD50;YWHAQ;SGO2;ORC6;KIF2A;KAT5;BARD1;RBBP8;DYNC1I2;CCNA2;MCM6;DBF4;CENPF;PSMA2;UBE2V2;BRCC3;ANAPC16;RFC2;UBE2E1;MAD2L1;ZWINT;ORC3;PSMC1;NDEL1;NSD2;CENPH;CDK1;ORC5;SKA1;PAFAH1B1;CCNA1;RRAD;ABRAXAS1;CDC16;RNF168;CARD16;CDC7;PSMD6;PCBP4;DYNC1H1;MCM7	Reactome_2022
prerank	Cilium Assembly R-HSA-5617833	0.3128063769979312	0.8931503046738688	0.807	0.9291176434735848	1.0	73/180	35.78%	BBS7;BBS12;PLK4;DYNLT5;WDR19;DCTN1;DYNC2H1;CCT5;ARL6;TUBB4A;ARL13B;BBS10;DYNLRB2;DYNC2I1;CEP63;SCLT1;EXOC1;AKAP9;YWHAG;CENPJ;IFT74;NEDD1;HAUS6;CEP135;CSNK1D;CYS1;PCM1;IFT140;DYNC1I2;CC2D2A;SMOX;IFT27;EXOC3;PTGES2;KIF3A;CEP164;MKKS;EXOC2;NUDT19;PCNT;CDK1;IFT46;RAB11A;KIF24;PDE6D;DCTN2;IFT172;IFT57;PAFAH1B1;CCT8;DYNC1H1;CEP290;CEP162;ODF2;TNPO1;ARL3;BBS4;CCT4;EXOC4;PRKAR2B;TTC21B;CEP76;AHI1;DYNLL1;CEP78;EXOC5;CCT2;LZTFL1;NEK2;IFT80;CEP89;KIF3B;IFT88	Reactome_2022
prerank	Response To Cytokine (GO:0034097)	0.31185474359895665	0.8720759443255373	0.7881526104417671	0.9294726974729561	1.0	44/119	32.02%	TNFRSF11A;BCL2;SNCA;MME;OSMR;CXCR4;LAMP3;POU4F2;AKAP6;GCH1;STAT1;EIF2AK2;POU4F1;TRIM32;IL1B;IL1R1;APP;RIPK1;FLT3;AFF3;LIFR;TRIM56;PLSCR1;CASP8;SLC22A5;IRAK2;JAK2;PML;TRIM21;MYD88;TRAF6;SPHK1;NUB1;LDLRAP1;LEF1;DPYSL3;CSF1R;REL;COL3A1;NFAT5;UBD;XAF1;ADAM9;IRAK3	GO_Biological_Process_2023
prerank	Cargo Recognition For Clathrin-Mediated Endocytosis R-HSA-8856825	0.3281157813079749	0.91943841360852	0.6940822467402207	0.930067835268195	1.0	30/102	27.53%	SYT1;AREG;SGIP1;STAM;SH3KBP1;SH3GL2;SYT9;PICALM;COPS2;SCARB2;SNAP91;SYT2;CFTR;EPS15L1;NEDD8;STAM2;ARRB2;STON2;HBEGF;COPS6;AGTR1;ADRB2;TGFA;TOR1B;NECAP1;ITSN2;FZD4;LDLRAP1;EREG;TOR1A	Reactome_2022
prerank	Resolution Of Sister Chromatid Cohesion R-HSA-2500257	0.31665858023072646	0.8831817891207698	0.7406659939455096	0.9303757770319397	1.0	35/104	31.77%	AHCTF1;DYNC1I1;DYNC1LI1;PDS5A;PPP2R5E;CENPN;NDC80;SGO1;ITGB3BP;XPO1;CENPU;SEC13;PPP2R5C;SMC3;CENPE;SGO2;KIF2A;SMC1A;DYNC1I2;CENPF;HDAC8;MAD2L1;ZWINT;NDEL1;CENPH;CDK1;SKA1;PAFAH1B1;WAPL;DYNC1H1;RAD21;CENPO;SPDL1;BUB3;STAG2	Reactome_2022
prerank	Protein Targeting (GO:0006605)	0.31114674150337585	0.8734562197720649	0.792964824120603	0.9303762754062171	1.0	33/125	25.92%	ZDHHC2;NLGN1;ZDHHC21;MAN1A1;ARL6;KIF13B;VPS13C;ZDHHC14;AQP11;AKAP6;ZDHHC23;RTP4;EDEM1;PEX1;RTP2;SDCBP;TRAK2;ATG3;SEC61A1;KATNB1;PIKFYVE;TOMM70;PITRM1;RASSF9;SEC61G;GOLGA7;SRPRB;PRKCI;RPL11;AP4E1;RABGEF1;MICALL1;VPS37A	GO_Biological_Process_2023
prerank	Cytokine Signaling In Immune System R-HSA-1280215	0.31045589585745836	0.9116925656125672	0.883	0.9304928198154838	1.0	155/690	22.44%	NKIRAS1;PTPRZ1;PKN2;NFKBIA;NOD1;IL1RL2;PIK3CA;TNFRSF11A;BCL2;CAMK2D;MEF2C;SOS2;TPR;SOX2;UBE2D1;YES1;MEF2A;MTAP;CREB1;PSMA6;SGIP1;TNFRSF11B;IL12RB2;OSMR;S1PR1;UBA3;PSMD14;UBE2D2;SDC1;CD86;RNF7;PTGS2;GDNF;SOCS6;IFIT5;PSME4;PSMD12;HNRNPA2B1;TRIM2;UBE2N;F13A1;FOXO3;SOS1;EIF4E2;FN1;ISG20;FYN;PSMD4;JAK1;IFNGR1;IRF5;IFNA8;IL12A;ELOC;CD36;TRIM62;PPM1B;EIF4E3;HERC5;STAT4;UBE2D3;PSMD5;SNAP25;IL20RA;RAP1B;RIPK2;AKT1;STAT1;EIF2AK2;OPRM1;MAP2K3;RORA;USP14;PTPN14;TAB2;TWIST1;TNFSF11;CD44;YWHAZ;IRAK4;RAG1;JUN;IL7;PELI2;KPNA5;TEC;SEC13;PTPN13;KCNH8;SOCS2;GRB10;PTPN5;IL1B;IL1R1;IL22RA2;BCL11B;APP;PTPN11;PSMB11;IL18R1;TANK;IRF4;TRAF3;EIF4A3;CSH1;IL2RG;CSF2;IRS1;TOX4;NCAM1;IL5;IKBKB;FLT3;CRKL;STAT5A;CXCL1;MAPK10;IL17F;LIFR;POU2F1;CAMK2G;CCL4;NDC1;PSMA2;IFNG;PTPN12;NUP54;ITGAX;DUSP4;GAB2;PRL;STX3;IL1RN;CASP8;IRF8;TRIM14;NUP42;TRIM45;TRIM38;IRF2;IL1R2;TOLLIP;SNRPA1;FOS;OPRD1;IRAK2;MMP2;HNRNPDL;UBE2E1;JAK2;IFIT3;PDZD2;PSMC1;CXCL8;OAS2	Reactome_2022
prerank	Inflammatory Response (GO:0006954)	0.3048851558986645	0.8751553718012377	0.848	0.9306519357876899	1.0	71/232	29.86%	PTGER3;NOD1;TLR6;CXCL6;CMKLR1;TRAF3IP2;CXCR4;GPR68;FCGR2B;VNN1;CRH;RIPK2;PTGDR;LY75;TAB2;CD44;PTGFR;PTGER2;TAC1;PF4V1;IL1B;NOX4;LIAS;ADCY8;GPR33;CRHBP;CCR3;IKBKB;CXCL5;ADGRE5;LOXL3;NFATC4;CXCL1;TLR2;HDAC9;CCL4;ELF3;CXCR2;IFNG;CXCL13;SPAM1;FOS;IRAK2;TPST1;AGTR1;ORC3;CXCL8;TBXA2R;TNFAIP6;GATA3;F11R;CARD18;F2R;STAT3;CXCL2;RAC1;TBK1;AFAP1L2;ADORA1;MMP24;HSPG2;CCL20;CCRL2;IL4;FUT7;CCL19;IL2RA;CSF1R;REL;THBS1;APOL2	GO_Biological_Process_2023
prerank	RNA Metabolic Process (GO:0016070)	0.30858595384601567	0.8694977459188988	0.7738693467336684	0.9307356758159098	1.0	25/108	20.28%	RNGTT;ANG;HNRNPH3;CTAG2;SYNCRIP;DHX36;FASTKD1;ISG20;EXOSC9;TENT2;HNRNPK;HNRNPD;DHX9;PCBP3;RBM4;ADARB1;ELAVL4;NUFIP1;RBMS2;PRPF4;FASTKD2;M1AP;DICER1;THOC1;NOVA1	GO_Biological_Process_2023
prerank	Beta-catenin Independent WNT Signaling R-HSA-3858494	0.3081881198834382	0.8877310840472018	0.769	0.9309036260181912	1.0	34/142	24.77%	PRKG2;GNG12;GNB4;PPP3CA;PSMA6;PRKG1;PSMD14;PSME4;PSMD12;PARD6A;PSMD4;FZD6;PSMD5;DAAM1;GNG2;ITPR2;RORA;PLCB1;FZD1;GNG3;PSMB11;TCF7L1;GNG5;ARRB2;GNAO1;PSMA2;VANGL2;FZD7;PSMC1;PDE6B;MOV10;PRICKLE1;DVL3;CTNNB1	Reactome_2022
prerank	RHO GTPase Effectors R-HSA-195258	0.3143087967665767	0.9091386664360237	0.799	0.9319512614992752	1.0	79/264	31.41%	PKN2;IQGAP2;AHCTF1;DYNC1I1;DIAPH3;NCKAP1;AREG;KDM4C;KTN1;DYNC1LI1;NCOA2;CDC25C;DIAPH1;PPP2R5E;CENPN;PIK3C3;CTNNA1;H2AZ1;NDC80;ABI2;PFN2;SGO1;DAAM1;ARHGEF7;ITGB3BP;XPO1;CFTR;PPP1R12A;YWHAZ;CENPU;YWHAG;POTEF;KIF14;SEC13;PPP2R5C;CENPE;YWHAQ;SGO2;KIF2A;WASF3;NCF4;SRGAP2;DYNC1I2;CENPF;CYFIP2;PDPK1;WIPF3;MAD2L1;ZWINT;PDZD2;NDEL1;PRKCZ;ACTG1;CENPH;DVL3;CTNNB1;WASL;ACTR3;MYL9;SKA1;FMNL2;PPP1R12B;PAFAH1B1;MYL12B;ROCK1;ARPC2;RHOB;DYNC1H1;ARPC3;RHOQ;RNASE1;ABI1;CDKN1B;CENPO;EVL;SPDL1;LIMK1;KIF5A;BUB3	Reactome_2022
prerank	Regulation Of Protein Binding (GO:0043393)	0.3108793989257417	0.8761327602041398	0.7680722891566265	0.9322715109529809	1.0	44/117	31.56%	CAV1;EFHB;IDE;LRRK2;CFHR1;DERL1;STYX;RIPK2;AKT1;CFHR5;DISC1;DACT1;BAG2;APP;BMP4;CFHR2;STING1;NMD3;PRKN;RAPGEF2;STK4;SUB1;PRMT8;EPB41;PPP1CA;FLOT1;RALB;BTBD1;PDGFB;RPL11;LRP1;TRIM21;CARD18;AMFR;ROCK1;LDLRAP1;CARD16;TIAM1;GTF2F1;SYMPK;BMP2;USP33;LRPAP1;AURKA	GO_Biological_Process_2023
prerank	Cellular Response To Chemical Stress R-HSA-9711123	0.3121641850928678	0.8983861488945345	0.773	0.9323340590608402	1.0	39/180	21.17%	TBL1XR1;PSMA6;NCOA2;LIN9;PSMD14;PSME4;PSMD12;FBXL17;SLC7A11;PSMD4;PSMD5;HDAC3;COX18;AKT1;PCDHB16;CHD9;NOX4;PSMB11;CDKN2A;NCOR2;COX7C;ERO1A;PTK6;NCF4;ATOX1;CYCS;SESN1;SKP2;NFE2L2;PSMA2;PPARA;COX16;COX6C;GSTA3;CSNK2A2;TXN2;ALB;NCOR1;NOTCH1	Reactome_2022
prerank	Intrinsic Apoptotic Signaling Pathway (GO:0097193)	0.31143573060041985	0.8624677300420637	0.7911646586345381	0.9332490700185064	1.0	29/105	26.66%	ZNF385B;MSH6;BCL2;PMAIP1;CASP4;CD24;POU4F2;DDX5;PDK2;POU4F1;DIABLO;JMY;DNAJC10;ERO1A;ARL6IP5;CRIP1;CYCS;MAP3K5;TMEM117;CASP2;SCN2A;IFI16;EPHA2;PML;HINT1;AIFM1;CUL3;BAD;CUL4A	GO_Biological_Process_2023
prerank	Separation Of Sister Chromatids R-HSA-2467813	0.31432748729744464	0.8999180338664217	0.7565130260521042	0.9337323820306543	1.0	37/168	22.26%	AHCTF1;DYNC1I1;ANAPC4;UBE2D1;PSMA6;DYNC1LI1;PSMD14;PSME4;PSMD12;PDS5A;PPP2R5E;CENPN;PSMD4;NDC80;PSMD5;SGO1;ITGB3BP;XPO1;CENPU;PTTG1;SEC13;PPP2R5C;PSMB11;SMC3;CENPE;SGO2;KIF2A;SMC1A;DYNC1I2;CENPF;PSMA2;ANAPC16;HDAC8;UBE2E1;MAD2L1;ZWINT;PSMC1	Reactome_2022
prerank	Response To Lipopolysaccharide (GO:0032496)	0.3007979851729159	0.8601030288003431	0.8335005015045135	0.9340066029686672	1.0	32/157	19.89%	HMGB2;BCL10;PEX2;PDE4B;FOXP1;CXCL6;TNFRSF11A;MEF2C;SNCA;CD86;IL12A;GCH1;GFI1;TAB2;CPS1;CASP7;FBXO3;PLAA;NOCT;PF4V1;IL1B;LIAS;PALM3;PTPN22;CXCL5;CXCL1;TNIP3;OTUD5;CHMP5;CXCL13;EHHADH;TNFAIP3	GO_Biological_Process_2023
prerank	Rab Regulation Of Trafficking R-HSA-9007101	0.32191262505564605	0.9060375915083053	0.728184553660983	0.9345435096645658	1.0	42/120	31.00%	RAB5A;DENND4C;RAB39A;TRAPPC8;ARF6;ALS2;DENND1B;DENND5B;RAB10;RAB27B;AKT1;RAB33B;TSC1;RAB21;TRAPPC12;RAB27A;RAB6A;RAB6B;DENND2A;TBC1D20;RAB9B;TSC2;RAB32;GAPVD1;SBF2;RAB7B;RAB12;DENND2D;RABGEF1;RAB11A;GDI2;DENND2C;RAB18;DENND4B;RINL;DENND2B;RAB39B;AKT3;MAP1LC3B;RAB3GAP2;TRAPPC13;RIN2	Reactome_2022
prerank	ABC-family Proteins Mediated Transport R-HSA-382556	0.32103579334418264	0.9037406902182862	0.7298387096774194	0.9350123840651287	1.0	17/102	13.43%	ABCB9;PSMA6;PSMD14;ABCB4;PSME4;PSMD12;ABCD3;PSMD4;DERL1;PSMD5;CFTR;PEX3;ABCC4;ABCB5;ABCD2;PSMB11;OS9	Reactome_2022
prerank	Negative Regulation Of Defense Response (GO:0031348)	0.3075601834768455	0.863265150657386	0.7845691382765531	0.9352599281174961	1.0	40/111	29.76%	SLC39A8;FFAR4;CYLD;GHSR;MACIR;PPM1B;CEP63;AKT1;RORA;CCN3;YWHAZ;LRFN5;ATG12;ISL1;REG3A;GHRL;AHR;PROC;PPARA;PPARG;NR1H4;TNFAIP3;TRIM45;CGAS;IFI16;TNFAIP6;PTGIS;TRIM21;GATA3;STAT3;PCBP2;OTULIN;IL4;MAPKBP1;DTX4;C1QTNF3;FEM1A;MAPK7;NLRC3;FNDC4	GO_Biological_Process_2023
prerank	Mitotic G2-G2/M Phases R-HSA-453274	0.32194332781448487	0.9195236752141056	0.7257257257257257	0.9353189639393513	1.0	35/183	18.98%	MZT1;BORA;E2F3;PLK4;PSMA6;DCTN1;LIN9;PSMD14;PSME4;PSMD12;CDC25C;TUBB4A;PSMD4;PSMD5;CEP63;XPO1;PPP1R12A;AKAP9;FBXL7;MNAT1;CCNH;YWHAG;CENPJ;NEDD1;PSMB11;HAUS6;CEP135;CSNK1D;PCM1;DYNC1I2;CCNA2;PHLDA1;CENPF;PSMA2;HSP90AB1	Reactome_2022
prerank	rRNA Processing In Nucleus And Cytosol R-HSA-8868773	0.3231418074118523	0.9211936812937869	0.723	0.9360286258543925	1.0	44/186	26.61%	RPL15;RPL22L1;RPL39L;MRPL13;RPL30;NIP7;NOC4L;RPS8;EXOSC9;RPP38;TEX10;RPL10L;RPS21;UTP15;UTP25;RPL9;RPS13;RPL6;NOL11;CSNK1D;KRR1;TBL3;RPP25;RPL36AL;NAT10;RPL34;DDX52;RPL19;RPL7;WDR46;NOP2;RPL4;RPS19;RPL29;RIOK1;RPL11;NOP58;WDR12;DCAF13;IMP4;RPS12;EMG1;DDX56;LAS1L	Reactome_2022
prerank	Mitochondrial Gene Expression (GO:0140053)	0.30734841583360656	0.8644881805212238	0.7867203219315896	0.9364949862384977	1.0	39/102	36.21%	QRSL1;MRPL13;MRPL47;FASTKD1;FOXO3;GATB;MRPS6;FASTKD3;MRPL17;MRPL14;FASTKD2;MRPS28;CHCHD1;IARS2;MRPL16;MRPL19;MRPL43;TWNK;MRPS7;MRPL44;MRPL42;RARS2;MRPS2;MRPL36;MRPS27;MRPL38;MRPS22;MRPS18C;DAP3;SLC25A33;HARS1;MRPL55;TBRG4;MRPS18A;MRPL35;MRPS25;FASTK;MRPL33;MRPS24	GO_Biological_Process_2023
prerank	Nucleotide Excision Repair R-HSA-5696398	0.32355280886179627	0.9008320006320734	0.7165829145728643	0.9368332472858849	1.0	30/106	21.46%	INO80D;ERCC5;ACTL6A;UBE2N;COPS2;INO80;UVSSA;LRIG3;USP45;MNAT1;CCNH;GTF2H4;POTEF;POLD3;POLD2;SLC19A1;ERCC6;HMGN1;GTF2H2;POLR2H;POLD4;RNF111;POLE2;ERCC3;UBE2V2;USP7;INO80B;POLR2D;COPS6;RFC2	Reactome_2022
prerank	Mitotic Prophase R-HSA-68875	0.3090207984314783	0.8764134450615124	0.7763289869608826	0.9385519138659464	1.0	12/110	12.33%	VRK2;TPR;GORASP2;NEK7;USO1;NEK9;LPIN2;H2AZ1;RAB33B;ARPP19;SEC13;LPIN1	Reactome_2022
prerank	Regulation Of Interleukin-6 Production (GO:0032675)	0.29789609883333473	0.8356731194447945	0.8335005015045135	0.9406830022545496	1.0	30/112	25.29%	BCL10;TLR6;CD47;NMBR;HSPD1;GHSR;TWIST1;POU2AF1;IL1B;APP;PTPN11;ISL1;DHX9;IL17A;PTPN22;IL17F;GHRL;TLR2;HYAL2;GAS6;IFNG;EHHADH;TNFAIP3;IFIH1;POU2F2;SPHK2;RAB7B;F2R;MYD88;STAT3	GO_Biological_Process_2023
prerank	DNA Repair (GO:0006281)	0.28852179593331845	0.8376676166830483	0.926	0.9412599028503383	1.0	81/284	27.55%	PRMT6;XRCC4;SMARCA5;ERCC5;MSH6;XRCC5;MSH3;HMGA2;LIG3;FANCM;PSME4;ATR;PDS5A;UBE2N;POLDIP2;SIRT1;INO80;MRE11;FANCL;HPF1;USP44;FOXE1;PWWP3A;OGG1;POLQ;USP45;PMS1;NUCKS1;RECQL;FBH1;POLB;TRRAP;MNAT1;GTF2H4;SLX4;ZGRF1;POLD3;DCLRE1C;NABP1;DNA2;SLC30A9;RAD50;ERCC6;PMS2;GTF2H2;KAT5;BARD1;NUDT1;SMC1A;FANCC;GADD45A;RBBP8;ASCC3;NEIL3;BTG2;POLE2;RAD52;ERCC3;UBE2V2;NBN;ASCC1;MSH2;RFC2;ZRANB3;RAD51B;PPP5C;NSD2;TDP1;CDK1;XRCC1;MUTYH;DDB2;FAAP20;NTHL1;CIB1;ABRAXAS1;MRPL36;RNF169;WDHD1;RNF168;RECQL5	GO_Biological_Process_2023
prerank	Cellular Response To Growth Factor Stimulus (GO:0071363)	0.30084348905276076	0.8531004487753041	0.8517034068136272	0.9420864525374252	1.0	59/153	30.84%	BMPR1B;CPNE3;MAGI2;MEF2C;SMAD4;TGFBR2;BMPR1A;BMPR2;BMP7;SPRY2;ACVR1C;FOXC1;AKT1;MAP2K3;EEF1A1;CD44;KDR;NDNF;PRKD1;HGF;GDF2;PTPN11;NTRK1;BMP4;APLP2;RAPGEF2;CRKL;NELL1;RUNX2;SEMA6A;HYAL2;ACVRL1;PTPN12;RPS6KB1;PDPK1;NOTCH1;ACVR2A;CXCL8;GAREM1;NTRK3;INPP5K;PDGFB;LIMS1;NR3C1;CTNNB1;WNT7A;ERBB2;SPHK1;CIB1;BMP6;ACVR1;VSTM2A;SHC1;DLX5;MAPK7;LRP2;ADAMTS7;BMP2;KNSTRN	GO_Biological_Process_2023
prerank	Ribonucleoprotein Complex Biogenesis (GO:0022613)	0.2998414105746548	0.8383940366548388	0.8397177419354839	0.9435287836328163	1.0	43/113	38.86%	SHQ1;NIP7;NOM1;RPS8;TMA16;URB2;XPO1;NOL7;UTP15;RPS13;KRR1;TBL3;NAT10;MRTO4;RPL7;WDR46;RPS19;RIOK1;RPL11;NOP58;WDR12;EMG1;CUL4A;MRPL36;WDR3;LTV1;RPF2;RCL1;CUL4B;LTO1;DIMT1;ZNF658;FBL;RRP36;RPL14;RSL24D1;RPS23;PNO1;GLUL;WDR36;SPPL2B;WDR75;ZNF622	GO_Biological_Process_2023
prerank	Translation (GO:0006412)	0.2887889115958439	0.8298191849148396	0.93	0.9447477900651363	1.0	45/228	22.82%	RPL15;GTPBP2;RPL22L1;QRSL1;MRPL13;TSFM;MRPL47;RPL30;GATB;RPS8;ZC3H15;MARS2;EEF1A1;NARS1;MRPS6;RPS21;RPL9;RPS13;RPL6;YARS2;MRPL17;MRPL14;FARSB;GARS1;RWDD1;RARS1;FASTKD2;RPL36AL;MRPS28;RPL34;CHCHD1;IARS2;MRPL16;MRPL19;ZAR1;RPL19;RPL7;MRPL43;MRPS7;MRPL44;RPL4;MRPL42;RARS2;RPS19;RPL29	GO_Biological_Process_2023
prerank	G2/M Transition R-HSA-69275	0.30456071629995873	0.8702936567202327	0.8418418418418419	0.9447576578653457	1.0	34/181	18.98%	MZT1;BORA;PLK4;PSMA6;DCTN1;LIN9;PSMD14;PSME4;PSMD12;CDC25C;TUBB4A;PSMD4;PSMD5;CEP63;XPO1;PPP1R12A;AKAP9;FBXL7;MNAT1;CCNH;YWHAG;CENPJ;NEDD1;PSMB11;HAUS6;CEP135;CSNK1D;PCM1;DYNC1I2;CCNA2;PHLDA1;CENPF;PSMA2;HSP90AB1	Reactome_2022
prerank	Mitochondrion Organization (GO:0007005)	0.2934462859999794	0.8396736468974098	0.8565697091273822	0.9450809618716778	1.0	33/155	21.82%	MTFR1;MEF2A;AGTPBP1;AFG1L;LRRK2;CAV2;HSPD1;SLC25A36;CHCHD4;NUBPL;VPS13C;SIRT5;RHOT1;MTX2;MTX3;NDUFS1;HK2;TRAK2;SLC25A46;OMA1;PRKN;PTCD2;MTFR2;AIFM2;TOMM70;PITRM1;STMP1;HIGD1A;RAB32;PPARGC1A;MSTO1;AIP;OXA1L	GO_Biological_Process_2023
prerank	Mitotic Spindle Checkpoint R-HSA-69618	0.3092749247413961	0.8669624560739045	0.7671370967741935	0.9458311915675747	1.0	28/108	26.89%	AHCTF1;DYNC1I1;ANAPC4;UBE2D1;DYNC1LI1;PPP2R5E;CENPN;NDC80;SGO1;ITGB3BP;XPO1;CENPU;SEC13;PPP2R5C;CENPE;SGO2;KIF2A;DYNC1I2;CENPF;ANAPC16;UBE2E1;MAD2L1;ZWINT;NDEL1;CENPH;SKA1;PAFAH1B1;CDC16	Reactome_2022
prerank	Transcriptional Regulation By RUNX1 R-HSA-8878171	0.2839506473672843	0.8180424606735068	0.913	0.9466817585081899	1.0	46/203	25.41%	YAF2;PRMT6;COMMD3-BMI1;CDK6;PSMA6;ELF2;PSMD14;PCGF5;PSME4;PSMD12;ACTL6A;PSMD4;H2AZ1;PSMD5;MYB;SOCS4;CTLA4;MNAT1;PAX5;CCNH;LDB2;RBBP5;PTPN11;PSMB11;GPAM;CSF2;TCF12;LMO2;TCF7L1;LIFR;ARID2;RUNX2;PSMA2;IFNG;CSNK2A2;PSMC1;TJP1;PML;YAP1;CCND2;PHC3;MOV10;GATA3;NFE2;PHC1;MYL9	Reactome_2022
prerank	Biological Oxidations R-HSA-211859	0.2891697662393203	0.8295977959325564	0.9078156312625251	0.947448478996898	1.0	44/212	21.91%	UGT2B7;UGT2B11;UGT2B4;NCOA2;TPMT;CYP51A1;UGT3A1;MTARC1;UGT1A6;CYP27A1;UGT2A2;UGDH;DPEP2;MTRR;CNDP2;GSTM5;MGST3;CYP7B1;MTARC2;SLC35D1;ADH5;PAPSS1;ADH7;ACSM4;COMT;CES1;ACSS1;UGP2;SMOX;CYP4V2;MTR;AHR;GLYATL3;HSP90AB1;GSTO2;GSTA3;CYP26C1;NR1H4;EPHX1;CYP39A1;CYP26A1;CYP19A1;TPST1;GSTM3	Reactome_2022
prerank	Activation Of GTPase Activity (GO:0090630)	0.3009852370765344	0.8403482164299797	0.8026052104208417	0.947562277572445	1.0	20/100	19.62%	ARHGAP24;EVI5;TBC1D4;TBC1D1;ARHGAP42;ARHGAP29;TBC1D30;TBC1D9;TSC1;TBCK;DOCK7;APC2;AGAP6;NGEF;NTF3;TBC1D22B;RALGAPA2;GARNL3;ARHGAP45;CXCL13	GO_Biological_Process_2023
prerank	Negative Regulation Of Cytokine Production (GO:0001818)	0.29559444717096506	0.8424817184872658	0.867	0.947939589695275	1.0	36/174	19.89%	ATP2B1;TLR6;CMKLR1;PTPRC;EZR;NAV3;NMBR;FFAR4;CYLD;GHSR;FCGR2B;FN1;IL12A;LGR4;MACIR;TNFRSF21;CD33;TWSG1;RARA;SFTPD;ABCD2;ATG12;PTPN11;ACOD1;APLP2;PTPN22;ADCY7;KAT5;GHRL;HDAC9;OTUD5;GAS6;IFNG;PPARA;NR1H4;TNFAIP3	GO_Biological_Process_2023
prerank	DNA Replication Pre-Initiation R-HSA-69002	0.291726960169691	0.8323165512575915	0.8688688688688688	0.9488737730914949	1.0	28/127	28.93%	ANAPC4;UBE2D1;PSMA6;PSMD14;PRIM2;ORC4;PSMD12;PSMD4;H2AZ1;PSMD5;MCM3;GMNN;ORC6;MCM6;DBF4;PSMA2;POLE2;ANAPC16;UBE2E1;ORC3;PSMC1;ORC5;CDC16;CDC7;PSMD6;KPNA1;MCM7;PSMC4	Reactome_2022
prerank	Cellular Response To Molecule Of Bacterial Origin (GO:0071219)	0.29916884753878153	0.8458140875478768	0.8284854563691073	0.9497821367557876	1.0	22/116	19.89%	HMGB2;BCL10;PEX2;PDE4B;CXCL6;MEF2C;CD86;FCGR2B;GFI1;CASP7;PLAA;PF4V1;IL1B;CXCL5;CXCL1;TNIP3;TLR2;CHMP5;AHR;CXCL13;EHHADH;TNFAIP3	GO_Biological_Process_2023
prerank	Translation R-HSA-72766	0.28365257953993966	0.819278464172933	0.946	0.9499289533023985	1.0	73/278	28.97%	RPL15;RPL22L1;RPL39L;MRPL13;TSFM;SEC11C;MRPL47;RPL30;NARS2;RPS8;MARS2;MRPL32;EEF1A1;NARS1;MTIF2;PPA2;DLGAP3;MRPS6;RPL10L;RPS21;RPL9;SEC61A1;EIF3H;RPS13;RPL6;YARS2;DTD1;MRPL17;MRPL14;EIF5B;FARSB;GARS1;RARS1;RPL36AL;RPL34;EIF2B5;CHCHD1;IARS2;SEC11A;SEC61G;MRPL16;MRPL19;RPL19;RPL7;MRPL43;MRPS7;MRPL44;RPL4;OXA1L;PABPC1;MRPL42;RARS2;YARS1;RPS19;RPL29;SRPRB;RPL11;AIMP1;MRPS2;RPS12;MRPL15;SARS1;TARS1;MRPL36;RPN2;EEF1B2;MRPS27;EIF4G1;VARS2;MRPL38;MRPS22;SSR3;MRPS18C	Reactome_2022
prerank	Metabolism Of Amino Acids And Derivatives R-HSA-71291	0.2855093016152395	0.8344611535564589	0.941	0.9509231384408912	1.0	92/358	30.96%	RPL15;TYR;RPL22L1;BHMT;SLC45A2;RPL39L;MRPL13;SLC25A13;MTAP;SLC25A21;PSMA6;PPM1K;BCAT1;PSMD14;RPL30;GATM;RNASE12;AMDHD1;PSME4;PSMD12;PSMD4;DIO2;RPS8;PSMD5;MTRR;MCCC2;GLDC;AADAT;RPL10L;RPS21;PAPSS1;RPL9;LIAS;PSMB11;RPS13;RPL6;SERINC5;HIBADH;DCT;BCKDHB;PDHX;HAAO;SLC6A12;RARS1;DBH;RPL36AL;RPL34;SMOX;PSMA2;MTR;SQOR;SARDH;MPST;RPL19;TXN2;RPL7;SERINC2;CHDH;ENOPH1;RPL4;PSMC1;RPS19;RPL29;PAPSS2;RPL11;AIMP1;INMT;HYKK;NMRAL1;RPS12;ASPG;APIP;SARS1;DMGDH;KYAT3;DIDO1;PSMD6;QDPR;BHMT2;SECISBP2;ADO;AZIN1;PSMC4;ASL;ECHS1;BBOX1;AASS;PDHB;SLC25A44;GADL1;GLUD1;SLC38A1	Reactome_2022
prerank	DNA Damage Response (GO:0006974)	0.2889163299183473	0.8428076660570124	0.939	0.9510070820694376	1.0	104/379	27.22%	ATF2;CBX3;NIPBL;FOXP1;SMARCA5;MSH6;BCL2;XRCC5;VAV3;MSH3;DYRK2;PSME4;ATR;PDS5A;PIDD1;SIRT1;INO80;MRE11;FANCL;BRAT1;PPP4R3C;HPF1;FOXE1;PWWP3A;OGG1;CEP63;POLQ;USP45;CRADD;CDKN2AIP;WAC;CTLA4;ZBTB38;RECQL;NPAS2;FBH1;POLB;TRRAP;SPIDR;MNAT1;GTF2H4;SLX4;RBBP5;ARMT1;UBE2E2;NABP1;TANK;HMCES;RAD50;ALKBH8;KAT5;CRIP1;BARD1;NUDT1;FBXO5;SMC1A;ETAA1;FANCC;GADD45A;RBBP8;BTG2;POLE2;SHLD2;CBX1;WDR48;CASP2;ERCC3;SETD7;KIN;MSH2;RFC2;CGAS;PCLAF;ZRANB3;NKX3-1;MCM9;EPHA2;USP16;PML;RAD51B;YAP1;FOXO1;TDP1;CDK1;METTL3;MUTYH;PAK1;LYN;APC;DDB2;PAXX;FAAP20;FMN2;SMC6;HDGFL2;CIB1;CUL4A;MRPL36;MORC2;RNF169;BCL6;WDHD1;ZBTB4;RNF168	GO_Biological_Process_2023
prerank	Assembly Of Pre-Replicative Complex R-HSA-68867	0.2907158285580712	0.8214093516714692	0.8640483383685801	0.9523699185816553	1.0	24/110	28.93%	ANAPC4;UBE2D1;PSMA6;PSMD14;ORC4;PSMD12;PSMD4;H2AZ1;PSMD5;MCM3;GMNN;ORC6;MCM6;PSMA2;ANAPC16;UBE2E1;ORC3;PSMC1;ORC5;CDC16;PSMD6;KPNA1;MCM7;PSMC4	Reactome_2022
prerank	Cellular Senescence R-HSA-2559583	0.28828353652054517	0.8359416840175948	0.8667334669338678	0.9537147204125586	1.0	47/163	30.52%	E2F3;COMMD3-BMI1;CDK6;ANAPC4;UBE2D1;TERF1;MDM2;HMGA2;TNIK;MRE11;H2AZ1;MAP2K3;TFDP2;JUN;EHMT2;SUZ12;CDKN2A;RAD50;KAT5;MAPK10;MAP3K5;CCNA2;EZH2;H1-1;TFDP1;TXN2;MAP4K4;FOS;ANAPC16;EED;UBE2E1;CXCL8;EHMT1;UBN1;PHC3;MOV10;PHC1;STAT3;CCNA1;CDC16;ACD;RBBP7;HMGA1;MAPK7;TINF2;CDKN1B;POT1	Reactome_2022
prerank	DNA Repair R-HSA-73894	0.27910178033788596	0.8063657565102058	0.955	0.95420427800619	1.0	84/306	27.41%	INO80D;XRCC4;CNKSR3;SMARCA5;ERCC5;MSH6;TERF1;XRCC5;MSH3;GEN1;FANCM;EYA4;ACTL6A;UBE2N;COPS2;INO80;MRE11;FANCL;UVSSA;LRIG3;H2AZ1;RCHY1;REV3L;OGG1;USP45;SPIDR;MNAT1;CCNH;GTF2H4;SLX4;POTEF;POLD3;POLD2;DCLRE1C;DNA2;SLC19A1;RAD50;ERCC6;PMS2;HMGN1;GTF2H2;KAT5;POLR2H;POLD4;BARD1;FANCC;RBBP8;CCNA2;ASCC3;REV1;NEIL3;RNF111;POLE2;RAD52;WDR48;ERCC3;UBE2V2;BRCC3;USP7;INO80B;POLR2D;ASCC1;MSH2;COPS6;RFC2;PCLAF;RAD51B;PPP5C;NSD2;TDP1;XRCC1;MUTYH;DDB2;FAAP20;NTHL1;POLK;RNF4;CCNA1;RRAD;CUL4A;ABRAXAS1;USP43;RNF168;ACD	Reactome_2022
prerank	G2/M Checkpoints R-HSA-69481	0.2921475946844945	0.83897020961615	0.8538538538538538	0.9545077335474123	1.0	40/146	29.23%	PSMA6;PSMD14;ORC4;PSME4;PSMD12;CDC25C;UBE2N;PSMD4;MRE11;PSMD5;MCM3;YWHAZ;YWHAG;PSMB11;DNA2;RAD50;YWHAQ;ORC6;KAT5;BARD1;RBBP8;MCM6;DBF4;PSMA2;UBE2V2;BRCC3;RFC2;ORC3;PSMC1;NSD2;CDK1;ORC5;RRAD;ABRAXAS1;RNF168;CDC7;PSMD6;MCM7;PSMC4;RMI1	Reactome_2022
prerank	Host Interactions Of HIV Factors R-HSA-162909	0.29511005023120895	0.8411839159045913	0.8433734939759037	0.9564171950363074	1.0	17/129	13.59%	PKN2;TPR;PSMA6;SGIP1;PSMD14;PSME4;PSMD12;FYN;PSMD4;ELOC;PSMD5;RCC1;ATP6V1H;XPO1;SEC13;PSMB11;PACS1	Reactome_2022
prerank	Antigen processing-Cross Presentation R-HSA-1236975	0.3024513987788693	0.8536214472677209	0.8056394763343404	0.9577806641229986	1.0	20/102	22.26%	TLR6;PSMA6;PSMD14;ITGAV;PSME4;PSMD12;PSMD4;CD36;PSMD5;FGA;SEC61A1;PSMB11;IKBKB;NCF4;TLR2;PSMA2;SEC61G;MRC1;LNPEP;PSMC1	Reactome_2022
prerank	Signaling By NTRK1 (TRKA) R-HSA-187037	0.280622851759858	0.7963737346320723	0.8815261044176707	0.9585323253491399	1.0	34/113	30.51%	RIT2;PIK3CA;MEF2C;MEF2A;CREB1;GDNF;SH3GL2;SOS1;NAB1;F3;FRS2;NAB2;KCNH8;BCL11B;NTRK1;IRS1;TCF12;CRKL;NGF;ADCYAP1;DUSP4;FOS;RALB;REST;STAT3;TRIB1;CDK5R1;RRAD;DUSP6;MAP2K1;SHC1;MAPK7;MAP2K2;ARC	Reactome_2022
prerank	Estrogen-dependent Gene Expression R-HSA-9018519	0.29970876080746267	0.8417204652544766	0.8278278278278278	0.960509008611419	1.0	28/118	25.23%	PGR;NRIP1;CHD1;BCL2;NCOA2;GDNF;ERBB4;EBAG9;H2AZ1;MYB;DDX5;TLE3;JUN;SMC3;GPAM;GTF2A2;KAT5;POLR2H;POU2F1;SMC1A;HSP90AB1;POLR2D;FOS;TGFA;MOV10;GATA3;NR5A2;GTF2A1	Reactome_2022
prerank	Golgi-to-ER Retrograde Transport R-HSA-8856688	0.30154028033479274	0.8482070715529633	0.8076535750251762	0.9611736428219068	1.0	48/110	38.53%	CAPZA2;DYNC1I1;DYNC1LI1;DCTN1;NBAS;KDELR2;KIF13B;PLA2G4A;COPB2;CAPZA3;CENPE;RAB6A;RAB6B;KIF2A;KIF16B;DYNC1I2;ARF3;DCTN6;PTGES2;DCTN4;KIF3A;TMED7;COPB1;GALNT2;DCTN2;PAFAH1B2;PAFAH1B1;KIF21A;RAB18;DYNC1H1;RINT1;CAPZA1;GALNT1;COPA;RAB3GAP2;KIF5A;KIF12;KIF19;DYNLL1;KIF25;KIF5C;KIF3B;COPG1;BNIP1;RAB3GAP1;KDELR1;KIF2C;KIFC1	Reactome_2022
prerank	Cell Surface Interactions At Vascular Wall R-HSA-202733	0.3004656807192552	0.8544668530330944	0.819	0.9614884046580534	1.0	44/131	33.85%	CAV1;CD47;PIK3CA;YES1;SDC1;ITGAV;SLC7A11;SOS1;FN1;FYN;ITGA5;CD44;ITGA4;PF4V1;PTPN11;CD58;GRB14;SDC4;PSG3;GAS6;SLC7A9;ITGAX;PROC;MERTK;TNFRSF10A;GYPC;F11R;CD48;ATP1B1;LYN;SLC7A8;SHC1;CEACAM8;EPCAM;MMP1;THBD;PSG2;TSPAN7;IGLL1;PF4;SDC2;INPP5D;SIRPA;CD99	Reactome_2022
prerank	Regulation Of Cytokine Production (GO:0001817)	0.2852488462762387	0.8093251906214705	0.9069069069069069	0.9616489977384773	1.0	65/158	36.22%	ATP2B1;FOXP1;CD47;PTPRC;ZBTB20;TXK;CADM1;FFAR4;FCGR2B;LGR4;PLA2R1;EIF2AK2;TWSG1;IGF2BP2;SFTPD;ZNF134;TRAF3;IL17F;ZBTB2;TRIM56;HDAC9;ZNF131;IFNG;LITAF;CASP8;IRF8;IFIH1;HILPDA;FLOT1;ZBTB45;IFI16;BTN3A1;BTN2A2;GAPDH;CLEC9A;TRIM21;GATA3;LYN;TBK1;AFAP1L2;BCL6;AGPAT1;EREG;DTX4;C1QTNF3;TMIGD2;BTN1A1;ZBTB1;SRGN;ZBTB25;TRIL;AGT;IL6;IL12B;ZBTB33;SIRPA;MAPKAPK2;BTNL8;NPTN;CRTAM;NOX5;ZBTB49;RPS6KA5;CIDEA;PTGER4	GO_Biological_Process_2023
prerank	Interferon Signaling R-HSA-913531	0.29450422300850865	0.8439024396450359	0.873	0.9624284781753769	1.0	47/193	24.89%	CAMK2D;TPR;SGIP1;IFIT5;TRIM2;UBE2N;EIF4E2;ISG20;JAK1;IFNGR1;IRF5;IFNA8;TRIM62;PPM1B;EIF4E3;HERC5;STAT1;EIF2AK2;CD44;KPNA5;SEC13;BCL11B;PTPN11;IRF4;EIF4A3;NCAM1;CAMK2G;NDC1;IFNG;NUP54;IRF8;TRIM14;NUP42;TRIM45;TRIM38;IRF2;UBE2E1;JAK2;IFIT3;PDZD2;OAS2;PML;CAMK2B;TRIM10;TRIM21;PTPN1;IFNA21	Reactome_2022
prerank	Negative Regulation Of Inflammatory Response (GO:0050728)	0.28569135160123094	0.8037153519118707	0.8630412890231621	0.9639934455535694	1.0	41/109	32.49%	SLC39A8;YES1;FFAR4;CYLD;GHSR;PLK2;FYN;MACIR;RORA;CCN3;LRFN5;ISL1;REG3A;GHRL;AHR;RHBDF2;PROC;PPARA;PPARG;NR1H4;TNFAIP3;TRIM45;RPS19;TNFAIP6;PTGIS;GATA3;LYN;STAT3;OTULIN;IL4;C1QTNF3;FEM1A;GSTP1;MAPK7;NLRC3;FNDC4;SLAMF8;SMPDL3B;FURIN;TYRO3;GIT1	GO_Biological_Process_2023
prerank	Macromolecule Biosynthetic Process (GO:0009059)	0.28367382449111156	0.8099991213909353	0.9209209209209209	0.9643355185974899	1.0	34/178	22.82%	RPL15;GTPBP2;MRPL13;TSFM;RPL30;GCNT1;EXT1;FUT9;RPS8;EEF1A1;MRPS6;RPS21;ALAS1;POLD3;POLD2;RPL9;RPS13;RPL6;YARS2;MRPL14;FARSB;GOLPH3;COL5A1;RPL36AL;RPL34;ZAR1;RPL19;RPL7;MRPL43;MRPS7;RPL4;MRPL42;RPS19;RPL29	GO_Biological_Process_2023
prerank	Gene Silencing By RNA R-HSA-211000	0.27396882567496156	0.7692579679348169	0.9017051153460381	0.9741346317363333	1.0	23/108	26.74%	PRKRA;ANG;MYBL1;TPR;TARBP2;H2AZ1;PIWIL2;TSN;SEC13;TDRD6;PIWIL4;POLR2H;NDC1;DICER1;NUP54;NUP42;POLR2D;ASZ1;PIWIL1;TDRD1;HENMT1;XPO5;MAEL	Reactome_2022
prerank	Regulation Of Cell Cycle Process (GO:0010564)	0.2788171405522101	0.7872619409146747	0.9108216432865731	0.9764798475651041	1.0	29/128	25.69%	BORA;PRPF40A;MAP9;AHCTF1;SH3GLB1;CAV2;HMGA2;CDC25C;ACTL6A;PIK3C3;RCC1;PRMT5;PUM2;ATF5;ARID2;FBXO5;DBF4;BIRC6;SIX3;ZFYVE26;YTHDF2;RAB11FIP4;INSM2;RAB11A;CTNNB1;INSM1;SPAG5;APC;CUL9	GO_Biological_Process_2023
prerank	Cellular Response To Lipopolysaccharide (GO:0071222)	0.2767686937514054	0.7820233800238281	0.9038076152304609	0.9774015008344057	1.0	54/123	39.82%	HMGB2;BCL10;PEX2;PDE4B;CXCL6;MEF2C;CD86;GFI1;CASP7;PLAA;PF4V1;IL1B;PTPN22;CXCL5;MTDH;CXCL1;TNIP3;CHMP5;CXCL13;EHHADH;TNFAIP3;CXCL8;CD180;MYD88;LYN;TRAF6;CXCL2;CARD16;GSTP1;NLRP7;ADAM9;IL6;CDC73;CD6;HMGB1;GIT1;CX3CR1;PPBP;PF4;SIRPA;NFKBIB;TNIP2;GBP3;HCK;SELENOS;CXCL3;LY96;NFKB1;TICAM2;AXL;NUGGC;TLR4;IL36A;CASP1	GO_Biological_Process_2023
prerank	DNA Double-Strand Break Repair R-HSA-5693532	0.2651809089881989	0.755083123137739	0.9478435305917753	0.9780953022047904	1.0	38/146	27.22%	XRCC4;CNKSR3;SMARCA5;XRCC5;GEN1;EYA4;UBE2N;MRE11;LRIG3;SPIDR;SLX4;POLD3;POLD2;DCLRE1C;DNA2;SLC19A1;RAD50;KAT5;POLD4;BARD1;RBBP8;CCNA2;POLE2;RAD52;UBE2V2;BRCC3;RFC2;RAD51B;PPP5C;NSD2;TDP1;XRCC1;POLK;RNF4;CCNA1;RRAD;ABRAXAS1;RNF168	Reactome_2022
prerank	Defense Response To Virus (GO:0051607)	0.2575578513861745	0.7423744289101778	0.97	0.9802015663411388	1.0	46/187	26.13%	LYST;PTPRC;BCL2;PMAIP1;UBE2W;DDX60L;NMBR;IFIT5;TRIM13;UBE2N;ISG20;CNOT7;USP44;TBKBP1;STAT1;EIF2AK2;RTP4;TRIM32;TANK;TRAF3;SERINC5;ACOD1;STING1;USP20;RAB2B;AZI2;TLR2;TRIM56;SKP2;PLSCR1;IRF2;IFIH1;CGAS;IFI16;IFIT3;OAS2;DDX60;PML;TRIM15;MOV10;TRIM21;MYD88;TRAF6;MORC3;DDX56;TBK1	GO_Biological_Process_2023
prerank	Ribosome Biogenesis (GO:0042254)	0.262781033597449	0.7440988277712738	0.9528585757271816	0.9826705714343971	1.0	53/147	38.86%	NIP7;NOC4L;NOM1;RPS8;EXOSC9;TMA16;URB2;XPO1;TSC1;NOL7;UTP15;RPS13;PIH1D2;KRR1;TBL3;NAT10;DHX29;MRTO4;MRM2;RPL7;WDR46;RPS19;RIOK1;NOL8;RPL11;NOP58;WDR12;DCAF13;EMG1;CUL4A;MRPL36;WDR3;LTV1;RPF2;RCL1;CUL4B;LTO1;WDR18;DIMT1;LYAR;ZNF658;FBL;RRP36;RPL14;RSL24D1;RPS23;PNO1;GLUL;WDR36;SPPL2B;EXOSC2;WDR75;ZNF622	GO_Biological_Process_2023
prerank	Regulation Of Tumor Necrosis Factor Production (GO:0032680)	0.27266335109899775	0.7703994069174562	0.9158316633266533	0.9828333181769123	1.0	51/126	38.56%	FOXP1;CD47;PTPRC;GHSR;IFNGR1;CD33;RARA;TWIST1;APP;PTPN11;ISL1;DHX9;IL17A;PTPN22;RIPK1;GHRL;TLR2;GAS6;DICER1;IFNG;EHHADH;NR1H4;TNFAIP3;IFIH1;CLU;JAK2;OAS2;SPHK2;STAT3;IL4;GSTP1;CCL19;NLRC3;THBS1;IL6;IRAK3;HMGB1;IL12B;CX3CR1;PF4;SIRPA;MAPKAPK2;CIDEA;SYK;SELENOS;LY96;LTF;DEFB114;SPN;TYROBP;TIRAP	GO_Biological_Process_2023
prerank	Negative Regulation Of DNA-binding Transcription Factor Activity (GO:0043433)	0.2625103582536106	0.7451740162238563	0.9468405215646941	0.9854919036611917	1.0	35/145	26.11%	NFKBIA;PKD2;CMKLR1;LRRK2;PKHD1;WWP2;CYLD;SIRT1;TBXT;BMP7;FZD6;RWDD3;POU4F2;GFI1;HDAC2;EOMES;TRAF3;CDK5RAP3;CDKN2A;MTURN;ARRB2;GAS6;TNFAIP3;TFDP1;USP7;PTCH1;IRAK2;COMMD6;ZNF431;ANXA4;PTGIS;TRIM21;HEYL;TRIB1;HAND1	GO_Biological_Process_2023
prerank	Positive Regulation Of Defense Response (GO:0031349)	0.26428229859005553	0.7498614000276287	0.939	0.986079066388859	1.0	22/123	19.94%	NFKBIA;CD47;MEF2C;SNCA;CASP4;POLR3G;EMILIN1;NPAS2;IL1B;APP;DHX9;EMILIN2;ACOD1;RIPK1;CD1D;TLR2;HYAL2;TRIM56;PLA2G7;PLSCR1;IFNG;NFKBIZ	GO_Biological_Process_2023
prerank	Regulation Of Inflammatory Response (GO:0050727)	0.26026057300397953	0.752156526981938	0.971	0.9881540328978553	1.0	66/234	29.76%	SNX6;NFKBIA;FOXP1;IL1RL2;CD47;SLC39A8;SNCA;PSMA6;CASP4;PTGS2;FFAR4;CYLD;GHSR;MACIR;RORA;CCN3;CMA1;DNASE1;LRFN5;IL1B;IL1R1;APP;ISL1;DHX9;ACOD1;LACC1;RIPK1;REG3A;GHRL;TLR2;NR1D2;HYAL2;PLA2G7;AHR;IFNG;PROC;PPARA;PPARG;NR1H4;TNFAIP3;NFKBIZ;TRIM45;AGTR1;JAK2;IL20;TNFAIP6;BST1;PTGIS;GATA3;TRADD;MYD88;STAT3;FBXL2;SPHK1;BCL6;CARD16;GPRC5B;OTULIN;IL4;C1QTNF3;FEM1A;NLRP2;NLRP7;MAPK7;NLRC3;FNDC4	GO_Biological_Process_2023
prerank	T Cell Activation (GO:0042110)	0.26906129043089183	0.7561059994225323	0.914572864321608	0.9891139044326959	1.0	17/104	15.42%	LEPR;PTPRC;PPP3CA;CD86;HSPD1;DPP4;IFNA8;KIF13B;CD8A;CD3G;RHOH;CD44;IFNW1;LMBR1L;IRF4;NCOR2;PTPN22	GO_Biological_Process_2023
prerank	Defense Response To Symbiont (GO:0140546)	0.24884665399973374	0.712886641344672	0.966933867735471	0.9909664454274072	1.0	30/146	22.89%	LYST;PTPRC;BCL2;PMAIP1;DDX60L;IFIT5;ISG20;CNOT7;TBKBP1;STAT1;EIF2AK2;RTP4;TANK;TRAF3;SERINC5;ACOD1;STING1;RAB2B;AZI2;TLR2;TRIM56;SKP2;PLSCR1;IRF2;IFIH1;CGAS;IFI16;IFIT3;OAS2;DDX60	GO_Biological_Process_2023
prerank	Defense Response To Bacterium (GO:0042742)	0.22983584365044402	0.6641441301536471	0.99	0.9921004869800264	1.0	12/194	8.59%	HMGB2;NOD1;TLR6;LYST;ANG;CASP4;RPL30;RNASE12;RNASE11;IL12A;TFEB;F3	GO_Biological_Process_2023
prerank	Positive Regulation Of Cellular Component Organization (GO:0051130)	0.21349486833145237	0.6000194757636528	0.9899799599198397	0.9952026864955625	1.0	20/113	21.63%	LMAN1;SH3GLB1;SNCA;DCTN1;ICE1;FNIP1;BMP7;TRABD2A;NRXN1;TGFB2;SPIDR;IGF1R;RELN;CHAF1B;CBLL1;IFNG;RAPGEF3;NRG1;CLU;FLOT1	GO_Biological_Process_2023
prerank	Peptide Biosynthetic Process (GO:0043043)	0.243956795310215	0.691048894270209	0.975975975975976	0.9952426176980548	1.0	26/150	22.82%	RPL15;PCSK1;MRPL13;RPL30;RPS8;EEF1A1;MRPS6;RPS21;RPL9;RPS13;RPL6;YARS2;MRPL14;FARSB;PCSK5;RPL36AL;RPL34;ZAR1;RPL19;RPL7;MRPL43;MRPS7;RPL4;MRPL42;RPS19;RPL29	GO_Biological_Process_2023
prerank	Regulation Of Protein-Containing Complex Assembly (GO:0043254)	0.23656030454550547	0.6649575383781111	0.9749498997995992	0.9952517084413633	1.0	25/118	21.83%	HJURP;SH3GLB1;CRYAB;SAR1B;ICE1;FNIP1;SEPTIN9;CD36;BBS10;TRABD2A;EIF2AK2;SPIDR;FARP2;ATF7IP;PTPN11;ISL1;CHAF1B;SEPTIN8;IAPP;IFNG;ANKRA2;NRG1;OPRD1;CLU;RALB	GO_Biological_Process_2023
prerank	Positive Regulation Of Inflammatory Response (GO:0050729)	0.22241841168730442	0.6223263793227075	0.9859154929577465	0.9959497130683648	1.0	17/103	22.60%	NFKBIA;CD47;SNCA;OSMR;CASP4;IL1B;APP;DHX9;RIPK1;TLR2;HYAL2;PLA2G7;IFNG;EHHADH;NFKBIZ;AGTR1;RPS19	GO_Biological_Process_2023
prerank	Positive Regulation Of Response To External Stimulus (GO:0032103)	0.23355343627645106	0.6664193907907228	0.987	0.9983476265509011	1.0	46/154	33.16%	NFKBIA;CD47;SASH1;SNCA;CASP4;PLAU;POLR3G;EMILIN1;IL1B;APP;DHX9;EMILIN2;ACOD1;PTN;RIPK1;CD1D;TLR2;HYAL2;TRIM56;PLA2G7;PLSCR1;IFNG;STX3;NFKBIZ;LY86;NRG1;AGTR1;CD180;PDGFB;TRADD;BMP6;EREG;GPRC5B;RARRES2;FEM1A;CCL19;THBS1;PDGFRB;THBD;RNF185;AGT;IL16;IL12B;RIOK3;CCL21;GBP5	GO_Biological_Process_2023
prerank	Keratinization R-HSA-6805567	0.18187063885435326	0.5264427775115722	1.0	0.9993519416471713	1.0	35/203	25.51%	KRTAP13-3;KRTAP6-1;KRT76;KRT79;KRTAP3-1;KRTAP6-3;KRTAP19-3;KRTAP9-3;KRT2;PCSK6;KRT4;PKP4;KRTAP9-9;DSC3;KRT6B;KRTAP10-10;ST14;RCAN1;DSG4;KRTAP20-1;KRTAP21-1;CAPNS1;LCE3E;KRTAP10-12;KRT72;KRTAP19-4;DSG3;KRTAP22-1;SPRR1B;KRTAP13-2;LIPK;LIPJ;LCE3A;KRTAP13-4;KRTAP19-5	Reactome_2022
prerank	Phase I - Functionalization Of Compounds R-HSA-211945	0.2197301720770707	0.6095402260163925	0.9838220424671386	0.9993752029565425	1.0	20/103	21.09%	NCOA2;CYP51A1;MTARC1;CYP27A1;CYP7B1;MTARC2;ADH5;ADH7;CES1;ACSS1;SMOX;CYP4V2;AHR;HSP90AB1;CYP26C1;NR1H4;EPHX1;CYP39A1;CYP26A1;CYP19A1	Reactome_2022
prerank	HDR Thru Homologous Recombination (HRR) Or Single Strand Annealing (SSA) R-HSA-5693567	0.2182020356211946	0.6145232831750679	0.9909182643794148	1.0	1.0	28/111	27.22%	GEN1;UBE2N;MRE11;SPIDR;SLX4;POLD3;POLD2;DNA2;SLC19A1;RAD50;KAT5;POLD4;BARD1;RBBP8;CCNA2;POLE2;RAD52;UBE2V2;BRCC3;RFC2;RAD51B;NSD2;POLK;RNF4;CCNA1;RRAD;ABRAXAS1;RNF168	Reactome_2022
prerank	Immunoregulatory Interactions Between A Lymphoid And A non-Lymphoid Cell R-HSA-198933	-0.1502995947814715	-0.6854506411592748	1.0	1.0	1.0	40/115	24.83%	KLRC1;CD200;KLRK1;JAML;LILRA2;KLRF1;CD300E;IGLL5;ITGAL;CD19;LILRB1;KLRD1;MICB;HLA-F;CD1C;TREML1;SIGLEC8;LILRB5;ICAM3;LILRA1;SIGLEC7;SIGLEC5;ITGB1;FCGR1A;SIGLEC10;CD300LG;KLRG1;NCR2;LILRA6;IFITM1;CD40LG;CD3E;CD22;NCR3;KIR3DL1;ULBP1;KLRB1;CD40;CD300LB;CD300LD	Reactome_2022
prerank	Reproduction R-HSA-1474165	0.24114410937447886	0.6798249306810343	0.9719157472417251	1.0	1.0	27/111	32.13%	SYCP2;TERF1;SYNE1;PRDM9;SYNE2;SYCP1;MRE11;H2AZ1;SMC3;RAD50;MSH4;SMC1A;RBBP8;SPAM1;TEX12;IZUMO1;LMNA;OVGP1;DIDO1;ACD;RAD21;TINF2;PSMC3IP;POT1;ADAM20;STAG2;ARTN	Reactome_2022
prerank	Homology Directed Repair R-HSA-5693538	0.23384951449943003	0.6590292162888901	0.9859013091641491	1.0	1.0	30/116	27.22%	GEN1;UBE2N;MRE11;LRIG3;SPIDR;SLX4;POLD3;POLD2;DNA2;SLC19A1;RAD50;KAT5;POLD4;BARD1;RBBP8;CCNA2;POLE2;RAD52;UBE2V2;BRCC3;RFC2;RAD51B;NSD2;XRCC1;POLK;RNF4;CCNA1;RRAD;ABRAXAS1;RNF168	Reactome_2022
