depth_bp	r_nuc	p_nuc	r_nuc_ss	p_nuc_ss	r_prot	p_prot	r_prot_ss	p_prot_ss	depth_gbp
100000.0	-0.20708680688156647	0.49723564799314296	0.1934468085703884	0.5469069513206631	-0.1808599275027906	0.5543164095384615	-0.4391960908261891	0.15315455651581433	0.0001
100000.0	0.3643719039038	0.22094435967222392	0.2766352134607492	0.3840697807460903	-0.1875986389544857	0.53939299472138	-0.541686227383298	0.06889671056905014	0.0001
100000.0	0.12329717336083593	0.6882008423137079	0.3959278350527722	0.20264537762303214	-0.21877535601887838	0.4726973418389354	-0.3099909331462417	0.32680110927173045	0.0001
100000.0	0.49853089476928325	0.08291020418153554	0.5123216516148938	0.08857289202952065	0.36480960728800205	0.22034840773196812	0.31292701124987415	0.3219970780018092	0.0001
100000.0	0.46985148663425846	0.1052178340122012	0.45324082860376247	0.13893384750129176	-0.6407467350424021	0.01829323269897871	-0.6052633458070148	0.037032359998311316	0.0001
100000.0	0.0023561444400458653	0.9939049421338904	0.30756947762069703	0.3307923532304909	-0.18097410974634348	0.5540621127435159	-0.445628600190226	0.14653094641564926	0.0001
100000.0	0.17703745377236466	0.5628575442243686	0.4122091507363434	0.1830056040140613	-0.2897875533053238	0.33685840742509804	-0.483992623780381	0.1108564306262366	0.0001
100000.0	0.02354006546283065	0.9391548062105344	-0.089109930002747	0.783011263380187	0.6878420037060851	0.009359727826262087	0.624170892827749	0.030058707290741296	0.0001
100000.0	0.3753237985687998	0.20632928081012405	0.28421711842015934	0.3706237491850127	-0.40651793252708746	0.1680649412615676	-0.3479503144550978	0.26772882363071754	0.0001
100000.0	0.19859928728953008	0.5154091812867884	0.2770195613589114	0.383382203140568	-0.42764226183591675	0.14493796056678626	-0.3896931528510541	0.21049376959863958	0.0001
100000.0	0.4634919175597011	0.11066523254431876	0.38448338816163186	0.2171914911034244	-0.2942415740802069	0.32914327563202583	-0.5389346303187917	0.0705987880701102	0.0001
100000.0	0.39459805662380476	0.18210205418636274	0.38657091944464445	0.21449248067848523	-0.30753138943620106	0.30671319425156973	-0.3927697585050953	0.20659812863391738	0.0001
100000.0	-0.15306695667339176	0.6176096000769289	0.36453924478341526	0.24400697629062557	0.009448409686665493	0.9755611874219944	-0.3242156880440214	0.30389063661011284	0.0001
100000.0	-0.25192033784420786	0.4063650545869023	0.5176848591152344	0.08472572228111504	-0.05373282623897994	0.861598753393164	-0.20972099122981908	0.5129832282800888	0.0001
100000.0	0.2385945744670856	0.4324395294450755	0.4809476148584071	0.1134528575379825	0.260359459200955	0.3902789014913301	0.05000364137130106	0.8773534875922149	0.0001
100000.0	0.32668406183074117	0.27596106343397636	0.5790218294522022	0.04852432764703831	-0.5055610534016519	0.07798770765870079	-0.6695153591255609	0.017241390370806766	0.0001
100000.0	0.37440431770456667	0.20753258736595975	0.38470525289786206	0.21690366840036784	-0.19849763896095346	0.5156286020259576	-0.3052386376516919	0.33465912883676796	0.0001
100000.0	0.21250081694212283	0.4857982233429513	0.19938768242337795	0.5344158719074567	0.16499926279138627	0.5901040213638266	-0.08181454498510336	0.8004456563373783	0.0001
100000.0	-0.42689526070407796	0.1457180703168957	-0.1555702541944229	0.6292396382354589	-0.0021606553215532606	0.9944106412017097	-0.3962234434129651	0.2022777710339564	0.0001
100000.0	0.5874863138438913	0.03474969465295079	0.5809491649102807	0.04760445204937649	-0.38732071567487836	0.19102643526099608	-0.3997190962606066	0.19796167592976605	0.0001
100000.0	0.3529106604058824	0.23690088163403614	0.37622013691297723	0.22807557008451038	-0.028993147644787193	0.9250921313065736	-0.1187260963659843	0.7132446331994253	0.0001
100000.0	0.1936419449230865	0.5261582751728676	0.07617783328728175	0.8139740834019077	-0.3754581038483583	0.20615388162182618	-0.3516689903514754	0.2622995625121814	0.0001
100000.0	0.47502469402730674	0.10092304096608741	0.5101173105904637	0.09018779399411457	-0.26464186888613883	0.38224482753642736	-0.20567641308120754	0.5213271049764274	0.0001
100000.0	0.1311863067925701	0.6692381780171108	0.02954455454332256	0.9273772510892838	-0.2949295753342844	0.32796035204881596	-0.5905438949849338	0.0432072509264805	0.0001
100000.0	0.31159985441290444	0.3000246303460958	0.6778205883696717	0.015422355265710926	0.0781075268026067	0.7997809380066805	-0.04836679540720352	0.8813428212883965	0.0001
100000.0	0.47962832516060333	0.09720284206128153	0.43924082861960667	0.15310784146091236	-0.5019922560446658	0.08046044309680724	-0.525569367241555	0.07927831641774186	0.0001
100000.0	0.0036217918671218943	0.9906309731659255	-0.140346054524743	0.6635285171257777	0.07587296012539545	0.8054089283836274	0.150442019434038	0.6407188660425887	0.0001
100000.0	0.34527870391264215	0.24790198491268572	0.324685094962076	0.3031503126074591	-0.5663633792920518	0.043597456635933424	-0.6123542035857253	0.034294553284779226	0.0001
100000.0	-0.5815876616402209	0.037075167938105176	-0.360169106448	0.2501315189139716	0.06851765796061003	0.8239937598029952	-0.11941231170492321	0.7116496508171	0.0001
100000.0	0.619844475721554	0.023838768144552602	0.5927744506612235	0.042227743692239514	-0.4305723498612855	0.14190443149592621	-0.44554666649811364	0.14661413666835732	0.0001
100000.0	-0.03425587801010026	0.9115392805120173	0.06236016731636111	0.8473284675226326	0.20050751639861536	0.5112977466360707	-0.15809926917993206	0.6236060217901702	0.0001
100000.0	-0.47021681588098113	0.1049105408501819	-0.5347102825414294	0.07326779811250358	-0.06388272892143607	0.8357491117811674	0.2120183593382207	0.5082700362050016	0.0001
100000.0	0.4886159174685822	0.09021220129310659	0.4582873669086599	0.13404046014880724	-0.3696843564604288	0.2137779198971268	-0.34899738781730955	0.2661935874937676	0.0001
100000.0	0.455166127804468	0.11808013940075082	0.5025959146914873	0.0958472578688962	0.24429776986047544	0.4211802929067893	0.3055012762672743	0.3342222028613858	0.0001
100000.0	0.3941101303722401	0.18269197961515726	0.6892042423581782	0.01316383355501753	-0.2535007686132593	0.4033270884981699	-0.35689464595092657	0.2547790230736791	0.0001
100000.0	0.7593581338923847	0.0026051577191765624	0.7161149500612645	0.008803136662794723	-0.3254373117223662	0.2779059208405521	-0.20164769164193572	0.5296961119614617	0.0001
100000.0	0.33579193537178176	0.26199521670101306	0.42182608879200695	0.17198350306254215	-0.19963958233176032	0.5131659615238963	-0.26384683703543044	0.40730596693050847	0.0001
100000.0	0.2875027720715379	0.3408542851551274	0.3189301420732275	0.3122961893810033	-0.16701189427947397	0.585512778771564	-0.21214214287728814	0.5080166301881074	0.0001
100000.0	0.006404581142090443	0.9834330122867107	-0.0635384196529939	0.8444745510572031	0.2979623200663304	0.3227741630872812	0.1600528493560044	0.6192668588885554	0.0001
100000.0	0.16456728524941588	0.5910913007540793	0.17626976618789533	0.583686995662444	-0.3966218669920836	0.1796680814801651	-0.49307159909090514	0.10334958392674891	0.0001
100000.0	-0.3569422287787065	0.2312108339660653	0.14134947866664802	0.6612493494392521	0.18641637188091997	0.5419986980217155	-0.17747513121036695	0.5810748034457778	0.0001
100000.0	0.262716542842244	0.38584605940961036	0.20013251658979817	0.532858405900811	-0.1661477576112464	0.5874823196127297	-0.21650775185930582	0.4991153005433341	0.0001
100000.0	-0.07059761114272585	0.818729298665716	0.24714854496979283	0.4386731427476234	-0.42597687912475507	0.1466809154615175	-0.48686404266133965	0.1084443670278431	0.0001
100000.0	0.11094976906799178	0.7182157940555889	0.07190841859657102	0.8242522648136267	0.04055058709942304	0.895358003777802	-0.06296488707554437	0.8458635267217106	0.0001
100000.0	0.26142256916642986	0.38827629889189724	0.21082356456279516	0.5107188456657317	-0.18185736087794457	0.5520966659794182	-0.11758971192462106	0.7158882685373036	0.0001
100000.0	0.7762915758530398	0.0018067935657091658	0.7419342574031782	0.005732960427385608	-0.6080083911273382	0.027482933827246498	-0.6818411083062039	0.014594449253560576	0.0001
100000.0	-0.007586360298837427	0.9803765432748551	0.17499042699093448	0.5864645168902026	-0.2931225529715912	0.3310723226154377	-0.5297860368020283	0.07646540795873039	0.0001
100000.0	-0.0986695290166282	0.7484414909370567	0.11680617039523881	0.7177127370711732	0.4721565975641907	0.10328910832493068	0.3788048486909589	0.22463668671132397	0.0001
100000.0	0.2959052107975399	0.32628693399642006	0.29235223225391294	0.35647454272478163	0.053192592819374385	0.8629783971770415	-0.029939987725385614	0.9264075535829384	0.0001
100000.0	-0.28618817707751515	0.34316510765740194	0.26241809157378254	0.4099447795598276	-0.15118254811097206	0.6219968836112619	-0.6322345320206321	0.027393471096929686	0.0001
100000.0	0.007537662552086599	0.9805024870322662	-0.16269934077328368	0.6134064127141984	-0.22558162382778368	0.45867730504574966	-0.00650739440828086	0.9839866132310155	0.0001
100000.0	0.36339535833412506	0.2222775266961997	0.351528023136535	0.26250420016308273	-0.4952870207128221	0.08525246548738846	-0.553701505083668	0.06179518835907136	0.0001
100000.0	-0.11909299460918046	0.698375963178009	0.06756388733527838	0.8347373536040782	-0.1749488194357158	0.5675473154309485	-0.36497715536949665	0.24339818960486986	0.0001
100000.0	0.06503263039394892	0.8328296470803028	0.03941641826409863	0.90319931944507	0.1792000282878239	0.558018699867787	-0.05099906720916858	0.8749287027029913	0.0001
100000.0	0.4903252994462529	0.08892289379620481	0.4066135098790151	0.1896162367208097	-0.249615155235965	0.4108170376835012	-0.15282946823044427	0.6353655372589794	0.0001
100000.0	0.4827895428257251	0.09470321084269451	0.4478927429443798	0.14424406413409957	-0.4112997137680808	0.1626350741509805	-0.5091506433633695	0.09090220133952355	0.0001
100000.0	0.3015039029402472	0.3167761661485183	0.28079647841635397	0.3766593003649172	-0.604057014310638	0.02878611802492115	-0.6742508886605899	0.016185958114956506	0.0001
100000.0	-0.1667230290490901	0.5861708685042685	-0.028108479117707752	0.9308996083094564	-0.04382577381408187	0.886953107004063	-0.1506499695804196	0.6402519538418587	0.0001
100000.0	-0.29738828694123953	0.3237522656191723	-0.22965554569979238	0.4727362761445504	0.4001608196232209	0.17546180629388716	0.33212427458533705	0.2915525186533696	0.0001
100000.0	0.5155342099187492	0.07135873548958961	0.45842075472330684	0.13391266022037598	-0.562973633014249	0.04515537218988239	-0.5572560555324236	0.059795712998150445	0.0001
100000.0	0.4237339993487905	0.14904984025000517	0.44418417257894816	0.14800197229250645	-0.4422769012149799	0.1302038090750697	-0.4775633906746817	0.11638532322206094	0.0001
100000.0	0.11234435997389564	0.7148061253939523	0.06355317181889224	0.844438829751302	0.1948967042388042	0.52342832598034	-0.13189643383427044	0.6828232317379835	0.0001
100000.0	-0.14513507039356854	0.6361538883467288	-0.25798357868562793	0.41818918197386457	-0.4776636311110798	0.09877886144582376	-0.3664980901212513	0.24129074563902678	0.0001
100000.0	0.4733004306565926	0.10234101979941818	0.3970718708726244	0.20122496889705635	-0.17619932381894676	0.564737537894248	-0.31843925785807836	0.31308330055072436	0.0001
100000.0	-0.07013983194172548	0.8198873669821806	-0.19417699931364868	0.5453651585999573	0.39256636057285443	0.18456644099010142	0.3038057002822288	0.337048406845504	0.0001
100000.0	0.3255693514514564	0.2776995696355862	0.28359111541255083	0.37172450768609333	-0.17316977048970586	0.5715545251861122	-0.14295584201005576	0.6576061689033345	0.0001
100000.0	-0.016896112706174513	0.9563101674781156	-0.05449317113369635	0.8664252592346168	0.4774093548343982	0.09898410011752416	0.34264788567119614	0.2755815726816068	0.0001
100000.0	-0.14969446383697604	0.6254695957818988	0.15731215128055673	0.6253574341982326	0.10880167361643439	0.7234771163964359	0.01849955625486177	0.9544945160310228	0.0001
100000.0	0.21515792646297427	0.4802299153639344	0.29476653337991476	0.3523313060037146	-0.20277905769016363	0.5064227309713217	-0.5208512504265732	0.08250845964517492	0.0001
100000.0	0.20064248313288838	0.5110075062306413	0.19943427474749503	0.5343183896543556	0.03498947741454467	0.9096517485742109	-0.23606693746824486	0.46011215157319224	0.0001
100000.0	0.2506396488392598	0.40883538925949775	0.10400828120545266	0.7476982034197196	0.0012454352760309373	0.9967781917371342	0.009384428415933233	0.976908219812339	0.0001
100000.0	0.3030522376637695	0.31417372020270595	0.5039631532690956	0.09480120783004557	-0.2314203797925291	0.44681155405341066	-0.20168181625362747	0.5296249835992809	0.0001
100000.0	0.28697983410839334	0.34177249279822025	0.4390949784303083	0.1532601712649942	0.21745110602452017	0.47544834560024596	0.20108131191554932	0.5308772532964324	0.0001
100000.0	0.41653283906617616	0.15682384268227983	0.3343172778869773	0.2881821593549366	-0.41952211387029037	0.15356556343520594	-0.36203952922477267	0.2474992772004912	0.0001
100000.0	-0.2591242633007949	0.3926123951952391	-0.03640908933671985	0.9105576863745696	-0.0791105527779056	0.7972575875378859	-0.383586149924591	0.2183578203289393	0.0001
100000.0	0.11256152636565864	0.7142756065479702	0.04270387041917027	0.8951635543594005	-0.1146823506639665	0.7091008604107031	-0.11579858783099851	0.7200608730093637	0.0001
100000.0	-0.3223541630728979	0.28274962101889994	-0.016785058418572613	0.9587085333687256	0.3437637615888872	0.25012142759225947	0.2216814622587351	0.4886574317422892	0.0001
100000.0	0.45461583644920095	0.11858165502179648	0.3961914197901547	0.20231757459063107	-0.3955807381989404	0.18091761719172728	-0.5841406364812459	0.04610835606770269	0.0001
100000.0	-0.09562848310961462	0.755979709430423	0.37057256775107417	0.2356984174834651	-0.20057734288024842	0.5111475784634454	-0.6706655029409424	0.01698053866280398	0.0001
100000.0	-0.2234469632313724	0.4630528014862896	-0.3451891372703077	0.27180175438161563	0.45930085902560874	0.11435733990540527	0.44538610702692943	0.14677724645061707	0.0001
100000.0	0.32942746844311405	0.2717095608036391	0.32770844390967413	0.298406225498925	-0.4073737959991533	0.16708464611379265	-0.386489061182137	0.2145979323633892	0.0001
100000.0	0.2885525153949151	0.3390151654045434	0.284692542287041	0.3697889056085932	-0.08994842747563066	0.7701125073654729	-0.2610081772542395	0.41255715864493453	0.0001
100000.0	0.320171216226799	0.2862084696523703	0.5013740110101901	0.09678864881236447	-0.19837218343039753	0.5158994708070935	-0.29791131343603466	0.3469731104904454	0.0001
100000.0	0.028471409101650413	0.9264368095200809	0.47949103590145714	0.11470894455841602	-0.2761710618526577	0.36105270222987873	-0.27823964851783395	0.38120373633735233	0.0001
100000.0	-0.06034024525292855	0.8447550995203797	0.3438030039090236	0.27385975208861224	-0.009629245062226309	0.9750935760166711	0.06894545499822244	0.8314003200566258	0.0001
100000.0	-0.16735604296603196	0.5847291265008775	0.2630687618251647	0.40874197081176983	-0.1935827213701273	0.5262872800952164	-0.4335793870977955	0.15909191002685005	0.0001
100000.0	0.4862649464935522	0.09200633941571451	0.41585619288614606	0.17877528313381655	-0.2217682476553021	0.46650765441790076	-0.3603450316117417	0.24988324305303183	0.0001
100000.0	0.3947629462704363	0.18190296842722506	0.4845913783284941	0.11035055666584687	-0.4215037060254913	0.15143008849146575	-0.4079426146817517	0.18803286258181334	0.0001
100000.0	0.1303779113699292	0.671173206773335	0.3507325079063084	0.26366075978612735	0.03477839196203289	0.9101948215482046	-0.16422783198768787	0.6100311014944518	0.0001
100000.0	0.41226237796030235	0.16155579680429702	0.4624441408828032	0.13009494682898945	0.0966587468158801	0.7534236039229247	-0.028101993127913824	0.9309155195520938	0.0001
100000.0	0.3134397435507132	0.2970274124986166	0.22145733515907676	0.48910840120063587	-0.49833611734183564	0.08304957284671442	-0.4303285500649819	0.16259415757748832	0.0001
100000.0	0.27539431480163246	0.3624602538692727	0.2575889161119627	0.4189268651352246	-0.508187636774224	0.07620192442832976	-0.4647377185596425	0.12795068433504195	0.0001
100000.0	-0.3306830875468091	0.2697765851411095	0.14997030043045423	0.6417784637244583	-0.18851436843914474	0.5373784370838376	-0.23693021266182074	0.45842457432899875	0.0001
100000.0	0.2593418157413121	0.39220087779155677	0.2724100417327312	0.391670054012664	-0.22155421056180383	0.4669490277894599	-0.16901547824489013	0.599504000490543	0.0001
100000.0	0.18826910601146496	0.5379176843215614	0.23683469507580598	0.45861115360070404	0.34020145330216733	0.2553869327222035	0.24241521630783153	0.4477707618705427	0.0001
100000.0	0.19680532154791727	0.5192877655294205	0.13413527168329709	0.6776933053030545	-0.15084322636585934	0.6227881213500471	-0.10527025350424002	0.7447263712941984	0.0001
100000.0	0.05405791186122673	0.8607687262896685	-0.03000550107183278	0.9262469079050656	0.10162456170033361	0.741136145281995	-0.1309876312837383	0.684909136524716	0.0001
100000.0	0.22455540771595894	0.46077829915729174	0.22705199550998786	0.4779079681313319	-0.3058123209867244	0.3095645192048283	-0.3363389816054399	0.28509471511653495	0.0001
100000.0	0.5031985256078655	0.07961864546229626	0.5268015103235181	0.07844918197343063	-0.3496220672233671	0.24160440041866663	-0.5271323414640001	0.0782275708549839	0.0001
100000.0	0.2538306206163945	0.40269450652157507	0.4254138653075893	0.16798093569428396	0.26871679119493475	0.3746813718482262	0.18196527768539966	0.5713848250607727	0.0001
500000.0	0.4617109734926378	0.11222418054445987	0.610038479110248	0.03517217205815935	-0.7551477141757563	0.0028407218252023245	-0.7979395267200696	0.00186858108715929	0.0005
500000.0	0.33369614790125	0.2651711189124965	0.30409884934493947	0.3365588626022498	-0.4441748468493707	0.12836886046331764	-0.35519129151491896	0.2572164236579086	0.0005
500000.0	0.27363322927157707	0.3656624020600719	0.5367215252381582	0.07198857887162281	-0.6135223069283877	0.025737667755031734	-0.6709970973075791	0.016905874469128866	0.0005
500000.0	0.11366996525230638	0.7115696312609583	0.48403525074303666	0.11082036539043706	-0.3448023533385153	0.2485985798573254	-0.5588892300702138	0.05889229549075992	0.0005
500000.0	0.4638456216333941	0.11035736696023785	0.4578474125449913	0.13446254499722332	-0.7250314241241832	0.005045143357406797	-0.783391248645522	0.002576640356257607	0.0005
500000.0	0.35452241266869344	0.23461603881901638	0.6487705853879971	0.022468130633313023	-0.5920465856113154	0.03302614134049974	-0.7607155770149563	0.004067185007444581	0.0005
500000.0	0.24432115773133103	0.4211344263677971	0.6361358702848721	0.026167230869106575	-0.31682177908671516	0.29156289380017036	-0.4542549284120217	0.13794139367284186	0.0005
500000.0	0.46694045883099566	0.10768824445488381	0.5625532572394953	0.05690012544172965	-0.5040939755027449	0.0789977228278191	-0.6048251559414856	0.037206502517365785	0.0005
500000.0	0.07510955456345604	0.8073336385823305	0.26542959345166617	0.40439267580868665	-0.3264148922992357	0.2763802782254646	-0.34692614233271424	0.2692354150025262	0.0005
500000.0	0.2492352460943704	0.4115531233314237	0.398512480813262	0.19944503844707423	-0.5600801897004737	0.046516549876724336	-0.5554269193369783	0.06081891802900551	0.0005
500000.0	0.03847882515101002	0.9006798804610424	0.32910718481348133	0.29622557534806343	-0.5338005061249997	0.06025851219476257	-0.6645200993596508	0.018408545992206704	0.0005
500000.0	0.5342239832091306	0.06001667420929384	0.670821768136305	0.016945322758559478	-0.6907098925445636	0.008951695017688093	-0.7306673328588533	0.006952191540028561	0.0005
500000.0	0.21752437916270223	0.4752959314846626	0.14006947994292065	0.6641571873466582	0.020164062613996073	0.947869398116514	0.2554467091996091	0.4229421694017283	0.0005
500000.0	-0.010361052230792103	0.9732013158017182	0.32771925199795787	0.29838934115966864	-0.5537676131759439	0.049588131672826066	-0.6640910559565971	0.018511421209918333	0.0005
500000.0	0.46999279124382015	0.10509890471314727	0.6794062209961105	0.015091818539528224	-0.7116171041991102	0.006371269420397933	-0.7448457825426069	0.005445941121806211	0.0005
500000.0	-0.0741029395039079	0.809873058152984	0.01525788575944239	0.9624629495936752	-0.4843783819755628	0.0934636626660519	-0.48550685137289784	0.10958005641468781	0.0005
500000.0	0.21850272670271131	0.4732630893633113	0.4217124897112593	0.17211120472003957	-0.38316859350469823	0.19623934220689274	-0.502124968902568	0.09620935717173441	0.0005
500000.0	0.10023723521912997	0.7445634050293936	0.49289436046259294	0.10349279234604941	-0.3757736067835628	0.20574220744895674	-0.48778416910958017	0.10767887213863551	0.0005
500000.0	0.5674859861396999	0.043090162410080055	0.7354684464914681	0.006410999735640251	-0.5315222754813856	0.06157140653351822	-0.6331960603300631	0.027087474537472865	0.0005
500000.0	0.2744133774120001	0.3642420146798289	0.3836622970247643	0.21825868947873284	-0.5748781494477568	0.03985549087041353	-0.6427870132692908	0.024169013628899633	0.0005
500000.0	0.4789069917350588	0.09777946461894436	0.4954852587063644	0.10141249446128861	-0.3628372247987355	0.22304169034913274	-0.3811997198351846	0.22147832165235198	0.0005
500000.0	0.6821189614015667	0.010216083418202014	0.7957096939500264	0.0019660572971514447	-0.6820890125931267	0.010220715537480517	-0.6853723424161925	0.013894747237620847	0.0005
500000.0	0.3089767290881245	0.30432745183070486	0.4265745495410608	0.16669875009822244	-0.4614862116938956	0.11242197149113059	-0.5964073513689266	0.04066627979266167	0.0005
500000.0	0.1883433752501705	0.5377543674161203	0.29115547871795155	0.3585378368674059	-0.4874895539361471	0.09106875463498006	-0.5602604200261103	0.058141170344451897	0.0005
500000.0	0.549768242134977	0.05160771890122271	0.5102043881883837	0.09012362668492607	-0.655558960973911	0.014991571648040526	-0.6005206386985048	0.03894833975798527	0.0005
500000.0	-0.04663294831922073	0.8797578612163415	0.37082699189378854	0.23535179254112928	-0.4781849125450387	0.09835901794207062	-0.6261529818986087	0.029386988158297343	0.0005
500000.0	0.5233968285146897	0.06641861031585973	0.6404528352470487	0.024857197885671232	-0.5400213277955707	0.0567747130002529	-0.507363447756123	0.0922330460643994	0.0005
500000.0	0.24457145773059352	0.4206437138779916	0.10476453968456059	0.7459169009187719	-0.5403866194453752	0.05657469693433613	-0.46866568435127703	0.12433227102736887	0.0005
500000.0	0.4183115606478855	0.1548797049072251	0.5706525256473134	0.0526641659204924	-0.35912991209658	0.22815828447189967	-0.46936973962159323	0.12369086111339521	0.0005
500000.0	0.33789655755361814	0.2588286605991722	0.34361197763694856	0.2741440688252498	-0.4944668953665111	0.08585180344286653	-0.34601903410026225	0.27057387367940655	0.0005
500000.0	-0.037225772887965726	0.9039005510862147	0.4316174553816962	0.16119978460361334	-0.3154615100508216	0.2937537497583727	-0.5533541073524765	0.06199305901461293	0.0005
500000.0	-0.1759519035529375	0.565293015441799	-0.08693175636079142	0.7882074044633403	-0.5045055282006671	0.07871347583158879	-0.46041828677865143	0.13200826613386535	0.0005
500000.0	0.792675370553732	0.0012302647124266596	0.7739849460908429	0.003132808240136397	-0.5469017999752486	0.05309089481126566	-0.5151555982256403	0.0865256144374658	0.0005
500000.0	-0.2733458297880982	0.3661864043311756	-0.046927549093821685	0.8848526594884767	-0.4241534421624374	0.1486049405177034	-0.4903698674882035	0.1055469567182605	0.0005
500000.0	0.4320535085000043	0.14038697185838517	0.7315472590396712	0.00685052916223712	-0.5022371745209389	0.08028902886912302	-0.5609729740419401	0.057753486452023994	0.0005
500000.0	-0.1033581457518756	0.7368596673645553	0.3613866365458635	0.248416233392486	-0.21756973168314253	0.47520160603284445	-0.41802235852613007	0.17629184944637588	0.0005
500000.0	0.6261507588299011	0.02204994125684382	0.718587591272411	0.008465308264071138	-0.21736386268991098	0.4756298487866755	-0.25102321707220926	0.4312930058021721	0.0005
500000.0	0.6142786038049487	0.02550482406136701	0.7296557690699443	0.007070456930322982	-0.687105640746632	0.009466738687215426	-0.7021396877288377	0.010905259685909932	0.0005
500000.0	0.5438976869270385	0.05467767666133104	0.5587191985955856	0.058985905356539685	-0.6561207966803067	0.014875855427982795	-0.6849678145427334	0.013973620206695268	0.0005
500000.0	0.48876029939204796	0.09010280675887172	0.6274581723568757	0.02895061418968106	-0.5398295863573237	0.05687990218609853	-0.5932500346848413	0.04202095356994577	0.0005
500000.0	0.15975810868611778	0.6021261633903241	0.26901294773102713	0.39783589768031064	-0.5222266359539277	0.06713814087739117	-0.5392177413992641	0.0704223409652708	0.0005
500000.0	-0.14213750466808187	0.643213890021522	0.24572444852436504	0.4414008631319804	-0.17572942720928508	0.5657926837793664	-0.5284528499242753	0.07734727023631288	0.0005
500000.0	0.1893840399155278	0.5354682066090405	0.25160735273517415	0.4301856756138403	-0.5620223292553731	0.04559969345901783	-0.6242366855800389	0.030036234846792232	0.0005
500000.0	0.44561572773381275	0.12698733553531602	0.699905016836895	0.01127314795594061	-0.7148756351207501	0.006027075867198784	-0.7567958171208363	0.004379827365238535	0.0005
500000.0	0.3761149898093762	0.2052973402315808	0.4468466795200861	0.14529776019739618	-0.47204383695856306	0.10338289406537562	-0.4561080358564636	0.13613971382596082	0.0005
500000.0	0.21761337625149302	0.475110841130004	0.3169276311846201	0.3155140097488152	-0.40506291441137604	0.1697399578752277	-0.4534360133244912	0.1387424714316854	0.0005
500000.0	0.012107991269107887	0.9686847315857849	0.19893856909980648	0.5353559107734577	-0.24986082834635137	0.4103413949874625	-0.17689925435397474	0.5823222342242331	0.0005
500000.0	0.4308868771036552	0.14158129907670602	0.6737364697587396	0.016298247090531317	-0.49868331137157734	0.0828012588414443	-0.530978824470885	0.07568226446969566	0.0005
500000.0	0.17390862630618012	0.5698888951792587	0.47369096634594365	0.11980159896887448	-0.3894438924099621	0.1883948533039361	-0.39538638615904237	0.20331976069044422	0.0005
500000.0	0.031836619192813075	0.9177669496092312	0.04797032920081992	0.8823094761409633	-0.34559838319182334	0.24743515535504443	-0.26822770256656736	0.39926809881135167	0.0005
500000.0	0.38836153895827774	0.18973350784196918	0.4856492276746346	0.10946054808422476	-0.5473898776432935	0.05283622828784342	-0.5546554972388684	0.06125406868787147	0.0005
500000.0	0.36896905873333624	0.21473438301658632	0.6154432851153304	0.03314839189769668	-0.6036489705641849	0.02892323165124182	-0.8162989255620468	0.0011994836243826364	0.0005
500000.0	0.14857987728950578	0.6280753567327824	0.33669240802439554	0.28455691801396704	-0.6173571105276687	0.02457304940847502	-0.6401192595559346	0.024956693184859876	0.0005
500000.0	-0.19966499193865161	0.5131112245340763	-0.02825850353216991	0.9305315792458985	-0.26621744565225924	0.3793109620530778	-0.44716444879697614	0.14497715072498876	0.0005
500000.0	0.3663828777432571	0.21821448233705495	0.3994189441436037	0.1983300352372906	-0.6481814386095761	0.016574573490228017	-0.6795378803412395	0.015064609886812042	0.0005
500000.0	-0.5035109686725151	0.07940160765860463	-0.5535773703210837	0.06186584259739516	-0.13153491710885112	0.6684043003643435	-0.11732307679979373	0.7165089731392562	0.0005
500000.0	0.3960163134655872	0.18039418180171915	0.5069548666541148	0.09253913112092405	-0.31572694093077047	0.2933255057558167	-0.4680621746770409	0.12488381158501805	0.0005
500000.0	0.4483908078589606	0.12435451907776707	0.6355166012248377	0.026359170011687885	-0.5174287899751135	0.07014557100705694	-0.6553621389380531	0.02069711817928266	0.0005
500000.0	0.3521107636920279	0.23803980186245885	0.39315747163629805	0.2061103429180057	-0.04436912134630155	0.8855597797274632	-0.02554826048005782	0.9371820127238445	0.0005
500000.0	0.20222288434861665	0.5076144115582816	0.49026186346642814	0.10563543939933025	-0.5978830829476399	0.030912392049638127	-0.6146416790707996	0.03344313862249166	0.0005
500000.0	0.6300245533460576	0.021001695328525326	0.6719464845097892	0.016693436685840616	-0.7006492084688034	0.007641467726137569	-0.7479676572839666	0.005150364925095188	0.0005
500000.0	0.531162937024598	0.06178031621367583	0.6087489567330079	0.035667778044339814	-0.6608044552751249	0.013937127120684593	-0.6520623670285506	0.021570456171159085	0.0005
500000.0	0.25951560474953633	0.3918723032469607	0.299290050141814	0.34463779445669485	-0.558251812215593	0.047391736364648655	-0.6719318513261117	0.016696696094571153	0.0005
500000.0	0.5109838148449996	0.07433235825709196	0.4831339211007387	0.11158460651276132	-0.40991097943819554	0.16420020840946534	-0.45848058264547115	0.13385536431639036	0.0005
500000.0	0.44144894849324945	0.1310097013360631	0.7136980255875357	0.009142984016935723	-0.5414157602253902	0.05601388260948146	-0.6082162178637966	0.03587397626668493	0.0005
500000.0	0.2923121610435762	0.33247322933110585	0.53549853866303	0.0727645971126905	-0.4443087379143774	0.12824006599589594	-0.504392557934408	0.0944742680091904	0.0005
500000.0	0.06664994541306377	0.828726820313933	0.5034836946247506	0.09516715530281798	-0.2959041212480878	0.3262888001476048	-0.4343597906692651	0.1582583465069836	0.0005
500000.0	0.12652277395784253	0.6804266396911307	0.40501197470042627	0.19153508389320503	-0.35881786914608016	0.2285921794848418	-0.48959064134727653	0.10618644739126012	0.0005
500000.0	0.3568890858176911	0.23128529324752478	0.4621685428673168	0.13035416759500548	-0.5682743278782373	0.042736473666632344	-0.6141820647982552	0.03361298105690745	0.0005
500000.0	0.06484782195581727	0.8332987218323362	0.22799238620537393	0.47603698326814553	-0.2929263799511364	0.33141114249731585	-0.3187791667892252	0.3125381548304698	0.0005
500000.0	0.401978096544404	0.17332648398915476	0.5695754597687464	0.053214316144936186	-0.408344700359193	0.16597704110013606	-0.4109401047054897	0.1844920836342471	0.0005
500000.0	0.13869014816266978	0.6513674556145033	0.24183612161956913	0.4488899447854179	-0.49711640373828214	0.0839260002602004	-0.5577896689714102	0.05949948335845702	0.0005
500000.0	0.32511569860415673	0.2784089101840603	0.4004755921463602	0.19703513793275518	-0.5044330960553711	0.07876345089893014	-0.5886272356370158	0.04406167496027884	0.0005
500000.0	0.2179848092227246	0.4743387246845005	0.5702032887290003	0.05289314318415416	-0.5676345715746145	0.043023338786737336	-0.6844819537908887	0.014068787434078406	0.0005
500000.0	0.5821430614568401	0.03685151688459316	0.658765973813548	0.01982356613384296	-0.5747479530202166	0.03991089202356202	-0.6816348296295712	0.014636110053703353	0.0005
500000.0	-0.05859352874383489	0.8492022121412238	-0.08261814538592618	0.7985209775044357	-0.18301361365581592	0.5495281643198878	-0.19293744064451876	0.5479835508284291	0.0005
500000.0	0.5383117894416729	0.05771745502821481	0.6839153861438464	0.014180366270611054	-0.7153505903683932	0.005978123214817768	-0.7612555023729483	0.004025483197818401	0.0005
500000.0	0.5971473131947544	0.031173245775577493	0.6664489563621974	0.01795121407784414	-0.3811604772803655	0.19879213250975253	-0.318422520255263	0.3131101578858663	0.0005
500000.0	0.6420944527686795	0.017972233511685778	0.682168202217921	0.014528567524368834	-0.5370039764925639	0.05844612385241083	-0.7254991790840579	0.007572326096017225	0.0005
500000.0	0.42035024078221017	0.1526707608592933	0.4611489836329653	0.13131606274844576	-0.607201103495963	0.027745580539546278	-0.609880888879381	0.035232473527139506	0.0005
500000.0	0.6278809306411408	0.0215770717008012	0.6216788826218324	0.03091882854158061	-0.5156334440781931	0.07129483055098118	-0.40895500825746595	0.1868323033370861	0.0005
500000.0	0.34842192544046313	0.24333479896078272	0.5127452647189596	0.08826480797487778	-0.5290089522737076	0.06304309756988856	-0.5868937584133549	0.04484466918338858	0.0005
500000.0	0.4989123478779327	0.08263773305082438	0.6184202675421424	0.032070056862588694	-0.5840876446801178	0.036076186892598526	-0.6336785019050578	0.02693487665486485	0.0005
500000.0	-0.04759448956884157	0.8772952011500085	0.6024395230868639	0.038164842107840234	-0.5484500600160347	0.05228605707346595	-0.6435646539943343	0.023942844534485398	0.0005
500000.0	0.29312089046806344	0.3310751931997667	0.4973915298220722	0.0998998678663186	-0.5466545632498063	0.05322023019571909	-0.5934787921079414	0.041921743034868106	0.0005
500000.0	0.593592198177639	0.03245640601367784	0.6110155779223687	0.034799933804778804	-0.5540843147641061	0.04943066177729619	-0.5424509626226436	0.06842872942872777	0.0005
500000.0	0.2817637656421776	0.3510050690756576	0.6371513138685607	0.025854691370356758	-0.19384849133975213	0.5257084694610019	-0.43780744752577916	0.15460909965336747	0.0005
500000.0	0.7053147211423303	0.007079530575162334	0.7269971295036255	0.007388484800510115	-0.5213220697117147	0.06769808445710612	-0.5791982555735524	0.04843960737914336	0.0005
500000.0	-0.008206735045687155	0.9787721467208818	0.3223892899478137	0.30678072218368874	-0.4637946029382116	0.11040173813410936	-0.6898280436030997	0.013047594310109158	0.0005
500000.0	0.3695082840421451	0.21401311149825075	0.5698394046060913	0.053079126315026044	-0.5186202957043077	0.06939005634693447	-0.6050014055467217	0.03713638851435603	0.0005
500000.0	0.4098610446561928	0.16425666599441274	0.6099255657152798	0.035215370558210335	-0.5351947265538733	0.05946489996583542	-0.6226731664114243	0.030573556381985154	0.0005
500000.0	0.46700212659919604	0.10763550778083902	0.6603328113994456	0.01943064623273152	-0.6015681270328146	0.02962992200701677	-0.6886685160066419	0.013264270616074993	0.0005
500000.0	-0.11079010376141783	0.7186064715402132	0.1545258146399443	0.6315715495034503	-0.31393734676490725	0.29621976067540634	-0.29616605077584307	0.349941347682221	0.0005
500000.0	0.147307336404004	0.6310552525123626	0.3848667746830969	0.2166942729867828	-0.5796009171411474	0.03788327779879011	-0.635691335480466	0.026304909255922316	0.0005
500000.0	0.4050066552918543	0.16980493738077795	0.43169379497319377	0.1611174370055726	-0.5536137545835786	0.049664762518433034	-0.5470467264826238	0.06566242040872167	0.0005
500000.0	0.3226902675104583	0.2822192314950204	0.3992013191768229	0.1985973767771552	-0.6223085428580721	0.023127496933676397	-0.623345471479011	0.03034167078068777	0.0005
500000.0	0.003544543461823285	0.9908307954728927	0.6068803134617156	0.03639478479674985	-0.09044367256496874	0.7688775965943688	-0.6356119521577869	0.026329550372158117	0.0005
500000.0	0.6463243611076599	0.016992038689353325	0.6052101797001312	0.03705345786976279	-0.7016106377693588	0.007522975942492617	-0.6463329511920438	0.02315017350956821	0.0005
500000.0	0.16841998973713943	0.5823090856736256	0.5866994499111257	0.04493304490723001	-0.40492184487017924	0.16990292388379521	-0.7232566708808841	0.007853923760910176	0.0005
500000.0	0.40440172461743096	0.17050464215734767	0.44962563814375606	0.14250936794175662	-0.40555379474043296	0.1691736654139301	-0.34764845212816103	0.2681723662234717	0.0005
1000000.0	0.5232493556630027	0.06650898863316358	0.5627975962664018	0.056768970668109146	-0.6417269987014727	0.018059333196076468	-0.6361559660499432	0.026161019286464797	0.001
1000000.0	0.22006044745962633	0.47003487885933687	0.38960999509372823	0.21059967993882933	-0.6777935374308222	0.01090176047712484	-0.6942731066921339	0.012241150253982779	0.001
1000000.0	0.4531250457787649	0.11994747302197449	0.6499599188504066	0.022140720142847157	-0.7400657623550091	0.003823021763030633	-0.8508065921115745	0.00045064689433995937	0.001
1000000.0	0.013384547412888054	0.9653848249397061	0.40779331809210306	0.1882103111126384	-0.33655829693844475	0.2608395320951444	-0.6088395141515385	0.03563281191085827	0.001
1000000.0	0.22952265307222655	0.4506516849245344	0.4946620469843507	0.1020704169587142	-0.4667765941249981	0.10782846224122329	-0.563407882779223	0.05644230621325231	0.001
1000000.0	0.5870146395615838	0.03493162958545617	0.7310015316951529	0.006913447416648487	-0.714167101875937	0.006100673714514918	-0.7135012561717872	0.00917107648673366	0.001
1000000.0	0.39003598364702546	0.1876650826727825	0.8552960320099501	0.00038988008397437536	-0.678435868648497	0.01079779438875197	-0.8180141977595571	0.0011480396263730604	0.001
1000000.0	0.5416451776249456	0.055889406049480846	0.757411982753326	0.004329515443936096	-0.7137766949046197	0.006141520061693375	-0.7975194753827077	0.0018866541262351616	0.001
1000000.0	0.26188552553473704	0.3874058958296183	0.35792392596831385	0.25331274902206463	-0.4995131451750745	0.08220984317805684	-0.5176581826488342	0.08474457229382248	0.001
1000000.0	0.36291642939782986	0.2229331503091786	0.6392698192452775	0.025211358141008684	-0.5220590248193994	0.06724164871181365	-0.6120341554200902	0.03441490233736366	0.001
1000000.0	0.4497842328597093	0.12304635878771368	0.43460074718709246	0.15800153845826695	-0.6212036059867847	0.023444473269163473	-0.6180282661705848	0.03221058923757489	0.001
1000000.0	0.29332942452246874	0.33071523253547647	0.6904527510591306	0.012931948814407297	-0.6995335822426059	0.007780743606172901	-0.8346289883957964	0.0007327162602586378	0.001
1000000.0	0.2165158296576386	0.47739581053777075	0.4479245164293423	0.14421213597366225	-0.6138493700782195	0.02563678207673405	-0.7706894957829278	0.003347788992853922	0.001
1000000.0	0.26332934676368874	0.38469792039383804	0.5443211944966609	0.06729347806123316	-0.6468638263519678	0.016869967003661432	-0.7191571162047488	0.008388889047089546	0.001
1000000.0	0.6144087911458608	0.02546490022468969	0.7257460839312669	0.007541790474523944	-0.5573170428519932	0.04784371791878485	-0.5772850632574764	0.04936390012838067	0.001
1000000.0	-0.12906094132941073	0.6743295895803517	0.35013929439667435	0.264525121580916	-0.7023313457945668	0.007435076124664619	-0.8198596621183322	0.001094606187998957	0.001
1000000.0	0.02858748256790304	0.9261376373716348	0.11275161104633773	0.7271751962703946	-0.5972127379226218	0.031149985579469765	-0.6736444693675507	0.016318389428227782	0.001
1000000.0	0.658492980966905	0.014394659063921586	0.8238130917324932	0.000986595117797368	-0.7874002802931298	0.0013972400174430074	-0.8132516081513075	0.0012952358733238564	0.001
1000000.0	0.3015071553643819	0.31677068682214876	0.4387485693257232	0.15362235779134917	-0.3426351988090158	0.2517824988346973	-0.3751094168266021	0.22956296751214753	0.001
1000000.0	0.5951870721929092	0.03187607803346809	0.7657052731227527	0.0036940163180932137	-0.721886418091597	0.005334975317706669	-0.7986161474807922	0.0018397481239380029	0.001
1000000.0	0.19288144957492193	0.5278158904012378	0.19160360296514545	0.5508069112131777	-0.3903744321730801	0.18724873708079293	-0.4045482172629618	0.19209295599161014	0.001
1000000.0	0.18239514030793208	0.5509014145367118	0.4104560444263073	0.18506105154669691	-0.45512868519863126	0.11811421807251074	-0.5013669568726431	0.09679410146627583	0.001
1000000.0	0.32987464545110146	0.27102022195622716	0.43119664876666086	0.16165418807455745	-0.6609929975249265	0.013900296007276361	-0.6971835156413729	0.011733532426697392	0.001
1000000.0	0.42963875409983476	0.14286641992200713	0.6359244572985692	0.026232643117564302	-0.5287580750652245	0.06319135037561782	-0.634942041847157	0.026538160558222963	0.001
1000000.0	0.44126803663308245	0.13118623195250678	0.5628916203017144	0.05671855726376747	-0.5230860808194037	0.06660915202415651	-0.6753184977278032	0.015954733588315353	0.001
1000000.0	0.15819048878460992	0.6057402104191181	0.796860782233209	0.00191526412350356	-0.5900755436399925	0.03376325080758106	-0.7491436405986238	0.005042223985733351	0.001
1000000.0	-0.49158873514009915	0.0879781344379227	-0.4190429521636513	0.17512929805244706	-0.21308629689732322	0.4845687152956642	-0.320322363797763	0.3100697910429078	0.001
1000000.0	0.051541860279448494	0.8671962270184379	0.367523455513748	0.23987608506053226	-0.45837967891668346	0.11517981680688602	-0.5564409490593093	0.060250187436123634	0.001
1000000.0	0.6511759135039267	0.015917661315834077	0.7447912430613892	0.00545121596181777	-0.6843373003073394	0.009877381006979137	-0.8352071936723736	0.0007207364665247145	0.001
1000000.0	0.09448407077477203	0.7588217018594038	0.064509158075482	0.8421245542914799	-0.6321466184824861	0.0204434136699196	-0.6661811796603594	0.018014200699162153	0.001
1000000.0	0.4862765411343779	0.09199743138174103	0.6594000159961488	0.019663873010963888	-0.48614142394213944	0.09210127717454827	-0.5110768925013336	0.08948238080655319	0.001
1000000.0	-0.17844764334490662	0.5597002242047164	0.3777327299607553	0.22605930973201288	-0.4771890862041498	0.09916212449457062	-0.715477087897592	0.008891895441556923	0.001
1000000.0	0.15507295698082266	0.6129520277477646	0.5645646062112386	0.05582675653656681	-0.6446300485626548	0.017379732107684575	-0.7223629318985255	0.007968309911918475	0.001
1000000.0	0.013712200467314958	0.9645379193945768	0.260985083614866	0.4126000168859225	-0.5760489367889396	0.039359797112528454	-0.6726626805839564	0.01653448100726073	0.001
1000000.0	0.3938265089812254	0.18303544705015365	0.5721745770811733	0.05189353473521544	-0.6027497700484413	0.029227079521195513	-0.5741322218953063	0.05091402742484239	0.001
1000000.0	0.09591363099999113	0.7552720216118879	0.17703614237877496	0.5820256201626482	-0.6465180095311744	0.016948143607550408	-0.6265298140082657	0.029260515866196404	0.001
1000000.0	0.4198717603713231	0.15318735080810209	0.6713132822195429	0.016834904776147484	-0.5229286134960396	0.06670585316316474	-0.6884958172016568	0.0132967683187951	0.001
1000000.0	0.2999777310454475	0.31935315847305734	0.3179842777208262	0.3138138199473984	-0.6656864280968706	0.013006833000852716	-0.6222777077496979	0.03071054836622426	0.001
1000000.0	0.44116233934300303	0.1312894424327899	0.6151096714241231	0.03327083292149217	-0.7156996215835401	0.005942344176189138	-0.866328202830025	0.00026739711755567906	0.001
1000000.0	0.42588851836275693	0.14677377302094471	0.7204216886579179	0.008221052622744583	-0.6267668380665339	0.021880689350640095	-0.6972259424849598	0.01172625002561094	0.001
1000000.0	0.1714561425449737	0.5754252244962297	0.5171691403817696	0.08509064160537254	-0.6295064753784166	0.021139696855100545	-0.7715580528759056	0.0032900725655142246	0.001
1000000.0	0.4009470767668477	0.17453589593744365	0.36237718659614593	0.24702583575372683	-0.6834818708738555	0.01000696468694382	-0.673244439694809	0.016406183748229976	0.001
1000000.0	0.16215141190388663	0.596624683636991	0.22837414801483355	0.4752784013024879	-0.44622441676285274	0.12640670451087524	-0.45849184818915445	0.1338445773302481	0.001
1000000.0	0.5801184849962571	0.03767153683870925	0.6566958203312906	0.0203515661704258	-0.7184715678693471	0.005663993432241217	-0.8128434402705973	0.0013084945996958823	0.001
1000000.0	0.37305822371980357	0.2093020291187466	0.7289590435185074	0.007152786812704776	-0.6089626803751254	0.027174826040726654	-0.7861162328054185	0.0024305759708358925	0.001
1000000.0	0.39941558161279794	0.17634229832468656	0.4854890528717815	0.1095950022666056	-0.6893607712941778	0.009141920832097082	-0.6858869084587923	0.013794895163204039	0.001
1000000.0	0.32285357510487983	0.2819617324776759	0.32611850114412316	0.3008958621292845	-0.5759710768922227	0.03939262243218268	-0.5403014208620374	0.06974974777693183	0.001
1000000.0	0.09135593957278182	0.7666041427253095	0.2951340854960469	0.35170279798531934	-0.6230883089222634	0.022905721535062974	-0.6061183781288106	0.03669423394061242	0.001
1000000.0	0.534310469215955	0.05996736869127165	0.7188239871439429	0.00843352562920897	-0.5807927100131949	0.03739699677967765	-0.7123757014647818	0.00933300977011333	0.001
1000000.0	0.7400528902107814	0.0038239591151537603	0.7708778160452575	0.0033352101098404175	-0.6181581543326881	0.024334778168284624	-0.6179188234124205	0.03224990322017843	0.001
1000000.0	0.42553205582730136	0.14714876664655716	0.4686843089269582	0.1243152756508242	-0.7638401436126109	0.0023713887056532393	-0.7620880365546718	0.003961817378274163	0.001
1000000.0	0.2653341816513806	0.38095421592168266	0.43891727411734005	0.15344590106922396	-0.5446033912969922	0.054301925584958	-0.7100344282400234	0.009676668559049558	0.001
1000000.0	0.5054885840200083	0.07803738747434082	0.4907241417378937	0.10525706261770748	-0.720329289282414	0.005483127878852029	-0.7891398318803771	0.002275996125542718	0.001
1000000.0	0.634346354087749	0.019876428180677506	0.852777146813833	0.0004231314628744181	-0.5911909616662887	0.03334465985117282	-0.6274915889278349	0.02893950347758001	0.001
1000000.0	0.3020854142435499	0.31579734551335154	0.5454288257050043	0.06662729700791661	-0.5887340808952319	0.03427173456288486	-0.671794551599525	0.01672730113643275	0.001
1000000.0	0.12145111895783323	0.6926629013620352	0.4134379967657055	0.1815733360028144	-0.6653069211966014	0.0130774238409076	-0.7923870644398929	0.002118469562789574	0.001
1000000.0	0.34636431073283347	0.24631881014684592	0.7176304330813293	0.008594910773187636	-0.7659267101594802	0.002268297020061206	-0.8130778423225504	0.0013008677047122903	0.001
1000000.0	0.495987643065829	0.08474275308607096	0.8149296297607007	0.00124180991695928	-0.5623562992293731	0.04544335093774078	-0.6447280380802296	0.023607360082335008	0.001
1000000.0	0.7179024986291828	0.005720303583587434	0.7851658324782165	0.002480781711487773	-0.7454608460709835	0.003445511106352796	-0.7688501008530746	0.003472556399870593	0.001
1000000.0	0.6625677796808171	0.01359552117918983	0.8390239420666991	0.0006454095302077983	-0.7818188839063146	0.0015927281286947147	-0.8386058559742449	0.0006533495040992507	0.001
1000000.0	0.4865506565603683	0.0917870039425483	0.8161053951626978	0.0012053974473063458	-0.7667479590436312	0.0022286929241621366	-0.8314658302907781	0.000801004919125555	0.001
1000000.0	0.07245533594901961	0.814033209740515	0.6608956332213262	0.01929090602769243	-0.4596874457201404	0.11401335540757332	-0.7144972133940386	0.00902954467059911	0.001
1000000.0	0.32597966610228607	0.2770589012329158	0.4956695293172284	0.10126561184481649	-0.7462862065911743	0.0033904040416948113	-0.7487464082276325	0.0050785590161646806	0.001
1000000.0	0.43876177456298177	0.13364803003982118	0.5378864644218032	0.07125469683682681	-0.7827354892891099	0.001559237614320188	-0.786615132032495	0.0024045336444470772	0.001
1000000.0	0.2759395958670543	0.3614718369900111	0.7175104843410005	0.008611256153458334	-0.6883427106079446	0.009287490191380254	-0.8212068870445359	0.0010568246118531045	0.001
1000000.0	0.24692449253243134	0.41604467164681475	0.20881296169090574	0.5148513653964569	-0.7326796860988438	0.0043908077498202676	-0.7112578362820374	0.009495937812010915	0.001
1000000.0	0.192895960485858	0.5277842403587852	0.4713111796888413	0.12193340740278957	-0.455624228509379	0.11766372916395847	-0.7087448533682847	0.009869935798329836	0.001
1000000.0	0.48095883932030714	0.09614535231710351	0.5131292691126785	0.08798615730020753	-0.6924383431103476	0.008712402088557239	-0.7153363662860625	0.008911566529113707	0.001
1000000.0	0.4044877073825685	0.17040507611719535	0.604628469591763	0.03728485787285222	-0.7476255257720271	0.0033024368479930124	-0.8612222620741152	0.00031963937891745967	0.001
1000000.0	0.3997604036978677	0.1759345448075707	0.5002516597072358	0.09765878939811026	-0.5066717018886857	0.07722907636997224	-0.5596069390585792	0.05849830397715183	0.001
1000000.0	0.36580576099298845	0.21899578122159877	0.688252384727334	0.013342676287150274	-0.6064866246393397	0.027979568569493733	-0.6882083004052442	0.013351002489144692	0.001
1000000.0	0.3498496176313292	0.24127714952243384	0.7322015111592242	0.006775666496028145	-0.724040453934656	0.005135126213674249	-0.8150018424885194	0.0012395494575729697	0.001
1000000.0	0.5301856361917582	0.06235102596838024	0.5793662326611202	0.04835904115332444	-0.6202699105682837	0.023714822479870355	-0.6452908914145616	0.02344628187598508	0.001
1000000.0	0.1956643019265329	0.5217613561461588	0.43633523310703554	0.15616076680195748	-0.41381789143826736	0.15982164707256324	-0.6318312700074685	0.027522545346707464	0.001
1000000.0	0.44234045609160083	0.13014208382152995	0.6918999306054731	0.012666962502487123	-0.6565490961173697	0.014788094100281843	-0.7259727170325219	0.007513843223382219	0.001
1000000.0	0.34363084573036845	0.2503167183512393	0.4983845653229295	0.09911790666698508	-0.4990318856459788	0.08255247523316245	-0.678559223450266	0.015267725113730705	0.001
1000000.0	-0.04893002981197417	0.8738763608226244	0.24351921803836943	0.44564082041648456	-0.25977419193477125	0.391383669501468	-0.3622849734792086	0.24715507813301169	0.001
1000000.0	0.5572339249307755	0.04788405642378308	0.8577622764437562	0.00035932737290510073	-0.546927484139689	0.053077471684824865	-0.7636562142176629	0.0038439711227777913	0.001
1000000.0	0.37380062042499884	0.20832499632971363	0.5919572453131817	0.042584758135896385	-0.5321150969420126	0.06122784852855225	-0.7706723902289667	0.003348933344687739	0.001
1000000.0	0.39084719571502863	0.18666813968654752	0.7755524766722814	0.0030343151699964255	-0.7146323973931772	0.006052264625089295	-0.7206967297469042	0.008184883665815604	0.001
1000000.0	0.23521326786064442	0.4391845190906077	0.5831236796667828	0.04658143056701259	-0.5409800992360149	0.05625080457762189	-0.680868212386397	0.014791707720006732	0.001
1000000.0	0.19583460823118554	0.5213918239692217	0.6081829036309137	0.03588689886464351	-0.53798037014047	0.05790149720454288	-0.6746514103756898	0.01609892562381462	0.001
1000000.0	0.65121555897676	0.015909097157485928	0.7827181925013207	0.002613726598001312	-0.8092619444827155	0.0008047650846291228	-0.8736277558810505	0.00020453761763521337	0.001
1000000.0	0.4607922608190316	0.11303413170423131	0.7198708211175482	0.008293853104775836	-0.6910736698667204	0.008900921876968022	-0.7959783572923566	0.0019541110334972633	0.001
1000000.0	0.048811343782007285	0.8741801035973086	0.4745835322532368	0.11900839970016759	-0.4937823418222651	0.08635428917967852	-0.5114202127439957	0.08923090521484876	0.001
1000000.0	0.5511855255420626	0.05088542297603674	0.5426838452571673	0.06828665276805437	-0.6947987889125686	0.008393516861825535	-0.735258799784688	0.00643394794687135	0.001
1000000.0	0.15807136313999773	0.6060151864049919	0.25620735769270875	0.4215142640884463	-0.49185868607991606	0.08777717356994605	-0.6659202267075262	0.01807573791692221	0.001
1000000.0	0.4926402944272176	0.08719710140902004	0.7693535506731894	0.0034380618260940526	-0.7790421250253273	0.0016976307075453978	-0.8576280450643174	0.0003609407328391441	0.001
1000000.0	0.4528641580626751	0.1201875682007755	0.604123000138096	0.0374867650072861	-0.6353402495561956	0.019624126252169968	-0.7159731762071566	0.008822807113679835	0.001
1000000.0	0.1058064137619931	0.7308320664407182	0.18449146955562773	0.5659617822571491	-0.5685202345299986	0.04262657789419806	-0.5580076019541497	0.05937879433501993	0.001
1000000.0	0.4880586477807066	0.09063528679286559	0.8042285241661302	0.0016135152482142528	-0.4606970481917578	0.11311829709228545	-0.5803047862091171	0.04791062123001124	0.001
1000000.0	0.4812293714233181	0.09593130044816121	0.4722080725328454	0.12112707306011551	-0.5045370864826114	0.07869170886770432	-0.4624478378300307	0.13009147185463057	0.001
1000000.0	0.49710970597697246	0.08393083053146035	0.6763257028274681	0.015738827512350822	-0.6896224592526432	0.009104784793962518	-0.7686803851339308	0.0034842437476646066	0.001
1000000.0	0.1195385280113247	0.6972954313279109	0.4815684204014526	0.11292027775721333	-0.588308287881708	0.03443429333362137	-0.7251089835593005	0.0076207717204100685	0.001
1000000.0	0.37392725922758197	0.20815861587052753	0.5630924318213122	0.056610991586166164	-0.6729545765150553	0.011709540950100178	-0.7421555099122731	0.005710757878493648	0.001
1000000.0	0.5529700297767814	0.0499862959120376	0.6173515058825245	0.03245424684248374	-0.7494005887425519	0.003188587122134948	-0.788975230039437	0.0022842126601867172	0.001
1000000.0	0.11355573481820441	0.7118483530666365	0.21325598278103525	0.5057389200044076	-0.6110290738282862	0.02651638199930266	-0.5677292386858488	0.054166678493619516	0.001
1000000.0	0.19460559369091351	0.5240611333642392	0.3678290287922824	0.23945544835560956	-0.7203892344380363	0.005477366561575337	-0.743230878395128	0.005603766420671016	0.001
1000000.0	0.18230885881231187	0.5510931076292777	0.23097615187284706	0.47012296945404886	-0.5009727571643394	0.08117670137584604	-0.4704632914007913	0.12269891549628824	0.001
1000000.0	0.5161250926171956	0.07097880900075282	0.7315489453130742	0.006850335416243261	-0.7461904382493681	0.0033967629785889276	-0.7925986594228167	0.0021085024812422166	0.001
5000000.0	0.47527579047392005	0.10071766918405235	0.6971282510447814	0.011743023407447446	-0.7744460599426551	0.0018830584218266894	-0.8292977778881542	0.000850578910974771	0.005
5000000.0	0.5370733536168645	0.058407306255225375	0.730221495635156	0.007004131454219988	-0.8033218591410105	0.0009410601288726261	-0.8480317516565488	0.0004917256198432641	0.005
5000000.0	0.446623367171747	0.12602710413026907	0.8109746094228648	0.0013705391578836266	-0.7068614946846773	0.0069003897091388	-0.8131250407371031	0.0012993361228152709	0.005
5000000.0	0.6104224579629884	0.026708443933174897	0.768998553865565	0.0034623577288880555	-0.806827066978795	0.0008586086732021242	-0.8403709792324621	0.0006203346254001048	0.005
5000000.0	0.6588615446025613	0.01432095962308715	0.7844699836858817	0.002518039510532872	-0.7263990340047679	0.0049229592114932615	-0.7583995354614255	0.004249792484480245	0.005
5000000.0	0.4231365402507049	0.14968505976375684	0.6065582318281084	0.03652115284380522	-0.7494569923024132	0.0031850200693371486	-0.7956052507471242	0.001970716480906897	0.005
5000000.0	0.5561546942087803	0.04841004259428568	0.7784903181032354	0.00285608632336322	-0.6851990664272023	0.009748129379167747	-0.7603061551095395	0.004099024795560199	0.005
5000000.0	0.37460401309708347	0.20727088071817804	0.6994023595539653	0.011357152713195666	-0.7223496845895525	0.0052914977175823495	-0.8146252061168664	0.001251374115868188	0.005
5000000.0	0.5081600047431191	0.07622056142928711	0.7926779317919407	0.0021047776436717777	-0.7561026098276407	0.0027859022572375765	-0.8288819640532594	0.0008603515505666165	0.005
5000000.0	0.4650147710874214	0.10934384947803392	0.6995220067890927	0.01133711510872413	-0.7472030437119725	0.0033299924137515655	-0.8249046407021363	0.0009582749297083679	0.005
5000000.0	0.28491414717730446	0.34541277118234986	0.5128193958502512	0.08821096871177732	-0.7353697014444962	0.004176968552483737	-0.8069503959268003	0.0015118074274001678	0.005
5000000.0	0.33192494366570313	0.26787275767049434	0.5550570362660416	0.061027296154703044	-0.6953103289161542	0.008325598716596412	-0.7274084507124647	0.007338594627983359	0.005
5000000.0	0.428934974035063	0.14359442477896783	0.7099441491778146	0.009690106024149703	-0.7429362736759582	0.003618385370773083	-0.8645467118658582	0.0002848045474758545	0.005
5000000.0	0.2885676909418547	0.3389886183142682	0.6542244705362055	0.020995250657705942	-0.6814456862584046	0.010320602646899744	-0.8038806156121736	0.0016268844482891294	0.005
5000000.0	0.6170027456447127	0.024679003813824815	0.7581788866554967	0.004267507750259043	-0.8107131184510604	0.0007739636523487704	-0.872306653839764	0.0002149569622326296	0.005
5000000.0	0.46661468178174476	0.10796713067660492	0.7168070195259274	0.008707585036544917	-0.7283377718894322	0.004753668639398815	-0.8253321142833673	0.0009473567135142035	0.005
5000000.0	0.5057490553037621	0.07785892958536966	0.6696789463468741	0.017204110715038752	-0.7297562685288707	0.0046326740321314	-0.7733807948780304	0.0031714112238515764	0.005
5000000.0	0.36634172690839606	0.21827013540925014	0.7630367280661066	0.0038902023817307006	-0.7598811908853647	0.0025769895050255054	-0.8346732446556369	0.0007317939132806433	0.005
5000000.0	0.4742033320349845	0.1015968240077447	0.7276423995986381	0.007310331294116291	-0.7791623083566277	0.001692981392250759	-0.8472040289934941	0.0005045245902521529	0.005
5000000.0	0.5989817372582505	0.030525865186954857	0.802123705730863	0.0016957010709655175	-0.7832934956697031	0.001539120984089543	-0.8515783342640197	0.00043971026639686193	0.005
5000000.0	0.492698834549678	0.08715376241337318	0.7596410210481089	0.004151152859888836	-0.7188441990888254	0.005627352382181201	-0.7764649245152959	0.002978078961214516	0.005
5000000.0	0.494997691649555	0.08546357280483717	0.8211621242847322	0.0010580635619858519	-0.7695491824223968	0.002097643847904569	-0.8284950100727239	0.0008695235890577038	0.005
5000000.0	0.6732955359266967	0.011651186021259788	0.8694181184424248	0.00023918096103961014	-0.7457898723799925	0.0034234604092686165	-0.825055719085829	0.0009544051648436273	0.005
5000000.0	0.5868027761242909	0.03501357534945096	0.8198634960997929	0.0010944972123602082	-0.8127115142648306	0.0007330766666993871	-0.8721677918800458	0.00021607574291848095	0.005
5000000.0	0.3509110309948248	0.23975420946874917	0.6856386623597243	0.013843001180670942	-0.7390429523654215	0.0038980587265852067	-0.8059143655582092	0.0015499223688311972	0.005
5000000.0	0.5463978658273818	0.05335475231545862	0.7759774904612402	0.0030080209787822095	-0.7659190370725807	0.0022686696157684857	-0.8173282981337652	0.0011684027979278343	0.005
5000000.0	0.5820476470191359	0.03688986888176118	0.703808858494911	0.01063634541605385	-0.7706983708424754	0.0020456543952243576	-0.8097570441674677	0.0014121619454491824	0.005
5000000.0	0.46871614280662105	0.1061767119512347	0.6761012690985054	0.01578675019376172	-0.6810462518232812	0.010382992867928363	-0.764262989591294	0.0037990935487777497	0.005
5000000.0	0.47255976031095676	0.10295426083669701	0.7215637885804841	0.008071640779287514	-0.6464840326461871	0.01695583914323598	-0.705301122074374	0.010400134496324116	0.005
5000000.0	0.5835777120692226	0.03627834456570596	0.7421577812306167	0.00571053028954467	-0.7693875252154406	0.0021050391307082224	-0.8101935211379286	0.0013971307433792155	0.005
5000000.0	0.4436479658212023	0.12887651999412303	0.6821844411681485	0.014525302476176703	-0.6506046812687003	0.016041442100687694	-0.7597047094845885	0.004146139831493424	0.005
5000000.0	0.6570511198938116	0.01468572195803089	0.8053540613729018	0.0015708405605728661	-0.7784722092423166	0.001719814100395019	-0.8237571757145116	0.0009880630354740648	0.005
5000000.0	0.6534217387676541	0.015437941271642695	0.7604697824497719	0.0040862773087449	-0.7730056433376666	0.0019443106742128757	-0.8222774822835699	0.0010275241993507156	0.005
5000000.0	0.536693219876851	0.05862022164685983	0.7010409982509173	0.011085001346441161	-0.7987248160555137	0.0010584999915695093	-0.8172057913358893	0.0011720688899366364	0.005
5000000.0	0.5863999819096766	0.035169756529566665	0.7335676505516815	0.0066213282852568755	-0.7918048006615553	0.0012566825649436267	-0.8139732607506217	0.00127204714969366	0.005
5000000.0	0.2921841722329399	0.33269477982161716	0.6439173870941561	0.02384076380842325	-0.7143351796759899	0.006083152861802554	-0.8053803990023993	0.0015698524550103214	0.005
5000000.0	0.3428468972696881	0.25147041108001816	0.5911224038385114	0.04295168023219975	-0.7293072788013062	0.004670712062731897	-0.8209196244629555	0.0010647949787244396	0.005
5000000.0	0.3086203711216525	0.30491469031682955	0.7284107693606805	0.007218078527860654	-0.6840494275494704	0.009920846003952814	-0.8047823602276132	0.0015924068855747333	0.005
5000000.0	0.663639769465521	0.013390951430563814	0.7934303882546425	0.002069671395378862	-0.8143759209738142	0.0007003404363627838	-0.8472207894983175	0.0005042628880589765	0.005
5000000.0	0.47287796924164666	0.10269049332597029	0.7653695937993179	0.003718272768570289	-0.7430582630904665	0.003609880715134637	-0.8331778303269635	0.0007634614173736128	0.005
5000000.0	0.5353406047430826	0.05938229400598614	0.7635271295105506	0.0038535699608332	-0.7840086144586242	0.0015136379602127777	-0.8270645958412937	0.0009040861232804558	0.005
5000000.0	0.5842981190327593	0.035992985873145214	0.8615388305329341	0.0003161862995979289	-0.730042472292787	0.004608551991417583	-0.8225473232202132	0.0010202389240057243	0.005
5000000.0	0.5052558553254117	0.07819707842145686	0.6771962557323404	0.015553953297967672	-0.7794660560344318	0.0016812752263964444	-0.839306909363414	0.0006400781680833575	0.005
5000000.0	0.5724095783017769	0.04091543787814823	0.8053015449674743	0.001572812236752843	-0.8151295360749665	0.00068590285615421	-0.8656462419234854	0.00027395984148976713	0.005
5000000.0	0.6842898996448922	0.009884527923007723	0.7905336592685401	0.0022073213750806804	-0.8146026085583153	0.0006959726326246383	-0.8337141746305244	0.0007519841441525781	0.005
5000000.0	0.5393926303164156	0.05712013304499054	0.7918291904154513	0.002144920721891705	-0.7748362762881699	0.00186672719944471	-0.8457657277136229	0.0005273781093137074	0.005
5000000.0	0.4332337161000567	0.13918550542723918	0.7332869050951502	0.00665282743290128	-0.7170681085964743	0.00580364358090319	-0.8206422586086135	0.001072534632426748	0.005
5000000.0	0.4747123286516973	0.10117892228916756	0.6574834064125542	0.02014949436609582	-0.7133862912561757	0.0061825754345901235	-0.7328141330537972	0.006706125811929207	0.005
5000000.0	0.42242883075654386	0.15043977872078446	0.7411156876381251	0.005815669058612376	-0.7270347914436256	0.004866941613312841	-0.8111130301326543	0.0013658675973603756	0.005
5000000.0	0.3448247695399759	0.24856577312555134	0.6551863202373023	0.02074298942099485	-0.7332642264025697	0.004343638095129125	-0.8514485729562364	0.00044153458985577625	0.005
5000000.0	0.4336249325082295	0.1387887404605031	0.6071737032199616	0.0362799458771041	-0.6799333916794807	0.010558326265024879	-0.7350417643637613	0.006457769920066594	0.005
5000000.0	0.6663686861970696	0.012880651256752576	0.7914597091013502	0.0021625778941312215	-0.7835355447016191	0.0015304583394293765	-0.8441330224816311	0.0005542847276788997	0.005
5000000.0	0.5130722293996409	0.07295706936465533	0.7827341242528726	0.002612844061999063	-0.7169782014603061	0.005812678940769855	-0.8072990771697149	0.0014991429189730248	0.005
5000000.0	0.7121739331393312	0.006311411078760535	0.8385938194499187	0.000653579206969016	-0.8079799730644591	0.0008327714038944304	-0.8707252329745272	0.00022796902537100332	0.005
5000000.0	0.43114382762653525	0.14131767756935465	0.7615971202634075	0.003999265800108605	-0.7378888842025051	0.0039840866926561325	-0.814547478922273	0.0012538251594884401	0.005
5000000.0	0.37400771465617755	0.20805295481539623	0.6910282760645832	0.012826080706591404	-0.7032496216500956	0.00732421942360235	-0.803315235821536	0.0016487915715932815	0.005
5000000.0	0.21279085632487177	0.48518896008433254	0.6270296011708829	0.029093383010667672	-0.6095356434306229	0.02699106185737185	-0.7672414956455702	0.003584536291263693	0.005
5000000.0	0.5093659228126233	0.07541015602123036	0.6756406155715432	0.015885448423559954	-0.738640408714145	0.003927900905731607	-0.7630614774881987	0.0038883473270728696	0.005
5000000.0	0.45105447637325646	0.12186187436103899	0.702923608188129	0.010778343421939009	-0.764400657234605	0.0023433440240657752	-0.805278744531243	0.0015736688475091168	0.005
5000000.0	0.5722745729386606	0.040973987836547945	0.7856772334105754	0.0024536691479975065	-0.7193486918169486	0.005578035722409547	-0.8165213277587308	0.00119271515545686	0.005
5000000.0	0.48399436724311506	0.09376223054784472	0.7951752416974038	0.001989988163612161	-0.7542690373444323	0.0028919024560286233	-0.8316605820286529	0.0007966636405597171	0.005
5000000.0	0.4594105921956161	0.11425962856947086	0.7323791314456539	0.00675544877426135	-0.7308104721898919	0.004544301136722714	-0.7978036367292576	0.0018744132857602162	0.005
5000000.0	0.6385189098522285	0.018833214539554635	0.7504403568894937	0.0049249775204759875	-0.7659379218890243	0.0022677526779211646	-0.8302440440737655	0.00082865888901921	0.005
5000000.0	0.23577899318546225	0.43805243164209934	0.6481358737021937	0.022644294317786137	-0.6424486060184431	0.017888583882471266	-0.7553568037276039	0.004499050293184245	0.005
5000000.0	0.5647586429359048	0.044330077368976005	0.8155258238259092	0.001223242068756869	-0.7808120900829962	0.0016301598008494132	-0.8527283984339761	0.0004237959998959717	0.005
5000000.0	0.49447024662375944	0.08584934848203657	0.674699585223294	0.01608848056964678	-0.6860856401580548	0.009616501391033412	-0.7516206578945535	0.004820058101426388	0.005
5000000.0	0.574615852492256	0.03996716038213829	0.7234197578998326	0.007833184236181479	-0.7355093319461128	0.004166092658981794	-0.7935036888622292	0.0020662756175786052	0.005
5000000.0	0.4956319493946606	0.08500126121569951	0.6552651845095995	0.020722404504673324	-0.7278166647522023	0.004798724006784648	-0.7622020743552455	0.003953156442701893	0.005
5000000.0	0.6516206989293511	0.01582177728244343	0.8356677397606331	0.0007113033061557497	-0.7868851470215746	0.0014144513788245392	-0.8276106581388876	0.0008907689997092219	0.005
5000000.0	0.40553461717271594	0.16919576638698103	0.6835658478683304	0.014249528645335763	-0.7870464257956613	0.0014090450551298042	-0.8576615774021514	0.0003605371726207797	0.005
5000000.0	0.5039623769025565	0.07908876428729585	0.7645591580275297	0.0037773335847255834	-0.8086279081011268	0.0008185220828241664	-0.875431856765188	0.0001909504116484205	0.005
5000000.0	0.5525515296104883	0.050196129600546334	0.8126464126505113	0.0013149319781075887	-0.7882852468076706	0.0013680555239434064	-0.8742163235833754	0.00020002463473691492	0.005
5000000.0	0.4970203401997616	0.08399529746969948	0.7173301355577189	0.008635875924433212	-0.7608268044122879	0.002526667019987904	-0.8663580437531335	0.00026711277357215155	0.005
5000000.0	0.331506407248827	0.2685135101921308	0.6842020877724947	0.014123822446200996	-0.6878963586267351	0.009351865376782807	-0.8088607394311645	0.0014434178749438732	0.005
5000000.0	0.527873821200258	0.06371585138319476	0.7508440693077649	0.004888898529582829	-0.7121513291311383	0.006313832552992668	-0.7820688906316611	0.0026498884024198067	0.005
5000000.0	0.43552427157538215	0.13687304918336027	0.6568871455673573	0.02030234221425768	-0.7588480219520697	0.0026328588378703374	-0.7988700249529692	0.0018290179989325717	0.005
5000000.0	0.6299516044857778	0.02102108626152451	0.7868437096892721	0.002392673404321329	-0.7769969945615725	0.0017782888006686855	-0.829424247523342	0.000847623637489537	0.005
5000000.0	0.5847122236434954	0.0358296970370278	0.8057881451604216	0.0015546158647427087	-0.7891024212287331	0.0013415330433763741	-0.8234220286231159	0.0009968967177382572	0.005
5000000.0	0.5599908651158004	0.04655903481444798	0.8411441875818804	0.0006062863656782758	-0.773097243544125	0.0019403697739009624	-0.8468826348900561	0.0005095633219911708	0.005
5000000.0	0.41300540380081474	0.16072593308389846	0.7534073378635288	0.004664460400293014	-0.7729677953284637	0.0019459408256390657	-0.8728433906636176	0.00021067502479336233	0.005
5000000.0	0.6923830876272662	0.008719975669687541	0.77777122400174	0.0028989540995794944	-0.7690970974308596	0.002118376302531195	-0.797838967645619	0.001872895595459086	0.005
5000000.0	0.7351728435483623	0.0041923391410921915	0.8863376371741664	0.0001230936496190121	-0.8320281327676833	0.00041906152365322243	-0.8707259145232278	0.00022796328832559506	0.005
5000000.0	0.5685141455988314	0.042629296574358176	0.8056449261676979	0.0015599546559998461	-0.7633923484722875	0.0023939808433320773	-0.8046842376052419	0.0015961310997858627	0.005
5000000.0	0.531367294776923	0.06166144678827591	0.7839698633674219	0.002545080015634691	-0.7315543484395126	0.004482729045209494	-0.7985993540314626	0.0018404595951714339	0.005
5000000.0	0.4003004838802117	0.17529710685167896	0.7485033650012953	0.005100887537994288	-0.6811453618535992	0.010367485635780837	-0.8028896884272718	0.0016654292229103622	0.005
5000000.0	0.5560492892336948	0.04846163506208527	0.7636050594813943	0.0038477728567123427	-0.7366512674182704	0.0040779650964894686	-0.8102730859883819	0.0013944040264542692	0.005
5000000.0	0.3651171307018202	0.21993029180540866	0.6830329275527091	0.014355455057507878	-0.6959597503459722	0.008239978059546564	-0.8290413411096811	0.0008565956084134837	0.005
5000000.0	0.1428614428555956	0.6415062836436585	0.638591835065063	0.02541596709638462	-0.7013144971293104	0.007559323319718597	-0.792409895797197	0.002117392371831058	0.005
5000000.0	0.3515068654983505	0.23890183913761584	0.6313477674919328	0.027677880956418127	-0.7268012761828622	0.004887459673153847	-0.8459388968685417	0.0005245848761208195	0.005
5000000.0	0.42639955815033526	0.14623725714164287	0.784339264544134	0.002525085969941071	-0.7126653988605428	0.0062589381234412185	-0.776295221337933	0.0029884775934690693	0.005
5000000.0	0.3222624276532664	0.28289448439582116	0.6311510284963225	0.027741268434206136	-0.7709624038146597	0.002033852793703738	-0.8363753192759846	0.0006969966759773503	0.005
5000000.0	0.4906785375678617	0.08865805289694426	0.6818650812324388	0.014589613271505823	-0.7629554976557246	0.002416181937574948	-0.8171332249020118	0.0011742446583345556	0.005
5000000.0	0.49639142837301	0.08444995233864903	0.8142557131886662	0.00126305864964591	-0.7825416694480961	0.0015662729346032293	-0.8313519028261893	0.0008035529768579444	0.005
5000000.0	0.4476892220147037	0.1250166702333481	0.7911673348248965	0.002176628779775593	-0.7420424510006426	0.0036811734220960238	-0.8193161302564874	0.001110140137949775	0.005
5000000.0	0.5266656355512369	0.06443744881359599	0.7627744708362972	0.003909900722543882	-0.7636452799735055	0.0023811994619853966	-0.8324494040102124	0.0007792653869033833	0.005
5000000.0	0.3663661664311012	0.21823708194124034	0.8278436182157609	0.0008851339818020797	-0.7354837296160016	0.004168085199147048	-0.8419024304799055	0.000592750586479146	0.005
5000000.0	0.45702027403148787	0.11640081116125824	0.5771003148649859	0.049453806452448984	-0.7513159126671338	0.0030691796590271293	-0.8187054285997153	0.0011277957774623675	0.005
5000000.0	0.39362456008191915	0.18328025777264115	0.6883592516538842	0.013322508271552002	-0.7282528779672792	0.0047609863284851055	-0.8215194609771138	0.001048204279341877	0.005
5000000.0	0.44068669914931824	0.131754557775882	0.7848173120316253	0.0024993895468571653	-0.7482162322710901	0.0032642057992802514	-0.8292252734523393	0.0008522767400915062	0.005
5000000.0	0.35594342491363723	0.23261270668870165	0.5942409756349416	0.04159238781454979	-0.7345284807151883	0.004242956324623223	-0.7719897112226546	0.003261671423454945	0.005
10000000.0	0.4955001376417492	0.08509719647941744	0.8434389013498533	0.000566040778414461	-0.7600341712345016	0.0025687959865300586	-0.8563294585333542	0.00037684141669110425	0.01
10000000.0	0.4854244558607326	0.09265365699678936	0.7376551394296156	0.006175292098699509	-0.7787100707464026	0.0017105282010866853	-0.855427338027239	0.000388204241839469	0.01
10000000.0	0.3642269072248115	0.22114199654702107	0.7231859573409846	0.007862929056523854	-0.749735934407394	0.003167424779658063	-0.8605416813891613	0.00032716241876867955	0.01
10000000.0	0.4476201861571867	0.12508195241631273	0.7563943472566736	0.0044128459126601335	-0.728071497111159	0.004776650077227796	-0.7933129461480612	0.002075121002194901	0.01
10000000.0	0.49622967581274136	0.0845671614492351	0.790976407178569	0.0021858419531491403	-0.7573856655912269	0.0027135414246172032	-0.8437781196335852	0.0005602716804267396	0.01
10000000.0	0.48141052040733484	0.09578815309223433	0.7335747338021494	0.006620535008673098	-0.7598282505025414	0.002579829682943062	-0.8339542174892621	0.0007468908752961954	0.01
10000000.0	0.44326213326954467	0.12924912117274626	0.6965769150398524	0.011838020274325714	-0.7721651750530116	0.001980762414811349	-0.8424801287702819	0.0005825958930915528	0.01
10000000.0	0.4207522608563717	0.15223759820234106	0.6642725467423318	0.01846785245173718	-0.7389228739821326	0.003906942215153524	-0.8238632403558084	0.0009852800380099843	0.01
10000000.0	0.5800297486214505	0.03770777838262856	0.8328325078477574	0.0007709223482654807	-0.7850644727291977	0.0014766180133596347	-0.846996985517396	0.0005077661104827425	0.01
10000000.0	0.4222631555548491	0.15061681641587013	0.7978484911614447	0.001872486660236249	-0.7525863898072719	0.0029919084447761284	-0.8428012586210003	0.0005770097207724071	0.01
10000000.0	0.5223327139197408	0.06707269060146302	0.7961308595483071	0.0019473547063212915	-0.7625667750761957	0.002436071566502697	-0.8340386744097679	0.000745105212818716	0.01
10000000.0	0.5356007213119103	0.05923520046669477	0.7232297891577846	0.007857346210230855	-0.7659972534846142	0.0022648737559249807	-0.807785964308142	0.001481595099399569	0.01
10000000.0	0.5914911640161152	0.03323265085472508	0.8013511662244737	0.0017266576195302764	-0.7968859723477141	0.0011085779377966456	-0.8459635173602935	0.00052418867894146	0.01
10000000.0	0.5374937271373155	0.05817249163687929	0.7618420267877494	0.003980550289377158	-0.7920781702104865	0.0012483395704781335	-0.856776121222506	0.00037131199668317516	0.01
10000000.0	0.45280747582913844	0.12023977539942544	0.7845463642783995	0.0025139291397726846	-0.7786288200849247	0.001713695734807101	-0.8666206979419764	0.0002646201823911595	0.01
10000000.0	0.45571979245067346	0.11757698655424535	0.7221359149606087	0.007997562412777553	-0.7509291664563174	0.003093006448507365	-0.8183709919350503	0.0011375556804056823	0.01
10000000.0	0.37616951845944124	0.20522633761679487	0.8008929027598044	0.0017452243690020477	-0.7312345839460721	0.00450911722554502	-0.8420335192473528	0.0005904343926350129	0.01
10000000.0	0.4530854927965431	0.11998385300130476	0.7341960066048083	0.0065512338995677415	-0.752067484638312	0.003023283966804929	-0.8453924547370957	0.00053343825674717	0.01
10000000.0	0.4778338637919804	0.09864162075680889	0.7330614554777224	0.006678203857558876	-0.7574731057224716	0.0027086637515447843	-0.8214182849665594	0.0010509886111549494	0.01
10000000.0	0.4116368069738765	0.16225661930139143	0.698112637415901	0.011574818158813697	-0.7389048123398768	0.003908279781620145	-0.8106342914674451	0.0013820767674935538	0.01
10000000.0	0.36562064324911336	0.21924675647230832	0.73020377497056	0.007006201905097119	-0.7667714319094432	0.002227568939123062	-0.8359782898191919	0.0007049965630144202	0.01
10000000.0	0.3887822835351574	0.18921242112439546	0.7411534298269623	0.00581183593066901	-0.7695768642738909	0.0020963795291180374	-0.8766998744619974	0.00018183028640311676	0.01
10000000.0	0.5957877364345122	0.03165949421425321	0.820201516351554	0.0010849222576135376	-0.8148397385661281	0.0006914266576235977	-0.873577741007217	0.00020492475079399126	0.01
10000000.0	0.47708373406814164	0.09924734878673463	0.7641454042758586	0.003807759044162055	-0.7419618253388981	0.003686878274410252	-0.8222981470454999	0.0010269648698744223	0.01
10000000.0	0.525640102615482	0.06505445975735553	0.6919710312728381	0.012654048044407314	-0.7856373526919667	0.0014568309444872754	-0.8376589898232927	0.0006716112193053559	0.01
10000000.0	0.5173826774913559	0.07017492556252901	0.712343390611877	0.009337689585346398	-0.7873685090323013	0.0013982967691044577	-0.8492586705648796	0.0004732190197773836	0.01
10000000.0	0.5233476582748404	0.06644873455065474	0.7706291346848451	0.0033518284423231666	-0.7487780054500759	0.0032281664492365483	-0.8169763750529164	0.0011789581309243028	0.01
10000000.0	0.39835196194172484	0.17760382474935082	0.7650715651233473	0.0037399096618438393	-0.7429491407310331	0.0036174875960295746	-0.8292196227803218	0.000852409171167748	0.01
10000000.0	0.5674690664882631	0.043097776464128906	0.7731777662869601	0.0031844648540521538	-0.7701779058024825	0.0020690742570522278	-0.8274074084774962	0.0008957079447898035	0.01
10000000.0	0.5280072594264632	0.06363650556891347	0.7745905394173604	0.003094472883467346	-0.7870740563369045	0.0014081204618923528	-0.8433122313977635	0.0005682068243486579	0.01
10000000.0	0.2786086898073978	0.35665454929533774	0.7133900004560123	0.009186988766298457	-0.7489390359225527	0.003217892988947487	-0.831754510267743	0.0007945763643355019	0.01
10000000.0	0.4504628684950528	0.12241258855482304	0.7703006973726999	0.0033738728775142986	-0.755859978379256	0.0027997529130648333	-0.8505370674146114	0.00045451576616698907	0.01
10000000.0	0.393895120134635	0.18295232098479436	0.7257906096218926	0.007536293653763592	-0.77396085223147	0.0019035205754057735	-0.8355966975951711	0.0007127521656302235	0.01
10000000.0	0.5403019570237265	0.0566210093372493	0.7785171731571479	0.0028544948063066932	-0.7631727051912891	0.0024051233426830884	-0.8440626708717609	0.0005554675484880427	0.01
10000000.0	0.4550610093808606	0.1181758304589474	0.7665861204393647	0.0036309364407241906	-0.7264380453331793	0.004919507633612772	-0.8091946353189182	0.001431712788552074	0.01
10000000.0	0.5193641316582011	0.06892130627818747	0.7153461006243631	0.00891020474776497	-0.7610595407145058	0.002514399604731895	-0.8158414903336583	0.0012134978802209122	0.01
10000000.0	0.36232525760587436	0.2237440576438322	0.7215492170410575	0.00807353416660566	-0.7585042916858509	0.0026516535287659003	-0.8331202609646122	0.0007647013494971252	0.01
10000000.0	0.38556735370187906	0.19321699764463768	0.691797022967579	0.012685671535493565	-0.7480818404416352	0.0032728734575748672	-0.8414912745388525	0.0006000609517437352	0.01
10000000.0	0.44710766396376955	0.12556731762589377	0.7291353524210589	0.007131885341215494	-0.7097279349913069	0.006577599311364207	-0.7776307571232931	0.0029073847201189916	0.01
10000000.0	0.3780553902345317	0.2027801061500389	0.709222528720787	0.009798014960381018	-0.7453414581878528	0.003453539385164788	-0.8200740888960905	0.0010885242296313547	0.01
10000000.0	0.5372913377358043	0.05828545969161	0.8271089819766335	0.0009029979517952858	-0.8012097752925127	0.0009936699862031575	-0.8703897652411565	0.00023080658087585573	0.01
10000000.0	0.4261054588486525	0.1465458607759516	0.7181078281815211	0.008530085905537943	-0.7483505004969518	0.0032555638905621604	-0.8295862099354449	0.0008438505763058708	0.01
10000000.0	0.4917161776067773	0.08788322237601608	0.7549689939768109	0.00453159634391443	-0.7489371306398296	0.0032180143942637358	-0.8247002208043904	0.0009635302559553232	0.01
10000000.0	0.3915692500249382	0.18578358733368702	0.7902040417629548	0.00222341687777543	-0.733918426498775	0.004291311905844613	-0.8263786553174032	0.0009210317079790361	0.01
10000000.0	0.43474164130848036	0.13766029242900618	0.7310366180120677	0.006909389232833507	-0.7576721462020757	0.0026975860848744643	-0.8453564336962054	0.000534025908389493	0.01
10000000.0	0.47071886888821973	0.10448923782118749	0.7781493388885359	0.0028763526818355047	-0.736640714264404	0.004078772875110201	-0.819391374147298	0.0011079796281478296	0.01
10000000.0	0.542734070630562	0.05530127974017432	0.7870711788799817	0.002380915074641276	-0.7692788793717308	0.002110020731373794	-0.8433961290005851	0.0005667714652153601	0.01
10000000.0	0.4935972288144844	0.08649051625630634	0.8116693160834165	0.0013472168128332534	-0.7684213434079773	0.00214966366642703	-0.8260758232436446	0.0009285904412595774	0.01
10000000.0	0.4787282681794665	0.09792269358394196	0.8022366803916057	0.0016912099616651734	-0.7295203791431842	0.004652628493391642	-0.8370117322923286	0.0006843200822978923	0.01
10000000.0	0.4992814272260608	0.08237469124941331	0.763955154728351	0.003821811298974813	-0.751423531541913	0.0030625748333780387	-0.8114464551307963	0.0013546650848138264	0.01
10000000.0	0.45227494065038787	0.12073100827322376	0.7139313501517641	0.009109755884199149	-0.7562039158892087	0.002780134962589188	-0.8185452610253239	0.0011324618841544209	0.01
10000000.0	0.4644392352452176	0.10984198335858641	0.7823960108111419	0.0026316226191498223	-0.711377967084643	0.006397109435547539	-0.8416048415711723	0.0005980347837982814	0.01
10000000.0	0.3128038688194568	0.2980613217706831	0.6726398342708693	0.016539534376382694	-0.7322972005880448	0.004421885739549641	-0.8429805687603096	0.0005739086664108316	0.01
10000000.0	0.5205628551767725	0.06817057850510966	0.8224910973405927	0.0010217536383133339	-0.7636525805786245	0.0023808313312320487	-0.8341486967340899	0.000742783977348023	0.01
10000000.0	0.37005184060156404	0.21328756092182596	0.6915630712074682	0.012728281031882486	-0.7291880647319928	0.004680852096086157	-0.8510002075852996	0.00044788347424583726	0.01
10000000.0	0.5222345896640483	0.0671332318690988	0.7530844461001925	0.004692295108758015	-0.739482333216213	0.00386568601285461	-0.8330852609245303	0.0007654559428730154	0.01
10000000.0	0.4494654210910868	0.1233448482058878	0.6700278084227556	0.017124806684314757	-0.7920693257303614	0.001248608814000697	-0.8484443276275778	0.00048544085390379404	0.01
10000000.0	0.6498987409187673	0.016195407871645046	0.8416146195263398	0.0005978605818447817	-0.8057314342501993	0.000883743499804829	-0.8710844919478903	0.00022496048431806361	0.01
10000000.0	0.6496909194709408	0.016240944006640407	0.8348354622213903	0.0007284208037853597	-0.8158225486363819	0.0006728345762030325	-0.8589692204452904	0.00034507135286385133	0.01
10000000.0	0.454377590396772	0.11879922590899253	0.657261673088999	0.020206235866997244	-0.8015164944918358	0.000985889691456185	-0.8620058115726321	0.0003111456306778843	0.01
10000000.0	0.40652511035486916	0.16805670455343957	0.7209438852348293	0.00815248341801128	-0.812942295270437	0.0007284669010807182	-0.8698628528921992	0.00023531900988928476	0.01
10000000.0	0.5331692788854024	0.0606202708214669	0.7552906088732467	0.004504592991886435	-0.7919630694681452	0.0012518470286076503	-0.862292190415116	0.00030808550223547596	0.01
10000000.0	0.42805625177229595	0.14450680195958043	0.6998471368065118	0.011282797367857743	-0.7876635483728254	0.0013885074520525735	-0.8414567416361386	0.0006006781120240093	0.01
10000000.0	0.44691110434162395	0.1257537944414593	0.7265928229550023	0.00743777147053198	-0.7880571302649525	0.0013755322265403358	-0.8522518664327801	0.00043033486472746025	0.01
10000000.0	0.4433196111146009	0.129193569140853	0.7196869370238077	0.008318261471015782	-0.714252119049027	0.006091806480482134	-0.8031756422888274	0.0016542351510268891	0.01
10000000.0	0.45270830926445926	0.12033114930438805	0.7741431114033626	0.00312276137477643	-0.7508076743941299	0.003100520908861144	-0.8459341663712131	0.0005246610266854382	0.01
10000000.0	0.6100995935118076	0.02681108363721672	0.800141005411163	0.001776018941043476	-0.795591154501166	0.001144942935095015	-0.8567499758019246	0.0003716339125909067	0.01
10000000.0	0.5145865216753055	0.07197105009042148	0.7501022030686901	0.004955352120572058	-0.7747310634321017	0.0018711196031408442	-0.8301065707735051	0.0008318160241137899	0.01
10000000.0	0.4633038646690142	0.11082915036036649	0.7856471212143331	0.0024552592884175724	-0.7693922928734391	0.0021048207355667077	-0.8702707899327539	0.00023181952412774026	0.01
10000000.0	0.5010661875884209	0.08111087764103449	0.7235978505588279	0.007810583327100957	-0.7704333122571279	0.0020575555029400104	-0.8321338852149698	0.0007861888536675499	0.01
10000000.0	0.5276980704145025	0.06382046379441329	0.7553747015899246	0.0044975525365423446	-0.796831107022509	0.0011101001793505992	-0.849913248393647	0.00046356925529511946	0.01
10000000.0	0.38192974933662927	0.1978117660343946	0.795920630692938	0.0019566731787806053	-0.7559527075086151	0.0027944531550998263	-0.8726717864810508	0.00021203672845244412	0.01
10000000.0	0.4216113391623275	0.15131465381060244	0.7759103160219927	0.003012165254920468	-0.7400492643543656	0.0038242231828185614	-0.846526850663358	0.000515186643639246	0.01
10000000.0	0.37380422847629563	0.2083202548629176	0.7078412317115239	0.010007063453349802	-0.7358506045402491	0.004139602776395131	-0.8260336615582984	0.0009296465876014332	0.01
10000000.0	0.4355089310410784	0.13688845154424448	0.697261590307949	0.011720133808930226	-0.7634751355574394	0.002389791500382449	-0.8341193735458391	0.0007434020865016805	0.01
10000000.0	0.35714243275947244	0.2309304564141734	0.7503163555474556	0.004936099541124162	-0.7279414091763607	0.004787908678015382	-0.8066814726789944	0.0015216310143307096	0.01
10000000.0	0.4765696660316594	0.09966391897047117	0.725366579170662	0.007588763387321747	-0.7459257493062065	0.0034143861607126	-0.7935435563152917	0.0020644304790646915	0.01
10000000.0	0.4402467686796939	0.1321857240276938	0.7378116791281731	0.006158672152569924	-0.7044607450678049	0.0071799459825446325	-0.8212783004111796	0.0010548503375611285	0.01
10000000.0	0.4504090041685349	0.12246281202565959	0.7851223173514515	0.002483099230327795	-0.7705552566548691	0.002052073520969181	-0.8531952667647418	0.00041746484470157316	0.01
10000000.0	0.4871861850703836	0.09130040580701665	0.7352538865214823	0.006434486498607544	-0.7557662213655434	0.002805119352623118	-0.8273058580024504	0.0008981835161135757	0.01
10000000.0	0.5295711393406548	0.06271177187951422	0.7170794787960639	0.008670180857959944	-0.76982030632361	0.002085286326517668	-0.8164060567845565	0.0011962195698839878	0.01
10000000.0	0.5195925996203481	0.06877777767295484	0.7434660195260983	0.005580574235325216	-0.7381554785307111	0.0039640848551000425	-0.7924292005023265	0.0021164818963465876	0.01
10000000.0	0.5280975451854554	0.06358285888026075	0.7891647677203926	0.0022747533597043627	-0.7649519489120085	0.0023160133555909937	-0.8535877160807877	0.0004121999370131477	0.01
10000000.0	0.5174959115756974	0.07010285772687466	0.7527751836303828	0.004719072452709961	-0.7511934886926879	0.0030767065381652942	-0.8000988072938358	0.0017777594552858583	0.01
10000000.0	0.43144539269201565	0.1410086947797073	0.7062599304057033	0.01025043788722699	-0.7265989699104637	0.0049052893136279745	-0.8108575018263133	0.0013745010040013218	0.01
10000000.0	0.4929504188400796	0.08696767613821065	0.7316592288046327	0.006837673217798801	-0.8048694893076188	0.000903921495847774	-0.8722414634933864	0.0002154816223444968	0.01
10000000.0	0.45783122929829717	0.11567138417517607	0.7309819272033963	0.006915715707147473	-0.7882105256822286	0.0013705010517447251	-0.8476819916336555	0.0004971027969528516	0.01
10000000.0	0.30747315493794214	0.30680954020952567	0.800124573356972	0.001776696546383553	-0.7305759082246908	0.0045638510285610015	-0.8459151812989075	0.0005249667306880015	0.01
10000000.0	0.3671633234822666	0.2171606457682042	0.7158889877176794	0.008834503387994777	-0.7273065051774549	0.004843150770143275	-0.8291334073053189	0.0008544317181985543	0.01
10000000.0	0.4641111688440816	0.11012661381654923	0.7780870168418393	0.0028800686474397606	-0.7732733679506996	0.0019328099253028092	-0.8306149717927814	0.0008201865403697436	0.01
10000000.0	0.4531656565458404	0.11991012779737972	0.7034384650826214	0.01069558783668865	-0.7598239705718385	0.002580059401586804	-0.8288961728526528	0.0008600161850176259	0.01
10000000.0	0.5149846442382522	0.0717133715502814	0.792675176502607	0.0021049070242903497	-0.7513275297970363	0.0030684661566475003	-0.8396280444537375	0.0006340690657290563	0.01
10000000.0	0.6650759898044887	0.01312051972190683	0.7948645998877713	0.00200399966138473	-0.8191218257729052	0.0006132883770993302	-0.86300002201417	0.0003006223810709184	0.01
10000000.0	0.46939407942668704	0.10560343745095546	0.8095311729370841	0.0014199890242943738	-0.7453428715752417	0.0034534442567945287	-0.849874374510317	0.0004641380297869989	0.01
10000000.0	0.552153925699278	0.050396069212990474	0.7315014020574739	0.006855799521109609	-0.7848904302837825	0.0014826708670143303	-0.8178848040832147	0.0011518600231864022	0.01
10000000.0	0.5378447647825806	0.057976920848269047	0.7678315679121905	0.0035431459348265783	-0.7880060370978449	0.0013772112273631376	-0.8488744733302697	0.0004789550028655935	0.01
10000000.0	0.4790212243012623	0.09768799366356319	0.7440560650457615	0.005522695991398095	-0.7626357134355427	0.0024325349595458877	-0.8327881459765862	0.0007718848872745122	0.01
10000000.0	0.5016997764300478	0.08066547702472163	0.7768263757173253	0.0029560227164942064	-0.7614646281399478	0.002493158207680255	-0.8293771996055476	0.0008487220997226422	0.01
10000000.0	0.44459134953448975	0.12796849401268526	0.6552760815360623	0.02071956136786667	-0.7518126434467847	0.0030387860757722838	-0.8146708918087018	0.0012499351878415583	0.01
10000000.0	0.4567589263298898	0.11663654105779878	0.8092309478863903	0.0014304442222842029	-0.7262208555422243	0.004938747493455376	-0.8475119199952522	0.0004997338900322228	0.01
20000000.0	0.5092768189398407	0.07546982945275567	0.7447442371594443	0.005455765273932345	-0.7779788806253185	0.0017391988177281614	-0.841528671428208	0.0005993931614052162	0.02
20000000.0	0.5701811843309204	0.04188963393754653	0.7848462593593752	0.002497839978661036	-0.7660042466937841	0.0022645346150566704	-0.816744964219001	0.0011859388073990195	0.02
20000000.0	0.49718038230674066	0.08387987007829639	0.7504612607702849	0.004923104459936766	-0.7673682862303643	0.002199136999419905	-0.8430493492960505	0.0005727225844669568	0.02
20000000.0	0.39558390941369875	0.1809138028291852	0.7181909045518459	0.008518842501022156	-0.7481405987446372	0.003269081623975246	-0.8400192457703463	0.000626808001047698	0.02
20000000.0	0.553151520020078	0.04989549316445815	0.800465630141022	0.0017626730147496232	-0.7829734138561352	0.001550635211839829	-0.8516361034096539	0.000438899971481464	0.02
20000000.0	0.44146366688939714	0.13099534631340715	0.7287202909872222	0.007181164185014875	-0.7676268258832448	0.002186909279322271	-0.8368784567195151	0.0006869598847778253	0.02
20000000.0	0.538335615371102	0.05770424014632345	0.8099845863040808	0.0014043105275233306	-0.7923763763968242	0.0012392882091346012	-0.8489125500977289	0.00047838412827776807	0.02
20000000.0	0.4853371332538625	0.09272108857235746	0.7315126851493098	0.006854502469235737	-0.7876586880882412	0.001388668278503889	-0.8527885402549311	0.00042297626446041774	0.02
20000000.0	0.5143106851129746	0.07214996035427283	0.7501963115393177	0.004946884678179309	-0.7646234110502135	0.002332270779143648	-0.8313062190918705	0.0008045764790881436	0.02
20000000.0	0.5287027846531557	0.06322405662590558	0.785744991966834	0.002450093883738361	-0.7839319729590463	0.0015163531392904809	-0.8544197420080886	0.0004012085493608999	0.02
20000000.0	0.5914157067881837	0.033260778937713016	0.8093337316297368	0.001426858190971481	-0.8082449233052722	0.000826921222528604	-0.8601958949482018	0.000331037098614635	0.02
20000000.0	0.5500967607076752	0.05143964646935318	0.7898611182894968	0.0022402571688394804	-0.767903152347198	0.0021738989799935313	-0.8288396401159669	0.0008613511068017523	0.02
20000000.0	0.44711464543537455	0.12556069766763311	0.7582753218998293	0.00425975837444364	-0.7645192539498383	0.0023374434160615366	-0.8488209093831491	0.00047975896734045426	0.02
20000000.0	0.508168479958139	0.07621484480576461	0.7144570191188206	0.009035224760962962	-0.7767523747449444	0.0017881333723354055	-0.8413649128704844	0.0006023216369379208	0.02
20000000.0	0.42609443049278517	0.14655744130349677	0.7270226650115373	0.007385380155141518	-0.7834606975690301	0.0015331329416195705	-0.8567488820487301	0.0003716473841717778	0.02
20000000.0	0.575796461695318	0.03946631139354728	0.7611553926218775	0.004033190719089436	-0.7818357522972598	0.0015921067589221062	-0.8297073423039587	0.0008410371773415075	0.02
20000000.0	0.4963812817506964	0.08445730147929498	0.7759114241956292	0.0030120968517516108	-0.7694830465073633	0.00210066689435789	-0.8475881929538285	0.000498552576589853	0.02
20000000.0	0.42353791006005626	0.14925812843861727	0.7175363486220112	0.008607729673089709	-0.7486476646156842	0.003236500568381431	-0.8113690040653545	0.0013572609876290154	0.02
20000000.0	0.4529611901438684	0.12009823196814465	0.7659767974329161	0.0036744837622868774	-0.7348014571517942	0.004221455714257672	-0.821028564301665	0.0010617669083844272	0.02
20000000.0	0.5104400630188284	0.07469338437722674	0.8072036962751797	0.0015025991385790238	-0.766834353982293	0.0022245581298515333	-0.8429147642086913	0.0005750452100982921	0.02
20000000.0	0.3770920509887803	0.20402740719509369	0.7075621588832007	0.01004969896465865	-0.7374594882861165	0.004016466938055107	-0.8416771337453772	0.0005967477708033748	0.02
20000000.0	0.43134512203498954	0.14111138252856714	0.7074686141788213	0.0100640205272247	-0.7728420264422218	0.00195136548097654	-0.8378747482534028	0.0006674156729401999	0.02
20000000.0	0.45773852442663	0.1157546132177889	0.7700302461998966	0.003392107896114337	-0.7620389388246482	0.0024632829096176666	-0.8403897261567222	0.0006199910624275872	0.02
20000000.0	0.4998163070575617	0.08199451394014591	0.784017038454595	0.0025425199329018964	-0.7927378638096063	0.0012283852282188841	-0.8638526615557812	0.000291820214153059	0.02
20000000.0	0.507210612082142	0.07686282965555595	0.790367618687426	0.002215418105835726	-0.7795049651644707	0.001679780288305407	-0.8605604429884658	0.0003269532014362911	0.02
20000000.0	0.4790606962350703	0.09765640036642725	0.7624604750041043	0.0039335845559430324	-0.7789170040599832	0.0017024816368079291	-0.8649194491332476	0.0002810914372656571	0.02
20000000.0	0.4684857570544908	0.10637200904032217	0.7553559588982812	0.0044991210008240926	-0.7975792204962301	0.0010894846118954774	-0.8545071985952726	0.0004000665802307836	0.02
20000000.0	0.5061089649492935	0.07761281043482905	0.7842699453258364	0.0025288287450698646	-0.7899513066909167	0.0013144099663261897	-0.858418003896464	0.00035152646647041146	0.02
20000000.0	0.4250156678793275	0.14769310931622787	0.7651608739249784	0.003733415842496506	-0.7667020972808293	0.002230890264216162	-0.8515417255266955	0.000440224357354646	0.02
20000000.0	0.5247037283628218	0.0656214527876855	0.7656321726987909	0.003699288354825281	-0.766481174003755	0.002241498858033904	-0.8313274438866762	0.0008041008317884723	0.02
20000000.0	0.4732589650288156	0.10237528564595219	0.7578327774305715	0.004295408436995544	-0.7840888598809871	0.0015107991855868629	-0.8554333680915724	0.00038812741558870277	0.02
20000000.0	0.46523084843085794	0.1091572264362383	0.7645817141231314	0.003775680235867711	-0.7611020884198807	0.0025121619550872313	-0.8347910341104058	0.0007293434320759256	0.02
20000000.0	0.6055799207028438	0.02827859464624486	0.7972607272284252	0.0018978534065961187	-0.7868571912043223	0.0014153901532163525	-0.8452815276623313	0.0005352495417911209	0.02
20000000.0	0.576724711069651	0.039075726291203934	0.7862773831728245	0.0024221405657185425	-0.8031910659637839	0.000944252957431222	-0.8616669733100916	0.00031479682378575825	0.02
20000000.0	0.42675728036441857	0.14586246624053448	0.71764541462756	0.008592870871812496	-0.7711035623916374	0.0020275651927130016	-0.835563927539656	0.0007134212588131841	0.02
20000000.0	0.5057516065912327	0.07785718301523292	0.7680460333932633	0.003528192631331355	-0.744034655949476	0.0035423662553718304	-0.8256583427114524	0.0009390891984640269	0.02
20000000.0	0.4570558512069631	0.11636874608492616	0.7432327807686533	0.005603578496902873	-0.7700187391763804	0.0020762780219489474	-0.8333692812770624	0.0007593491118109166	0.02
20000000.0	0.48740571325772986	0.09113273460034987	0.7800534914715936	0.00276456655046682	-0.7703554190288158	0.0020610631491627673	-0.8524683643843493	0.00042735448761444054	0.02
20000000.0	0.4981504947379643	0.0831825418013046	0.7472148942851725	0.005220500279263356	-0.7579147859722634	0.002684129546088203	-0.8321168745078914	0.0007865634675673067	0.02
20000000.0	0.5300367173690943	0.062438315186399966	0.7929114922905522	0.002093832391776348	-0.7951130799256758	0.0011586039300261518	-0.8531541046605833	0.00041802006758613836	0.02
20000000.0	0.42263855609844514	0.15021586438227152	0.7658077019637662	0.0036866386961066856	-0.7520868437768771	0.0030221088541896144	-0.838975609264616	0.000646323591257444	0.02
20000000.0	0.6038153395706432	0.028867269423024235	0.7872161652273406	0.002373443504172783	-0.8025264142262211	0.000960609916765853	-0.8401425523674182	0.0006245327148959883	0.02
20000000.0	0.5050837577366994	0.07831531229969205	0.7450224278436844	0.005428883109107609	-0.7720558811843687	0.0019855414825602114	-0.8369776355229612	0.0006849946918629226	0.02
20000000.0	0.48287908832966087	0.09463305339153269	0.7839321422805275	0.002547128466230808	-0.7654671243373109	0.0022906981863410913	-0.8466101782074175	0.0005138653209846528	0.02
20000000.0	0.5182252141051531	0.06963993569992417	0.7651562051092874	0.0037337551092294793	-0.7817477796755729	0.0015953494343127572	-0.8401795980549011	0.000623850389070643	0.02
20000000.0	0.5350118237233437	0.059568586739520264	0.7983234034174707	0.0018521807347078002	-0.7849870591601573	0.0014793079106865971	-0.8496431332793325	0.00046753258858974047	0.02
20000000.0	0.3852212855192355	0.1936512139144604	0.7382506432423214	0.006112246421093289	-0.732430445400946	0.0044110400404861645	-0.8245339611911375	0.0009678209102904102	0.02
20000000.0	0.5315019477644887	0.061583211173813615	0.8032301357469315	0.0016521084902688925	-0.7730801546608116	0.0019411045125203605	-0.8428077477620485	0.0005768972692704699	0.02
20000000.0	0.4203695034867122	0.15264998769905586	0.7307165709196715	0.006946473094949799	-0.7569688646365262	0.0027368857296516053	-0.8463399341756612	0.0005181601590449096	0.02
20000000.0	0.4777110847647448	0.09874059147552647	0.7554525645824789	0.0044910410740760616	-0.7602447816667741	0.0025575490061296494	-0.8332114947546171	0.0007627370715923253	0.02
20000000.0	0.5736628203613471	0.040374808801199785	0.8055216291296783	0.0015645620765507838	-0.7957738045729987	0.0011397572308205668	-0.836333065056017	0.00069784471536639	0.02
20000000.0	0.4436115162874724	0.1289116890158702	0.7269018775056878	0.007400074312034218	-0.7423917049915061	0.003656539980570116	-0.8137682123343727	0.0012786031832827853	0.02
20000000.0	0.4867818384274403	0.09160979192118761	0.7876944965442406	0.0023489206043939255	-0.7825283081074774	0.0015667588415655485	-0.8572828882349071	0.00036511513207305475	0.02
20000000.0	0.47654648154336987	0.09968273433883942	0.7533826164624573	0.004666587071595503	-0.7458996858790522	0.0034161253050131266	-0.8193802982340953	0.0011082974520718416	0.02
20000000.0	0.5624792136715145	0.04538590777864978	0.7654022009958349	0.003715911262233701	-0.7910935390660196	0.001278594721623316	-0.8537127997278654	0.0004105327655212075	0.02
20000000.0	0.4657350863732971	0.10872256053888217	0.7728313390051295	0.0032068325372437323	-0.7768544212470695	0.001784021411223611	-0.8613052199628555	0.0003187316630568664	0.02
20000000.0	0.5212818760374056	0.0677230409782425	0.7757756959728473	0.0030204836172783634	-0.7902097502610872	0.0013062383231118276	-0.8665961889572726	0.0002648520030716674	0.02
20000000.0	0.5832315929352363	0.036416028643245994	0.7851705833246798	0.002480528791961259	-0.8064105695134592	0.0008680962696280531	-0.8620759984934246	0.0003103934623627558	0.02
20000000.0	0.5540601505729951	0.04944266402338293	0.7530058768996883	0.004699087074835457	-0.7706250222223754	0.002048942353919462	-0.8329881670012775	0.0007675522807375818	0.02
20000000.0	0.4742686816537962	0.10154310438631996	0.7411074471609796	0.005816506221430863	-0.7861811350670573	0.0014382416109510721	-0.8484359612805858	0.00048556767595001206	0.02
20000000.0	0.42549894136635985	0.14718363435446344	0.7466343115136959	0.005275083832884223	-0.7508883650298062	0.0030955284986578474	-0.8418368771540093	0.0005939114784335675	0.02
20000000.0	0.5314773183983008	0.0615975159963398	0.7919938964696771	0.0021370851902707696	-0.7724296301218645	0.0019692357853167267	-0.8401787316983889	0.0006238663394584935	0.02
20000000.0	0.3916319023739438	0.1857069602723845	0.7056910125484843	0.010339066916490539	-0.7400612101092129	0.00382335323817566	-0.8165077859926814	0.0011931264357323695	0.02
20000000.0	0.47886696808303475	0.09781152711630293	0.8389993049044933	0.0006458753385378874	-0.7660982135452332	0.002259981459048865	-0.8645855471273713	0.00028441590778088225	0.02
20000000.0	0.4151578464102323	0.15833749649940787	0.7443159941496382	0.005497343310945133	-0.7446668781752683	0.003499174302833432	-0.8306224787491252	0.0008200157679767194	0.02
20000000.0	0.4897203419251841	0.08937772577882354	0.781756264299267	0.0026674350639773405	-0.754730597164648	0.002864929325082724	-0.8265203683100173	0.000917510883234136	0.02
20000000.0	0.5249965754241169	0.06544375567522938	0.7786567885775731	0.0028462316287819946	-0.7757420028539979	0.0018292472447232883	-0.841881536609032	0.0005931204075785983	0.02
20000000.0	0.5171119060964582	0.07034746852505866	0.7684885112584895	0.0034974929552429234	-0.7991437224328747	0.001047344531385486	-0.8610704106260213	0.00032130613170741265	0.02
20000000.0	0.5302703315321238	0.062301420011587796	0.744514876536978	0.005478004259714879	-0.7925233070138386	0.001234847449099537	-0.8468735223732984	0.0005097067524245517	0.02
20000000.0	0.4312317600796886	0.1412275363105846	0.7519844951881918	0.0047880589976741425	-0.74797005468676	0.003280096707964693	-0.8491467750290804	0.0004748840630910671	0.02
20000000.0	0.4592485892960797	0.11440390297276365	0.7670558902477181	0.003597631076317804	-0.7826115487526744	0.0015637335806500006	-0.8524805595893826	0.00042718708299479424	0.02
20000000.0	0.446426890395806	0.12621395635565547	0.7632858438880302	0.0038715608756468576	-0.7510178651111906	0.0030875292357469895	-0.8412719596971447	0.0006039888317698253	0.02
20000000.0	0.5079937284171158	0.07633277702709627	0.7610136982301803	0.004044118980960774	-0.780239107884022	0.0016517678943242142	-0.8586229568887138	0.00034911545695546446	0.02
20000000.0	0.5094904284931314	0.07532682888592	0.8127714703818135	0.001310843217484904	-0.7802827745166241	0.0016501133119075097	-0.8589214662383374	0.0003456269096249983	0.02
20000000.0	0.4197732222857886	0.15329387810119516	0.7183897034530516	0.00849198237999152	-0.7497396383268987	0.0031671916496307825	-0.8276800518150026	0.0008890875643239364	0.02
20000000.0	0.49330857377530274	0.08670323699821228	0.7943869901387481	0.002025689374253718	-0.7527221388125526	0.0029837422578500943	-0.8352679441336992	0.0007194866331521266	0.02
20000000.0	0.4760275999684313	0.10010446621146436	0.7772564753882434	0.002929939738889564	-0.7815154851243269	0.001603936665961501	-0.8449901897128003	0.000540029401135352	0.02
20000000.0	0.42115208547234156	0.15180759507079067	0.7527737289848719	0.004719198674768789	-0.7649746554974286	0.002314893008796807	-0.864747653347043	0.00028279810621780654	0.02
20000000.0	0.4888274383304652	0.09005196836462018	0.7963725414980743	0.0019366840837903214	-0.7755602164503481	0.001836722191403722	-0.8520933178932073	0.0004325277135308784	0.02
20000000.0	0.5227871957266597	0.06679278233617066	0.8080635325547766	0.001471662161090684	-0.7906967992367777	0.0012909468021198322	-0.870398030198386	0.00023073634236376244	0.02
20000000.0	0.46698880541629334	0.1076468982304566	0.7546365421917638	0.004559638087054441	-0.7645070029819668	0.002338052408799121	-0.8385471868991232	0.000654469724545306	0.02
20000000.0	0.505279554677177	0.0781808063055425	0.7422931525867468	0.005696978243522791	-0.7838294226423081	0.0015199921532639666	-0.8383744825374086	0.0006577759536860651	0.02
20000000.0	0.4321172193523166	0.14032193990366001	0.7392898592058981	0.0060033865372252785	-0.7388666949565856	0.003911103750445062	-0.8142279848333109	0.00126393888121275	0.02
20000000.0	0.5510846228593681	0.05093660601382792	0.7957486258844926	0.001964322712843172	-0.7975237698272114	0.001091002249080469	-0.8423356984401557	0.0005851219312849454	0.02
20000000.0	0.49445037233066835	0.08586390808812543	0.7646279452142333	0.0037722932391213685	-0.770011448097973	0.0020766084787374405	-0.8557166645549146	0.00038453136511638675	0.02
20000000.0	0.5418812523169575	0.05576152289948551	0.7529120602496069	0.004707206847986955	-0.761897346591601	0.002470622438009359	-0.8163167849460073	0.001198939012334937	0.02
20000000.0	0.4980257975801824	0.08327195009143132	0.7837431221411223	0.0025574121904162763	-0.7780814422664544	0.0017351547963054008	-0.8399978802003717	0.0006272028958372165	0.02
20000000.0	0.5020375235528706	0.0804287420350674	0.7500547675613509	0.004959624293459392	-0.7911492804771509	0.001276866725356007	-0.85777202618525	0.00035921040722857497	0.02
20000000.0	0.46392062228398623	0.11029216043675912	0.7929479757170205	0.0020921266226374565	-0.7552056825938391	0.0028373702252476717	-0.8460776893795033	0.0005223544354395195	0.02
20000000.0	0.4819790898071184	0.09533980787890828	0.7980404557799554	0.0018642583634313743	-0.7937494964372096	0.0011982725961165262	-0.8644692938546202	0.0002855805341024086	0.02
20000000.0	0.4602813477116039	0.1134862593867423	0.7655387836587422	0.003706031920020488	-0.763333621829967	0.002396956100527343	-0.8464267830769894	0.0005167768935660084	0.02
20000000.0	0.4763750738283145	0.09982191536419249	0.7525228052160241	0.004741009968693187	-0.7680540099983436	0.002166821644050864	-0.8556175084262143	0.0003857870538609183	0.02
20000000.0	0.5385205540785155	0.05760173823561183	0.7830540176013271	0.0025951716829370215	-0.7797928656152675	0.0016687510608483487	-0.8536038961744363	0.0004119839857043979	0.02
20000000.0	0.45683653091797716	0.11656651000003443	0.7821695705249382	0.0026442563590533914	-0.7686308007514423	0.0021399275388778683	-0.8486503078528509	0.0004823265815283088	0.02
20000000.0	0.530481653578684	0.06217777052454842	0.7994217534430657	0.0018058645555724074	-0.7971483632901181	0.0011013205450688432	-0.8820163477707569	0.00014722790266526132	0.02
20000000.0	0.3497666042504326	0.24139650401067309	0.7294133435140037	0.007099022520733355	-0.7595430402096909	0.002595172730159224	-0.8536020231286767	0.00041200898023677977	0.02
20000000.0	0.5040803251914154	0.07900716288721571	0.7793302487119625	0.002806628330157277	-0.7804942696529578	0.0016421178363552448	-0.8535835724222985	0.0004122552554387538	0.02
20000000.0	0.5256314933127122	0.06505965708410698	0.817136542585085	0.0011741451160486882	-0.7839227318395906	0.001516680781943709	-0.8755916374652255	0.0001897819409070913	0.02
20000000.0	0.48609868897454245	0.09213413833926894	0.7459640747881271	0.005338630352973543	-0.7611548439631735	0.002509389611162352	-0.8263403895772159	0.0009219841963679593	0.02
20000000.0	0.5029344694997864	0.07980239231167885	0.8336330731961847	0.00075371102276912	-0.7682487703177951	0.002157711234568768	-0.8483787778340012	0.00048643518508658366	0.02
